idElement,idModel,idProject,last_updated,Compounds_0_Material_ADSK,Compounds_0_Material_ADSK_1
5160308,852,194,2026-04-06 14:29:57,,
5160309,852,194,2026-04-06 14:29:57,,
5160310,852,194,2026-04-06 14:29:57,,
5160311,852,194,2026-04-06 14:29:57,,
5160312,852,194,2026-04-06 14:29:57,,
5160313,852,194,2026-04-06 14:29:57,,
5160314,852,194,2026-04-06 14:29:57,,
5160315,852,194,2026-04-06 14:29:57,,
5160316,852,194,2026-04-06 14:29:57,,
5160317,852,194,2026-04-06 14:29:57,,
5160318,852,194,2026-04-06 14:29:57,,
5160319,852,194,2026-04-06 14:29:57,,
5160320,852,194,2026-04-06 14:29:57,,
5160321,852,194,2026-04-06 14:29:57,,
5160322,852,194,2026-04-06 14:29:57,,
5160323,852,194,2026-04-06 14:29:57,,
5160324,852,194,2026-04-06 14:29:57,,
5160325,852,194,2026-04-06 14:29:57,,
5160326,852,194,2026-04-06 14:29:57,,
5160327,852,194,2026-04-06 14:29:57,,
5160328,852,194,2026-04-06 14:29:57,,
5160329,852,194,2026-04-06 14:29:57,,
5160330,852,194,2026-04-06 14:29:57,,
5160331,852,194,2026-04-06 14:29:57,,
5160332,852,194,2026-04-06 14:29:57,,
5160333,852,194,2026-04-06 14:29:57,,
5160334,852,194,2026-04-06 14:29:57,,
5160335,852,194,2026-04-06 14:29:57,,
5160336,852,194,2026-04-06 14:29:57,,
5160337,852,194,2026-04-06 14:29:57,,
5160338,852,194,2026-04-06 14:29:57,,
5160339,852,194,2026-04-06 14:29:57,,
5160340,852,194,2026-04-06 14:29:57,,
5160341,852,194,2026-04-06 14:29:57,,
5160342,852,194,2026-04-06 14:29:57,,
5160343,852,194,2026-04-06 14:29:57,,
5160344,852,194,2026-04-06 14:29:57,,
5160345,852,194,2026-04-06 14:29:57,,
5160346,852,194,2026-04-06 14:29:57,,
5160347,852,194,2026-04-06 14:29:57,,
5160348,852,194,2026-04-06 14:29:57,,
5160349,852,194,2026-04-06 14:29:57,,
5160350,852,194,2026-04-06 14:29:57,,
5160351,852,194,2026-04-06 14:29:57,,
5160352,852,194,2026-04-06 14:29:57,,
5160353,852,194,2026-04-06 14:29:57,,
5160354,852,194,2026-04-06 14:29:57,,
5160355,852,194,2026-04-06 14:29:57,,
5160356,852,194,2026-04-06 14:29:57,,
5160357,852,194,2026-04-06 14:29:57,,
5160358,852,194,2026-04-06 14:29:57,,
5160359,852,194,2026-04-06 14:29:57,,
5160360,852,194,2026-04-06 14:29:57,,
5160361,852,194,2026-04-06 14:29:57,,
5160362,852,194,2026-04-06 14:29:57,,
5160363,852,194,2026-04-06 14:29:57,,
5160364,852,194,2026-04-06 14:29:57,,
5160365,852,194,2026-04-06 14:29:57,,
5160366,852,194,2026-04-06 14:29:57,,
5160367,852,194,2026-04-06 14:29:57,,
5160368,852,194,2026-04-06 14:29:57,,
5160369,852,194,2026-04-06 14:29:57,,
5160370,852,194,2026-04-06 14:29:57,,
5160371,852,194,2026-04-06 14:29:57,,
5160372,852,194,2026-04-06 14:29:57,,
5160373,852,194,2026-04-06 14:29:57,,
5160374,852,194,2026-04-06 14:29:57,,
5160375,852,194,2026-04-06 14:29:57,,
5160376,852,194,2026-04-06 14:29:57,,
5160377,852,194,2026-04-06 14:29:57,,
5160378,852,194,2026-04-06 14:29:57,,
5160379,852,194,2026-04-06 14:29:57,,
5160380,852,194,2026-04-06 14:29:57,,
5160381,852,194,2026-04-06 14:29:57,,
5160382,852,194,2026-04-06 14:29:57,,
5160383,852,194,2026-04-06 14:29:57,,
5160384,852,194,2026-04-06 14:29:57,,
5160385,852,194,2026-04-06 14:29:57,,
5160386,852,194,2026-04-06 14:29:57,,
5160387,852,194,2026-04-06 14:29:57,,
5160388,852,194,2026-04-06 14:29:57,,
5160389,852,194,2026-04-06 14:29:57,,
5160390,852,194,2026-04-06 14:29:57,,
5160391,852,194,2026-04-06 14:29:57,,
5160392,852,194,2026-04-06 14:29:57,,
5160393,852,194,2026-04-06 14:29:57,,
5160394,852,194,2026-04-06 14:29:57,,
5160395,852,194,2026-04-06 14:29:57,,
5160396,852,194,2026-04-06 14:29:57,,
5160397,852,194,2026-04-06 14:29:57,,
5160398,852,194,2026-04-06 14:29:57,,
5160399,852,194,2026-04-06 14:29:57,,
5160400,852,194,2026-04-06 14:29:57,,
5160401,852,194,2026-04-06 14:29:57,,
5160402,852,194,2026-04-06 14:29:57,,
5160403,852,194,2026-04-06 14:29:57,,
5160404,852,194,2026-04-06 14:29:57,,
5160405,852,194,2026-04-06 14:29:57,,
5160406,852,194,2026-04-06 14:29:57,,
5160407,852,194,2026-04-06 14:29:57,,
5160408,852,194,2026-04-06 14:29:57,,
5160409,852,194,2026-04-06 14:29:57,,
5160410,852,194,2026-04-06 14:29:57,,
5160411,852,194,2026-04-06 14:29:57,,
5160412,852,194,2026-04-06 14:29:57,,
5160413,852,194,2026-04-06 14:29:57,,
5160414,852,194,2026-04-06 14:29:57,,
5160415,852,194,2026-04-06 14:29:57,,
5160416,852,194,2026-04-06 14:29:57,,
5160417,852,194,2026-04-06 14:29:57,,
5160418,852,194,2026-04-06 14:29:57,,
5160419,852,194,2026-04-06 14:29:57,,
5160420,852,194,2026-04-06 14:29:57,,
5160421,852,194,2026-04-06 14:29:57,,
5160422,852,194,2026-04-06 14:29:57,,
5160423,852,194,2026-04-06 14:29:57,,
5160424,852,194,2026-04-06 14:29:57,,
5160425,852,194,2026-04-06 14:29:57,,
5160426,852,194,2026-04-06 14:29:57,,
5160427,852,194,2026-04-06 14:29:57,,
5160428,852,194,2026-04-06 14:29:57,,
5160429,852,194,2026-04-06 14:29:57,,
5160430,852,194,2026-04-06 14:29:57,,
5160431,852,194,2026-04-06 14:29:57,,
5160432,852,194,2026-04-06 14:29:57,,
5160433,852,194,2026-04-06 14:29:57,,
5160434,852,194,2026-04-06 14:29:57,,
5160435,852,194,2026-04-06 14:29:57,,
5160436,852,194,2026-04-06 14:29:57,,
5160437,852,194,2026-04-06 14:29:57,,
5160438,852,194,2026-04-06 14:29:57,,
5160439,852,194,2026-04-06 14:29:57,,
5160440,852,194,2026-04-06 14:29:57,,
5160441,852,194,2026-04-06 14:29:57,,
5160442,852,194,2026-04-06 14:29:57,,
5160443,852,194,2026-04-06 14:29:57,,
5160444,852,194,2026-04-06 14:29:57,,
5160445,852,194,2026-04-06 14:29:57,,
5160446,852,194,2026-04-06 14:29:57,,
5160447,852,194,2026-04-06 14:29:57,,
5160448,852,194,2026-04-06 14:29:57,,
5160449,852,194,2026-04-06 14:29:57,,
5160450,852,194,2026-04-06 14:29:57,,
5160451,852,194,2026-04-06 14:29:57,,
5160452,852,194,2026-04-06 14:29:57,,
5160453,852,194,2026-04-06 14:29:57,,
5160454,852,194,2026-04-06 14:29:57,,
5160455,852,194,2026-04-06 14:29:57,,
5160456,852,194,2026-04-06 14:29:57,,
5160457,852,194,2026-04-06 14:29:57,,
5160458,852,194,2026-04-06 14:29:57,,
5160459,852,194,2026-04-06 14:29:57,,
5160460,852,194,2026-04-06 14:29:57,,
5160461,852,194,2026-04-06 14:29:57,,
5160462,852,194,2026-04-06 14:29:57,,
5160463,852,194,2026-04-06 14:29:57,,
5160464,852,194,2026-04-06 14:29:57,,
5160465,852,194,2026-04-06 14:29:57,,
5160466,852,194,2026-04-06 14:29:57,,
5160467,852,194,2026-04-06 14:29:57,,
5160468,852,194,2026-04-06 14:29:57,,
5160469,852,194,2026-04-06 14:29:57,,
5160470,852,194,2026-04-06 14:29:57,,
5160471,852,194,2026-04-06 14:29:57,,
5160472,852,194,2026-04-06 14:29:57,,
5160473,852,194,2026-04-06 14:29:57,,
5160474,852,194,2026-04-06 14:29:57,,
5160475,852,194,2026-04-06 14:29:57,,
5160476,852,194,2026-04-06 14:29:57,,
5160477,852,194,2026-04-06 14:29:57,,
5160478,852,194,2026-04-06 14:29:57,,
5160479,852,194,2026-04-06 14:29:57,,
5160480,852,194,2026-04-06 14:29:57,,
5160481,852,194,2026-04-06 14:29:57,,
5160482,852,194,2026-04-06 14:29:57,,
5160483,852,194,2026-04-06 14:29:57,,
5160484,852,194,2026-04-06 14:29:57,,
5160485,852,194,2026-04-06 14:29:57,,
5160486,852,194,2026-04-06 14:29:57,,
5160487,852,194,2026-04-06 14:29:57,,
5160488,852,194,2026-04-06 14:29:57,,
5160489,852,194,2026-04-06 14:29:57,,
5160490,852,194,2026-04-06 14:29:57,,
5160491,852,194,2026-04-06 14:29:57,,
5160492,852,194,2026-04-06 14:29:57,,
5160493,852,194,2026-04-06 14:29:57,,
5160494,852,194,2026-04-06 14:29:57,,
5160495,852,194,2026-04-06 14:29:57,,
5160496,852,194,2026-04-06 14:29:57,,
5160497,852,194,2026-04-06 14:29:57,,
5160498,852,194,2026-04-06 14:29:57,,
5160499,852,194,2026-04-06 14:29:57,,
5160500,852,194,2026-04-06 14:29:57,,
5160501,852,194,2026-04-06 14:29:57,,
5160533,852,194,2026-04-06 14:29:57,,
5160502,852,194,2026-04-06 14:29:57,,
5160503,852,194,2026-04-06 14:29:57,,
5160504,852,194,2026-04-06 14:29:57,,
5160505,852,194,2026-04-06 14:29:57,,
5160506,852,194,2026-04-06 14:29:57,,
5159709,852,194,2026-04-06 14:29:57,,
5159710,852,194,2026-04-06 14:29:57,,
5159711,852,194,2026-04-06 14:29:57,,
5159712,852,194,2026-04-06 14:29:57,,
5159713,852,194,2026-04-06 14:29:57,,
5159714,852,194,2026-04-06 14:29:57,,
5159715,852,194,2026-04-06 14:29:57,,
5159716,852,194,2026-04-06 14:29:57,,
5159717,852,194,2026-04-06 14:29:57,,
5159718,852,194,2026-04-06 14:29:57,,
5159719,852,194,2026-04-06 14:29:57,,
5159720,852,194,2026-04-06 14:29:57,,
5159721,852,194,2026-04-06 14:29:57,,
5159722,852,194,2026-04-06 14:29:57,,
5159723,852,194,2026-04-06 14:29:57,,
5159724,852,194,2026-04-06 14:29:57,,
5159725,852,194,2026-04-06 14:29:57,,
5159726,852,194,2026-04-06 14:29:57,,
5159727,852,194,2026-04-06 14:29:57,,
5159728,852,194,2026-04-06 14:29:57,,
5159729,852,194,2026-04-06 14:29:57,,
5159730,852,194,2026-04-06 14:29:57,,
5159731,852,194,2026-04-06 14:29:57,,
5159732,852,194,2026-04-06 14:29:57,,
5159733,852,194,2026-04-06 14:29:57,,
5159734,852,194,2026-04-06 14:29:57,,
5159735,852,194,2026-04-06 14:29:57,,
5159736,852,194,2026-04-06 14:29:57,,
5159737,852,194,2026-04-06 14:29:57,,
5159738,852,194,2026-04-06 14:29:57,,
5159739,852,194,2026-04-06 14:29:57,,
5159740,852,194,2026-04-06 14:29:57,,
5159741,852,194,2026-04-06 14:29:57,,
5159742,852,194,2026-04-06 14:29:57,,
5159743,852,194,2026-04-06 14:29:57,,
5159744,852,194,2026-04-06 14:29:57,,
5159745,852,194,2026-04-06 14:29:57,,
5159746,852,194,2026-04-06 14:29:57,,
5159747,852,194,2026-04-06 14:29:57,,
5159748,852,194,2026-04-06 14:29:57,,
5159749,852,194,2026-04-06 14:29:57,,
5159750,852,194,2026-04-06 14:29:57,,
5159751,852,194,2026-04-06 14:29:57,,
5159752,852,194,2026-04-06 14:29:57,,
5159753,852,194,2026-04-06 14:29:57,,
5159754,852,194,2026-04-06 14:29:57,,
5159755,852,194,2026-04-06 14:29:57,,
5159756,852,194,2026-04-06 14:29:57,,
5159757,852,194,2026-04-06 14:29:57,,
5159758,852,194,2026-04-06 14:29:57,,
5159759,852,194,2026-04-06 14:29:57,,
5159760,852,194,2026-04-06 14:29:57,,
5159761,852,194,2026-04-06 14:29:57,,
5159762,852,194,2026-04-06 14:29:57,,
5159763,852,194,2026-04-06 14:29:57,,
5159764,852,194,2026-04-06 14:29:57,,
5159765,852,194,2026-04-06 14:29:57,,
5159766,852,194,2026-04-06 14:29:57,,
5159767,852,194,2026-04-06 14:29:57,,
5159768,852,194,2026-04-06 14:29:57,,
5159769,852,194,2026-04-06 14:29:57,,
5159770,852,194,2026-04-06 14:29:57,,
5159771,852,194,2026-04-06 14:29:57,,
5159772,852,194,2026-04-06 14:29:57,,
5159773,852,194,2026-04-06 14:29:57,,
5159774,852,194,2026-04-06 14:29:57,,
5159775,852,194,2026-04-06 14:29:57,,
5159776,852,194,2026-04-06 14:29:57,,
5159777,852,194,2026-04-06 14:29:57,,
5159778,852,194,2026-04-06 14:29:57,,
5159779,852,194,2026-04-06 14:29:57,,
5159780,852,194,2026-04-06 14:29:57,,
5159781,852,194,2026-04-06 14:29:57,,
5159782,852,194,2026-04-06 14:29:57,,
5159783,852,194,2026-04-06 14:29:57,,
5159784,852,194,2026-04-06 14:29:57,,
5159785,852,194,2026-04-06 14:29:57,,
5159786,852,194,2026-04-06 14:29:57,,
5159787,852,194,2026-04-06 14:29:57,,
5159788,852,194,2026-04-06 14:29:57,,
5159789,852,194,2026-04-06 14:29:57,,
5159790,852,194,2026-04-06 14:29:57,,
5159791,852,194,2026-04-06 14:29:57,,
5159792,852,194,2026-04-06 14:29:57,,
5159793,852,194,2026-04-06 14:29:57,,
5159794,852,194,2026-04-06 14:29:57,,
5159795,852,194,2026-04-06 14:29:57,,
5159796,852,194,2026-04-06 14:29:57,,
5159797,852,194,2026-04-06 14:29:57,,
5159798,852,194,2026-04-06 14:29:57,,
5159799,852,194,2026-04-06 14:29:57,,
5159800,852,194,2026-04-06 14:29:57,,
5159801,852,194,2026-04-06 14:29:57,,
5159802,852,194,2026-04-06 14:29:57,,
5159803,852,194,2026-04-06 14:29:57,,
5159804,852,194,2026-04-06 14:29:57,,
5159805,852,194,2026-04-06 14:29:57,,
5159806,852,194,2026-04-06 14:29:57,,
5159807,852,194,2026-04-06 14:29:57,,
5159808,852,194,2026-04-06 14:29:57,,
5159809,852,194,2026-04-06 14:29:57,,
5159810,852,194,2026-04-06 14:29:57,,
5159811,852,194,2026-04-06 14:29:57,,
5159812,852,194,2026-04-06 14:29:57,,
5159813,852,194,2026-04-06 14:29:57,,
5159814,852,194,2026-04-06 14:29:57,,
5159815,852,194,2026-04-06 14:29:57,,
5159816,852,194,2026-04-06 14:29:57,,
5159817,852,194,2026-04-06 14:29:57,,
5159818,852,194,2026-04-06 14:29:57,,
5159819,852,194,2026-04-06 14:29:57,,
5159820,852,194,2026-04-06 14:29:57,,
5159821,852,194,2026-04-06 14:29:57,,
5159822,852,194,2026-04-06 14:29:57,,
5159823,852,194,2026-04-06 14:29:57,,
5159824,852,194,2026-04-06 14:29:57,,
5159825,852,194,2026-04-06 14:29:57,,
5159826,852,194,2026-04-06 14:29:57,,
5159827,852,194,2026-04-06 14:29:57,,
5159828,852,194,2026-04-06 14:29:57,,
5159829,852,194,2026-04-06 14:29:57,,
5159830,852,194,2026-04-06 14:29:57,,
5159831,852,194,2026-04-06 14:29:57,,
5159832,852,194,2026-04-06 14:29:57,,
5159833,852,194,2026-04-06 14:29:57,,
5159834,852,194,2026-04-06 14:29:57,,
5159835,852,194,2026-04-06 14:29:57,,
5159836,852,194,2026-04-06 14:29:57,,
5159837,852,194,2026-04-06 14:29:57,,
5159838,852,194,2026-04-06 14:29:57,,
5159839,852,194,2026-04-06 14:29:57,,
5159840,852,194,2026-04-06 14:29:57,,
5159841,852,194,2026-04-06 14:29:57,,
5159842,852,194,2026-04-06 14:29:57,,
5159843,852,194,2026-04-06 14:29:57,,
5159844,852,194,2026-04-06 14:29:57,,
5159845,852,194,2026-04-06 14:29:57,,
5159846,852,194,2026-04-06 14:29:57,,
5159847,852,194,2026-04-06 14:29:57,,
5159848,852,194,2026-04-06 14:29:57,,
5159849,852,194,2026-04-06 14:29:57,,
5159850,852,194,2026-04-06 14:29:57,,
5159851,852,194,2026-04-06 14:29:57,,
5159852,852,194,2026-04-06 14:29:57,,
5159853,852,194,2026-04-06 14:29:57,,
5159854,852,194,2026-04-06 14:29:57,,
5159855,852,194,2026-04-06 14:29:57,,
5159856,852,194,2026-04-06 14:29:57,,
5159857,852,194,2026-04-06 14:29:57,,
5159858,852,194,2026-04-06 14:29:57,,
5159859,852,194,2026-04-06 14:29:57,,
5159860,852,194,2026-04-06 14:29:57,,
5159861,852,194,2026-04-06 14:29:57,,
5159862,852,194,2026-04-06 14:29:57,,
5159863,852,194,2026-04-06 14:29:57,,
5159864,852,194,2026-04-06 14:29:57,,
5159865,852,194,2026-04-06 14:29:57,,
5159866,852,194,2026-04-06 14:29:57,,
5159867,852,194,2026-04-06 14:29:57,,
5159868,852,194,2026-04-06 14:29:57,,
5159869,852,194,2026-04-06 14:29:57,,
5159870,852,194,2026-04-06 14:29:57,,
5159871,852,194,2026-04-06 14:29:57,,
5159872,852,194,2026-04-06 14:29:57,,
5159873,852,194,2026-04-06 14:29:57,,
5159874,852,194,2026-04-06 14:29:57,,
5159875,852,194,2026-04-06 14:29:57,,
5159876,852,194,2026-04-06 14:29:57,,
5159877,852,194,2026-04-06 14:29:57,,
5159878,852,194,2026-04-06 14:29:57,,
5159879,852,194,2026-04-06 14:29:57,,
5159880,852,194,2026-04-06 14:29:57,,
5159881,852,194,2026-04-06 14:29:57,,
5159882,852,194,2026-04-06 14:29:57,,
5159883,852,194,2026-04-06 14:29:57,,
5159884,852,194,2026-04-06 14:29:57,,
5159885,852,194,2026-04-06 14:29:57,,
5159886,852,194,2026-04-06 14:29:57,,
5159887,852,194,2026-04-06 14:29:57,,
5159888,852,194,2026-04-06 14:29:57,,
5159889,852,194,2026-04-06 14:29:57,,
5159890,852,194,2026-04-06 14:29:57,,
5159891,852,194,2026-04-06 14:29:57,,
5159892,852,194,2026-04-06 14:29:57,,
5159893,852,194,2026-04-06 14:29:57,,
5159894,852,194,2026-04-06 14:29:57,,
5159895,852,194,2026-04-06 14:29:57,,
5159896,852,194,2026-04-06 14:29:57,,
5161226,852,194,2026-04-06 14:29:57,,
5159897,852,194,2026-04-06 14:29:57,,
5159898,852,194,2026-04-06 14:29:57,,
5159899,852,194,2026-04-06 14:29:57,,
5159900,852,194,2026-04-06 14:29:57,,
5159901,852,194,2026-04-06 14:29:57,,
5159902,852,194,2026-04-06 14:29:57,,
5159903,852,194,2026-04-06 14:29:57,,
5159904,852,194,2026-04-06 14:29:57,,
5159905,852,194,2026-04-06 14:29:57,,
5159906,852,194,2026-04-06 14:29:57,,
5159907,852,194,2026-04-06 14:29:57,,
5160706,852,194,2026-04-06 14:29:57,,
5160707,852,194,2026-04-06 14:29:57,,
5160708,852,194,2026-04-06 14:29:57,,
5160709,852,194,2026-04-06 14:29:57,,
5160710,852,194,2026-04-06 14:29:57,,
5160711,852,194,2026-04-06 14:29:57,,
5160712,852,194,2026-04-06 14:29:57,,
5160713,852,194,2026-04-06 14:29:57,,
5160714,852,194,2026-04-06 14:29:57,,
5160715,852,194,2026-04-06 14:29:57,,
5160716,852,194,2026-04-06 14:29:57,,
5160967,852,194,2026-04-06 14:29:57,,
5160717,852,194,2026-04-06 14:29:57,,
5160718,852,194,2026-04-06 14:29:57,,
5160719,852,194,2026-04-06 14:29:57,,
5160720,852,194,2026-04-06 14:29:57,,
5160721,852,194,2026-04-06 14:29:57,,
5160722,852,194,2026-04-06 14:29:57,,
5160723,852,194,2026-04-06 14:29:57,,
5160724,852,194,2026-04-06 14:29:57,,
5160725,852,194,2026-04-06 14:29:57,,
5160726,852,194,2026-04-06 14:29:57,,
5160727,852,194,2026-04-06 14:29:57,,
5160728,852,194,2026-04-06 14:29:57,,
5160729,852,194,2026-04-06 14:29:57,,
5160730,852,194,2026-04-06 14:29:57,,
5160731,852,194,2026-04-06 14:29:57,,
5160732,852,194,2026-04-06 14:29:57,,
5160733,852,194,2026-04-06 14:29:57,,
5160734,852,194,2026-04-06 14:29:57,,
5160735,852,194,2026-04-06 14:29:57,,
5160736,852,194,2026-04-06 14:29:57,,
5160737,852,194,2026-04-06 14:29:57,,
5160738,852,194,2026-04-06 14:29:57,,
5160739,852,194,2026-04-06 14:29:57,,
5160740,852,194,2026-04-06 14:29:57,,
5160741,852,194,2026-04-06 14:29:57,,
5160742,852,194,2026-04-06 14:29:57,,
5160743,852,194,2026-04-06 14:29:57,,
5160744,852,194,2026-04-06 14:29:57,,
5160745,852,194,2026-04-06 14:29:57,,
5160746,852,194,2026-04-06 14:29:57,,
5160747,852,194,2026-04-06 14:29:57,,
5160748,852,194,2026-04-06 14:29:57,,
5160749,852,194,2026-04-06 14:29:57,,
5160750,852,194,2026-04-06 14:29:57,,
5160751,852,194,2026-04-06 14:29:57,,
5160752,852,194,2026-04-06 14:29:57,,
5160753,852,194,2026-04-06 14:29:57,,
5160754,852,194,2026-04-06 14:29:57,,
5160755,852,194,2026-04-06 14:29:57,,
5160756,852,194,2026-04-06 14:29:57,,
5160757,852,194,2026-04-06 14:29:57,,
5160758,852,194,2026-04-06 14:29:57,,
5160759,852,194,2026-04-06 14:29:57,,
5160760,852,194,2026-04-06 14:29:57,,
5160761,852,194,2026-04-06 14:29:57,,
5160762,852,194,2026-04-06 14:29:57,,
5160763,852,194,2026-04-06 14:29:57,,
5160764,852,194,2026-04-06 14:29:57,,
5160765,852,194,2026-04-06 14:29:57,,
5160766,852,194,2026-04-06 14:29:57,,
5160767,852,194,2026-04-06 14:29:57,,
5160768,852,194,2026-04-06 14:29:57,,
5160769,852,194,2026-04-06 14:29:57,,
5160770,852,194,2026-04-06 14:29:57,,
5160771,852,194,2026-04-06 14:29:57,,
5160772,852,194,2026-04-06 14:29:57,,
5160773,852,194,2026-04-06 14:29:57,,
5160774,852,194,2026-04-06 14:29:57,,
5160775,852,194,2026-04-06 14:29:57,,
5160776,852,194,2026-04-06 14:29:57,,
5160777,852,194,2026-04-06 14:29:57,,
5160778,852,194,2026-04-06 14:29:57,,
5160779,852,194,2026-04-06 14:29:57,,
5160780,852,194,2026-04-06 14:29:57,,
5160781,852,194,2026-04-06 14:29:57,,
5160782,852,194,2026-04-06 14:29:57,,
5160783,852,194,2026-04-06 14:29:57,,
5160784,852,194,2026-04-06 14:29:57,,
5160785,852,194,2026-04-06 14:29:57,,
5160786,852,194,2026-04-06 14:29:57,,
5160787,852,194,2026-04-06 14:29:57,,
5160788,852,194,2026-04-06 14:29:57,,
5160789,852,194,2026-04-06 14:29:57,,
5160790,852,194,2026-04-06 14:29:57,,
5160791,852,194,2026-04-06 14:29:57,,
5160792,852,194,2026-04-06 14:29:57,,
5160793,852,194,2026-04-06 14:29:57,,
5160794,852,194,2026-04-06 14:29:57,,
5160795,852,194,2026-04-06 14:29:57,,
5160796,852,194,2026-04-06 14:29:57,,
5160797,852,194,2026-04-06 14:29:57,,
5160798,852,194,2026-04-06 14:29:57,,
5160799,852,194,2026-04-06 14:29:57,,
5160800,852,194,2026-04-06 14:29:57,,
5160801,852,194,2026-04-06 14:29:57,,
5160802,852,194,2026-04-06 14:29:57,,
5160803,852,194,2026-04-06 14:29:57,,
5160804,852,194,2026-04-06 14:29:57,,
5160805,852,194,2026-04-06 14:29:57,,
5160806,852,194,2026-04-06 14:29:57,,
5160807,852,194,2026-04-06 14:29:57,,
5160808,852,194,2026-04-06 14:29:57,,
5160809,852,194,2026-04-06 14:29:57,,
5160810,852,194,2026-04-06 14:29:57,,
5160811,852,194,2026-04-06 14:29:57,,
5160812,852,194,2026-04-06 14:29:57,,
5160813,852,194,2026-04-06 14:29:57,,
5160814,852,194,2026-04-06 14:29:57,,
5160815,852,194,2026-04-06 14:29:57,,
5160816,852,194,2026-04-06 14:29:57,,
5160817,852,194,2026-04-06 14:29:57,,
5160818,852,194,2026-04-06 14:29:57,,
5160819,852,194,2026-04-06 14:29:57,,
5160820,852,194,2026-04-06 14:29:57,,
5160821,852,194,2026-04-06 14:29:57,,
5160822,852,194,2026-04-06 14:29:57,,
5160823,852,194,2026-04-06 14:29:57,,
5160824,852,194,2026-04-06 14:29:57,,
5160825,852,194,2026-04-06 14:29:57,,
5160826,852,194,2026-04-06 14:29:57,,
5160827,852,194,2026-04-06 14:29:57,,
5160828,852,194,2026-04-06 14:29:57,,
5160829,852,194,2026-04-06 14:29:57,,
5160830,852,194,2026-04-06 14:29:57,,
5160831,852,194,2026-04-06 14:29:57,,
5160832,852,194,2026-04-06 14:29:57,,
5160833,852,194,2026-04-06 14:29:57,,
5160834,852,194,2026-04-06 14:29:57,,
5160835,852,194,2026-04-06 14:29:57,,
5160836,852,194,2026-04-06 14:29:57,,
5160837,852,194,2026-04-06 14:29:57,,
5160838,852,194,2026-04-06 14:29:57,,
5160839,852,194,2026-04-06 14:29:57,,
5160840,852,194,2026-04-06 14:29:57,,
5160841,852,194,2026-04-06 14:29:57,,
5160842,852,194,2026-04-06 14:29:57,,
5160843,852,194,2026-04-06 14:29:57,,
5160844,852,194,2026-04-06 14:29:57,,
5160845,852,194,2026-04-06 14:29:57,,
5160846,852,194,2026-04-06 14:29:57,,
5160847,852,194,2026-04-06 14:29:57,,
5160848,852,194,2026-04-06 14:29:57,,
5160849,852,194,2026-04-06 14:29:57,,
5160850,852,194,2026-04-06 14:29:57,,
5160851,852,194,2026-04-06 14:29:57,,
5160852,852,194,2026-04-06 14:29:57,,
5160853,852,194,2026-04-06 14:29:57,,
5160854,852,194,2026-04-06 14:29:57,,
5160855,852,194,2026-04-06 14:29:57,,
5160856,852,194,2026-04-06 14:29:57,,
5160857,852,194,2026-04-06 14:29:57,,
5160858,852,194,2026-04-06 14:29:57,,
5160859,852,194,2026-04-06 14:29:57,,
5160860,852,194,2026-04-06 14:29:57,,
5160861,852,194,2026-04-06 14:29:57,,
5160862,852,194,2026-04-06 14:29:57,,
5160863,852,194,2026-04-06 14:29:57,,
5160864,852,194,2026-04-06 14:29:57,,
5160865,852,194,2026-04-06 14:29:57,,
5160866,852,194,2026-04-06 14:29:57,,
5160867,852,194,2026-04-06 14:29:57,,
5160868,852,194,2026-04-06 14:29:57,,
5160869,852,194,2026-04-06 14:29:57,,
5160870,852,194,2026-04-06 14:29:57,,
5160871,852,194,2026-04-06 14:29:57,,
5160873,852,194,2026-04-06 14:29:57,,
5160874,852,194,2026-04-06 14:29:57,,
5160875,852,194,2026-04-06 14:29:57,,
5160876,852,194,2026-04-06 14:29:57,,
5160877,852,194,2026-04-06 14:29:57,,
5160878,852,194,2026-04-06 14:29:57,,
5160879,852,194,2026-04-06 14:29:57,,
5160880,852,194,2026-04-06 14:29:57,,
5160881,852,194,2026-04-06 14:29:57,,
5160882,852,194,2026-04-06 14:29:57,,
5160883,852,194,2026-04-06 14:29:57,,
5160884,852,194,2026-04-06 14:29:57,,
5160885,852,194,2026-04-06 14:29:57,,
5160886,852,194,2026-04-06 14:29:57,,
5160887,852,194,2026-04-06 14:29:57,,
5160888,852,194,2026-04-06 14:29:57,,
5160889,852,194,2026-04-06 14:29:57,,
5160890,852,194,2026-04-06 14:29:57,,
5160891,852,194,2026-04-06 14:29:57,,
5160892,852,194,2026-04-06 14:29:57,,
5160893,852,194,2026-04-06 14:29:57,,
5160894,852,194,2026-04-06 14:29:57,,
5160895,852,194,2026-04-06 14:29:57,,
5160896,852,194,2026-04-06 14:29:57,,
5160897,852,194,2026-04-06 14:29:57,,
5160898,852,194,2026-04-06 14:29:57,,
5160899,852,194,2026-04-06 14:29:57,,
5160900,852,194,2026-04-06 14:29:57,,
5160901,852,194,2026-04-06 14:29:57,,
5160902,852,194,2026-04-06 14:29:57,,
5160903,852,194,2026-04-06 14:29:57,,
5160904,852,194,2026-04-06 14:29:57,,
5160905,852,194,2026-04-06 14:29:57,,
5161107,852,194,2026-04-06 14:29:57,,
5161108,852,194,2026-04-06 14:29:57,,
5161109,852,194,2026-04-06 14:29:57,,
5161110,852,194,2026-04-06 14:29:57,,
5161111,852,194,2026-04-06 14:29:57,,
5161112,852,194,2026-04-06 14:29:57,,
5161113,852,194,2026-04-06 14:29:57,,
5161114,852,194,2026-04-06 14:29:57,,
5161115,852,194,2026-04-06 14:29:57,,
5161116,852,194,2026-04-06 14:29:57,,
5161117,852,194,2026-04-06 14:29:57,,
5161118,852,194,2026-04-06 14:29:57,,
5161119,852,194,2026-04-06 14:29:57,,
5161120,852,194,2026-04-06 14:29:57,,
5161121,852,194,2026-04-06 14:29:57,,
5161122,852,194,2026-04-06 14:29:57,,
5161123,852,194,2026-04-06 14:29:57,,
5161124,852,194,2026-04-06 14:29:57,,
5161125,852,194,2026-04-06 14:29:57,,
5161126,852,194,2026-04-06 14:29:57,,
5161127,852,194,2026-04-06 14:29:57,,
5161128,852,194,2026-04-06 14:29:57,,
5161130,852,194,2026-04-06 14:29:57,,
5161131,852,194,2026-04-06 14:29:57,,
5161132,852,194,2026-04-06 14:29:57,,
5161133,852,194,2026-04-06 14:29:57,,
5161134,852,194,2026-04-06 14:29:57,,
5161135,852,194,2026-04-06 14:29:57,,
5161136,852,194,2026-04-06 14:29:57,,
5161137,852,194,2026-04-06 14:29:57,,
5161138,852,194,2026-04-06 14:29:57,,
5161139,852,194,2026-04-06 14:29:57,,
5161140,852,194,2026-04-06 14:29:57,,
5161141,852,194,2026-04-06 14:29:57,,
5161142,852,194,2026-04-06 14:29:57,,
5161143,852,194,2026-04-06 14:29:57,,
5161144,852,194,2026-04-06 14:29:57,,
5161145,852,194,2026-04-06 14:29:57,,
5161146,852,194,2026-04-06 14:29:57,,
5161147,852,194,2026-04-06 14:29:57,,
5161148,852,194,2026-04-06 14:29:57,,
5161149,852,194,2026-04-06 14:29:57,,
5161150,852,194,2026-04-06 14:29:57,,
5161151,852,194,2026-04-06 14:29:57,,
5161152,852,194,2026-04-06 14:29:57,,
5161153,852,194,2026-04-06 14:29:57,,
5161154,852,194,2026-04-06 14:29:57,,
5161155,852,194,2026-04-06 14:29:57,,
5161156,852,194,2026-04-06 14:29:57,,
5161157,852,194,2026-04-06 14:29:57,,
5161158,852,194,2026-04-06 14:29:57,,
5161159,852,194,2026-04-06 14:29:57,,
5161160,852,194,2026-04-06 14:29:57,,
5161161,852,194,2026-04-06 14:29:57,,
5161162,852,194,2026-04-06 14:29:57,,
5161163,852,194,2026-04-06 14:29:57,,
5161164,852,194,2026-04-06 14:29:57,,
5161165,852,194,2026-04-06 14:29:57,,
5161166,852,194,2026-04-06 14:29:57,,
5161167,852,194,2026-04-06 14:29:57,,
5161168,852,194,2026-04-06 14:29:57,,
5161169,852,194,2026-04-06 14:29:57,,
5161170,852,194,2026-04-06 14:29:57,,
5161171,852,194,2026-04-06 14:29:57,,
5161172,852,194,2026-04-06 14:29:57,,
5161173,852,194,2026-04-06 14:29:57,,
5161174,852,194,2026-04-06 14:29:57,,
5161175,852,194,2026-04-06 14:29:57,,
5161176,852,194,2026-04-06 14:29:57,,
5161177,852,194,2026-04-06 14:29:57,,
5161178,852,194,2026-04-06 14:29:57,,
5161179,852,194,2026-04-06 14:29:57,,
5161180,852,194,2026-04-06 14:29:57,,
5161181,852,194,2026-04-06 14:29:57,,
5161182,852,194,2026-04-06 14:29:57,,
5161183,852,194,2026-04-06 14:29:57,,
5161184,852,194,2026-04-06 14:29:57,,
5161185,852,194,2026-04-06 14:29:57,,
5161186,852,194,2026-04-06 14:29:57,,
5161187,852,194,2026-04-06 14:29:57,,
5161188,852,194,2026-04-06 14:29:57,,
5161189,852,194,2026-04-06 14:29:57,,
5161190,852,194,2026-04-06 14:29:57,,
5161191,852,194,2026-04-06 14:29:57,,
5161192,852,194,2026-04-06 14:29:57,,
5161193,852,194,2026-04-06 14:29:57,,
5161194,852,194,2026-04-06 14:29:57,,
5161195,852,194,2026-04-06 14:29:57,,
5161196,852,194,2026-04-06 14:29:57,,
5161197,852,194,2026-04-06 14:29:57,,
5161198,852,194,2026-04-06 14:29:57,,
5161199,852,194,2026-04-06 14:29:57,,
5161200,852,194,2026-04-06 14:29:57,,
5161201,852,194,2026-04-06 14:29:57,,
5161202,852,194,2026-04-06 14:29:57,,
5161203,852,194,2026-04-06 14:29:57,,
5161204,852,194,2026-04-06 14:29:57,,
5161205,852,194,2026-04-06 14:29:57,,
5161206,852,194,2026-04-06 14:29:57,,
5161207,852,194,2026-04-06 14:29:57,,
5161208,852,194,2026-04-06 14:29:57,,
5161209,852,194,2026-04-06 14:29:57,,
5161210,852,194,2026-04-06 14:29:57,,
5161211,852,194,2026-04-06 14:29:57,,
5161212,852,194,2026-04-06 14:29:57,,
5161213,852,194,2026-04-06 14:29:57,,
5161214,852,194,2026-04-06 14:29:57,,
5161215,852,194,2026-04-06 14:29:57,,
5161216,852,194,2026-04-06 14:29:57,,
5161217,852,194,2026-04-06 14:29:57,,
5161218,852,194,2026-04-06 14:29:57,,
5161219,852,194,2026-04-06 14:29:57,,
5161220,852,194,2026-04-06 14:29:57,,
5161221,852,194,2026-04-06 14:29:57,,
5161222,852,194,2026-04-06 14:29:57,,
5161223,852,194,2026-04-06 14:29:57,,
5161224,852,194,2026-04-06 14:29:57,,
5161225,852,194,2026-04-06 14:29:57,,
5161227,852,194,2026-04-06 14:29:57,,
5161228,852,194,2026-04-06 14:29:57,,
5161229,852,194,2026-04-06 14:29:57,,
5161230,852,194,2026-04-06 14:29:57,,
5161231,852,194,2026-04-06 14:29:57,,
5161232,852,194,2026-04-06 14:29:57,,
5161233,852,194,2026-04-06 14:29:57,,
5161234,852,194,2026-04-06 14:29:57,,
5161235,852,194,2026-04-06 14:29:57,,
5161236,852,194,2026-04-06 14:29:57,,
5161237,852,194,2026-04-06 14:29:57,,
5161238,852,194,2026-04-06 14:29:57,,
5161239,852,194,2026-04-06 14:29:57,,
5161240,852,194,2026-04-06 14:29:57,,
5161241,852,194,2026-04-06 14:29:57,,
5161242,852,194,2026-04-06 14:29:57,,
5161243,852,194,2026-04-06 14:29:57,,
5161244,852,194,2026-04-06 14:29:57,,
5161245,852,194,2026-04-06 14:29:57,,
5161246,852,194,2026-04-06 14:29:57,,
5161247,852,194,2026-04-06 14:29:57,,
5161248,852,194,2026-04-06 14:29:57,,
5161249,852,194,2026-04-06 14:29:57,,
5161250,852,194,2026-04-06 14:29:57,,
5161251,852,194,2026-04-06 14:29:57,,
5161252,852,194,2026-04-06 14:29:57,,
5161253,852,194,2026-04-06 14:29:57,,
5161254,852,194,2026-04-06 14:29:57,,
5161255,852,194,2026-04-06 14:29:57,,
5161256,852,194,2026-04-06 14:29:57,,
5161257,852,194,2026-04-06 14:29:57,,
5161258,852,194,2026-04-06 14:29:57,,
5161259,852,194,2026-04-06 14:29:57,,
5161260,852,194,2026-04-06 14:29:57,,
5161261,852,194,2026-04-06 14:29:57,,
5161262,852,194,2026-04-06 14:29:57,,
5161263,852,194,2026-04-06 14:29:57,,
5161264,852,194,2026-04-06 14:29:57,,
5161265,852,194,2026-04-06 14:29:57,,
5161266,852,194,2026-04-06 14:29:57,,
5161267,852,194,2026-04-06 14:29:57,,
5161268,852,194,2026-04-06 14:29:57,,
5161269,852,194,2026-04-06 14:29:57,,
5161270,852,194,2026-04-06 14:29:57,,
5161271,852,194,2026-04-06 14:29:57,,
5161272,852,194,2026-04-06 14:29:57,,
5161273,852,194,2026-04-06 14:29:57,,
5161274,852,194,2026-04-06 14:29:57,,
5161275,852,194,2026-04-06 14:29:57,,
5161276,852,194,2026-04-06 14:29:57,,
5161277,852,194,2026-04-06 14:29:57,,
5161278,852,194,2026-04-06 14:29:57,,
5161279,852,194,2026-04-06 14:29:57,,
5161280,852,194,2026-04-06 14:29:57,,
5161281,852,194,2026-04-06 14:29:57,,
5161282,852,194,2026-04-06 14:29:57,,
5161283,852,194,2026-04-06 14:29:57,,
5161284,852,194,2026-04-06 14:29:57,,
5161285,852,194,2026-04-06 14:29:57,,
5161286,852,194,2026-04-06 14:29:57,,
5161287,852,194,2026-04-06 14:29:57,,
5161288,852,194,2026-04-06 14:29:57,,
5161289,852,194,2026-04-06 14:29:57,,
5161290,852,194,2026-04-06 14:29:57,,
5161291,852,194,2026-04-06 14:29:57,,
5161292,852,194,2026-04-06 14:29:57,,
5161293,852,194,2026-04-06 14:29:57,,
5161294,852,194,2026-04-06 14:29:57,,
5161295,852,194,2026-04-06 14:29:57,,
5161296,852,194,2026-04-06 14:29:57,,
5161297,852,194,2026-04-06 14:29:57,,
5161298,852,194,2026-04-06 14:29:57,,
5161299,852,194,2026-04-06 14:29:57,,
5161300,852,194,2026-04-06 14:29:57,,
5161301,852,194,2026-04-06 14:29:57,,
5161302,852,194,2026-04-06 14:29:57,,
5161303,852,194,2026-04-06 14:29:57,,
5161304,852,194,2026-04-06 14:29:57,,
5161305,852,194,2026-04-06 14:29:57,,
5161306,852,194,2026-04-06 14:29:57,,
5161307,852,194,2026-04-06 14:29:57,,
5161308,852,194,2026-04-06 14:29:57,,
5161309,852,194,2026-04-06 14:29:57,,
5161310,852,194,2026-04-06 14:29:57,,
5161311,852,194,2026-04-06 14:29:57,,
5161312,852,194,2026-04-06 14:29:57,,
5161313,852,194,2026-04-06 14:29:57,,
5161314,852,194,2026-04-06 14:29:57,,
5161315,852,194,2026-04-06 14:29:57,,
5161316,852,194,2026-04-06 14:29:57,,
5161317,852,194,2026-04-06 14:29:57,,
5161318,852,194,2026-04-06 14:29:57,,
5161319,852,194,2026-04-06 14:29:57,,
5161320,852,194,2026-04-06 14:29:57,,
5161321,852,194,2026-04-06 14:29:57,,
5161322,852,194,2026-04-06 14:29:57,,
5161323,852,194,2026-04-06 14:29:57,,
5161324,852,194,2026-04-06 14:29:57,,
5161325,852,194,2026-04-06 14:29:57,,
5161326,852,194,2026-04-06 14:29:57,,
5161327,852,194,2026-04-06 14:29:57,,
5161328,852,194,2026-04-06 14:29:57,,
5161329,852,194,2026-04-06 14:29:57,,
5161330,852,194,2026-04-06 14:29:57,,
5161331,852,194,2026-04-06 14:29:57,,
5161332,852,194,2026-04-06 14:29:57,,
5161333,852,194,2026-04-06 14:29:57,,
5161334,852,194,2026-04-06 14:29:57,,
5161335,852,194,2026-04-06 14:29:57,,
5161336,852,194,2026-04-06 14:29:57,,
5161337,852,194,2026-04-06 14:29:57,,
5161338,852,194,2026-04-06 14:29:57,,
5161339,852,194,2026-04-06 14:29:57,,
5161340,852,194,2026-04-06 14:29:57,,
5161341,852,194,2026-04-06 14:29:57,,
5161342,852,194,2026-04-06 14:29:57,,
5161343,852,194,2026-04-06 14:29:57,,
5161344,852,194,2026-04-06 14:29:57,,
5161345,852,194,2026-04-06 14:29:57,,
5161346,852,194,2026-04-06 14:29:57,,
5161347,852,194,2026-04-06 14:29:57,,
5161348,852,194,2026-04-06 14:29:57,,
5161349,852,194,2026-04-06 14:29:57,,
5161350,852,194,2026-04-06 14:29:57,,
5161351,852,194,2026-04-06 14:29:57,,
5161352,852,194,2026-04-06 14:29:57,,
5161353,852,194,2026-04-06 14:29:57,,
5161354,852,194,2026-04-06 14:29:57,,
5161355,852,194,2026-04-06 14:29:57,,
5161356,852,194,2026-04-06 14:29:57,,
5161357,852,194,2026-04-06 14:29:57,,
5161358,852,194,2026-04-06 14:29:57,,
5161359,852,194,2026-04-06 14:29:57,,
5161360,852,194,2026-04-06 14:29:57,,
5161361,852,194,2026-04-06 14:29:57,,
5161362,852,194,2026-04-06 14:29:57,,
5161363,852,194,2026-04-06 14:29:57,,
5161364,852,194,2026-04-06 14:29:57,,
5161365,852,194,2026-04-06 14:29:57,,
5161366,852,194,2026-04-06 14:29:57,,
5161367,852,194,2026-04-06 14:29:57,,
5161368,852,194,2026-04-06 14:29:57,,
5161369,852,194,2026-04-06 14:29:57,,
5161370,852,194,2026-04-06 14:29:57,,
5161371,852,194,2026-04-06 14:29:57,,
5161372,852,194,2026-04-06 14:29:57,,
5161373,852,194,2026-04-06 14:29:57,,
5161374,852,194,2026-04-06 14:29:57,,
5161375,852,194,2026-04-06 14:29:57,,
5161376,852,194,2026-04-06 14:29:57,,
5161377,852,194,2026-04-06 14:29:57,,
5161378,852,194,2026-04-06 14:29:57,,
5161379,852,194,2026-04-06 14:29:57,,
5161380,852,194,2026-04-06 14:29:57,,
5161381,852,194,2026-04-06 14:29:57,,
5161382,852,194,2026-04-06 14:29:57,,
5161383,852,194,2026-04-06 14:29:57,,
5161384,852,194,2026-04-06 14:29:57,,
5161385,852,194,2026-04-06 14:29:57,,
5161386,852,194,2026-04-06 14:29:57,,
5161387,852,194,2026-04-06 14:29:57,,
5161388,852,194,2026-04-06 14:29:57,,
5161389,852,194,2026-04-06 14:29:57,,
5161390,852,194,2026-04-06 14:29:57,,
5161391,852,194,2026-04-06 14:29:57,,
5161392,852,194,2026-04-06 14:29:57,,
5161393,852,194,2026-04-06 14:29:57,,
5161394,852,194,2026-04-06 14:29:57,,
5161395,852,194,2026-04-06 14:29:57,,
5161396,852,194,2026-04-06 14:29:57,,
5161397,852,194,2026-04-06 14:29:57,,
5161398,852,194,2026-04-06 14:29:57,,
5161399,852,194,2026-04-06 14:29:57,,
5161400,852,194,2026-04-06 14:29:57,,
5161401,852,194,2026-04-06 14:29:57,,
5161402,852,194,2026-04-06 14:29:57,,
5161403,852,194,2026-04-06 14:29:57,,
5161404,852,194,2026-04-06 14:29:57,,
5161405,852,194,2026-04-06 14:29:57,,
5161406,852,194,2026-04-06 14:29:57,,
5161407,852,194,2026-04-06 14:29:57,,
5161408,852,194,2026-04-06 14:29:57,,
5161409,852,194,2026-04-06 14:29:57,,
5161410,852,194,2026-04-06 14:29:57,,
5161411,852,194,2026-04-06 14:29:57,,
5161412,852,194,2026-04-06 14:29:57,,
5161413,852,194,2026-04-06 14:29:57,,
5161414,852,194,2026-04-06 14:29:57,,
5161415,852,194,2026-04-06 14:29:57,,
5161416,852,194,2026-04-06 14:29:57,,
5161417,852,194,2026-04-06 14:29:57,,
5161453,852,194,2026-04-06 14:29:57,,
5161418,852,194,2026-04-06 14:29:57,,
5161419,852,194,2026-04-06 14:29:57,,
5161420,852,194,2026-04-06 14:29:57,,
5161421,852,194,2026-04-06 14:29:57,,
5161422,852,194,2026-04-06 14:29:57,,
5161423,852,194,2026-04-06 14:29:57,,
5161424,852,194,2026-04-06 14:29:57,,
5161425,852,194,2026-04-06 14:29:57,,
5161426,852,194,2026-04-06 14:29:57,,
5161427,852,194,2026-04-06 14:29:57,,
5161428,852,194,2026-04-06 14:29:57,,
5161429,852,194,2026-04-06 14:29:57,,
5161430,852,194,2026-04-06 14:29:57,,
5161431,852,194,2026-04-06 14:29:57,,
5161432,852,194,2026-04-06 14:29:57,,
5161433,852,194,2026-04-06 14:29:57,,
5161434,852,194,2026-04-06 14:29:57,,
5161435,852,194,2026-04-06 14:29:57,,
5161436,852,194,2026-04-06 14:29:57,,
5161437,852,194,2026-04-06 14:29:57,,
5161438,852,194,2026-04-06 14:29:57,,
5161439,852,194,2026-04-06 14:29:57,,
5161440,852,194,2026-04-06 14:29:57,,
5161441,852,194,2026-04-06 14:29:57,,
5161442,852,194,2026-04-06 14:29:57,,
5161443,852,194,2026-04-06 14:29:57,,
5161444,852,194,2026-04-06 14:29:57,,
5161445,852,194,2026-04-06 14:29:57,,
5161446,852,194,2026-04-06 14:29:57,,
5161447,852,194,2026-04-06 14:29:57,,
5161448,852,194,2026-04-06 14:29:57,,
5161449,852,194,2026-04-06 14:29:57,,
5161450,852,194,2026-04-06 14:29:57,,
5161451,852,194,2026-04-06 14:29:57,,
5161452,852,194,2026-04-06 14:29:57,,
5161454,852,194,2026-04-06 14:29:57,,
5161455,852,194,2026-04-06 14:29:57,,
5161456,852,194,2026-04-06 14:29:57,,
5161457,852,194,2026-04-06 14:29:57,,
5161458,852,194,2026-04-06 14:29:57,,
5161459,852,194,2026-04-06 14:29:57,,
5161460,852,194,2026-04-06 14:29:57,,
5161461,852,194,2026-04-06 14:29:57,,
5161462,852,194,2026-04-06 14:29:57,,
5161463,852,194,2026-04-06 14:29:57,,
5161464,852,194,2026-04-06 14:29:57,,
5161465,852,194,2026-04-06 14:29:57,,
5161466,852,194,2026-04-06 14:29:57,,
5161467,852,194,2026-04-06 14:29:57,,
5161468,852,194,2026-04-06 14:29:57,,
5161469,852,194,2026-04-06 14:29:57,,
5161470,852,194,2026-04-06 14:29:57,,
5161471,852,194,2026-04-06 14:29:57,,
5161472,852,194,2026-04-06 14:29:57,,
5161473,852,194,2026-04-06 14:29:57,,
5161474,852,194,2026-04-06 14:29:57,,
5161475,852,194,2026-04-06 14:29:57,,
5161476,852,194,2026-04-06 14:29:57,,
5161477,852,194,2026-04-06 14:29:57,,
5161478,852,194,2026-04-06 14:29:57,,
5161479,852,194,2026-04-06 14:29:57,,
5161480,852,194,2026-04-06 14:29:57,,
5161481,852,194,2026-04-06 14:29:57,,
5161482,852,194,2026-04-06 14:29:57,,
5161483,852,194,2026-04-06 14:29:57,,
5161484,852,194,2026-04-06 14:29:57,,
5161485,852,194,2026-04-06 14:29:57,,
5161486,852,194,2026-04-06 14:29:57,,
5161487,852,194,2026-04-06 14:29:57,,
5161488,852,194,2026-04-06 14:29:57,,
5161489,852,194,2026-04-06 14:29:57,,
5161490,852,194,2026-04-06 14:29:57,,
5161491,852,194,2026-04-06 14:29:57,,
5161492,852,194,2026-04-06 14:29:57,,
5161493,852,194,2026-04-06 14:29:57,,
5161494,852,194,2026-04-06 14:29:57,,
5161495,852,194,2026-04-06 14:29:57,,
5161496,852,194,2026-04-06 14:29:57,,
5161497,852,194,2026-04-06 14:29:57,,
5161498,852,194,2026-04-06 14:29:57,,
5161499,852,194,2026-04-06 14:29:57,,
5161500,852,194,2026-04-06 14:29:57,,
5161501,852,194,2026-04-06 14:29:57,,
5161502,852,194,2026-04-06 14:29:57,,
5161503,852,194,2026-04-06 14:29:57,,
5161504,852,194,2026-04-06 14:29:57,,
5161505,852,194,2026-04-06 14:29:57,,
5161506,852,194,2026-04-06 14:29:57,,
5161507,852,194,2026-04-06 14:29:57,,
5161508,852,194,2026-04-06 14:29:57,,
5160507,852,194,2026-04-06 14:29:57,,
5160508,852,194,2026-04-06 14:29:57,,
5160509,852,194,2026-04-06 14:29:57,,
5160510,852,194,2026-04-06 14:29:57,,
5160511,852,194,2026-04-06 14:29:57,,
5160512,852,194,2026-04-06 14:29:57,,
5160513,852,194,2026-04-06 14:29:57,,
5160514,852,194,2026-04-06 14:29:57,,
5160515,852,194,2026-04-06 14:29:57,,
5160516,852,194,2026-04-06 14:29:57,,
5160517,852,194,2026-04-06 14:29:57,,
5160518,852,194,2026-04-06 14:29:57,,
5160519,852,194,2026-04-06 14:29:57,,
5160520,852,194,2026-04-06 14:29:57,,
5160521,852,194,2026-04-06 14:29:57,,
5160522,852,194,2026-04-06 14:29:57,,
5160523,852,194,2026-04-06 14:29:57,,
5160524,852,194,2026-04-06 14:29:57,,
5160525,852,194,2026-04-06 14:29:57,,
5160526,852,194,2026-04-06 14:29:57,,
5160527,852,194,2026-04-06 14:29:57,,
5160528,852,194,2026-04-06 14:29:57,,
5160529,852,194,2026-04-06 14:29:57,,
5160530,852,194,2026-04-06 14:29:57,,
5160531,852,194,2026-04-06 14:29:57,,
5160532,852,194,2026-04-06 14:29:57,,
5160534,852,194,2026-04-06 14:29:57,,
5160535,852,194,2026-04-06 14:29:57,,
5160536,852,194,2026-04-06 14:29:57,,
5160537,852,194,2026-04-06 14:29:57,,
5160538,852,194,2026-04-06 14:29:57,,
5160539,852,194,2026-04-06 14:29:57,,
5160540,852,194,2026-04-06 14:29:57,,
5160541,852,194,2026-04-06 14:29:57,,
5160542,852,194,2026-04-06 14:29:57,,
5160543,852,194,2026-04-06 14:29:57,,
5160544,852,194,2026-04-06 14:29:57,,
5160545,852,194,2026-04-06 14:29:57,,
5160546,852,194,2026-04-06 14:29:57,,
5160547,852,194,2026-04-06 14:29:57,,
5160548,852,194,2026-04-06 14:29:57,,
5160549,852,194,2026-04-06 14:29:57,,
5160550,852,194,2026-04-06 14:29:57,,
5160551,852,194,2026-04-06 14:29:57,,
5160552,852,194,2026-04-06 14:29:57,,
5160553,852,194,2026-04-06 14:29:57,,
5160554,852,194,2026-04-06 14:29:57,,
5160555,852,194,2026-04-06 14:29:57,,
5160556,852,194,2026-04-06 14:29:57,,
5160557,852,194,2026-04-06 14:29:57,,
5160558,852,194,2026-04-06 14:29:57,,
5160559,852,194,2026-04-06 14:29:57,,
5160560,852,194,2026-04-06 14:29:57,,
5160561,852,194,2026-04-06 14:29:57,,
5160562,852,194,2026-04-06 14:29:57,,
5160563,852,194,2026-04-06 14:29:57,,
5160564,852,194,2026-04-06 14:29:57,,
5160565,852,194,2026-04-06 14:29:57,,
5160566,852,194,2026-04-06 14:29:57,,
5160567,852,194,2026-04-06 14:29:57,,
5160568,852,194,2026-04-06 14:29:57,,
5160569,852,194,2026-04-06 14:29:57,,
5160570,852,194,2026-04-06 14:29:57,,
5160571,852,194,2026-04-06 14:29:57,,
5160572,852,194,2026-04-06 14:29:57,,
5160573,852,194,2026-04-06 14:29:57,,
5160574,852,194,2026-04-06 14:29:57,,
5160575,852,194,2026-04-06 14:29:57,,
5160576,852,194,2026-04-06 14:29:57,,
5160577,852,194,2026-04-06 14:29:57,,
5160578,852,194,2026-04-06 14:29:57,,
5160579,852,194,2026-04-06 14:29:57,,
5160580,852,194,2026-04-06 14:29:57,,
5160581,852,194,2026-04-06 14:29:57,,
5160582,852,194,2026-04-06 14:29:57,,
5160583,852,194,2026-04-06 14:29:57,,
5160584,852,194,2026-04-06 14:29:57,,
5160585,852,194,2026-04-06 14:29:57,,
5160586,852,194,2026-04-06 14:29:57,,
5160587,852,194,2026-04-06 14:29:57,,
5160588,852,194,2026-04-06 14:29:57,,
5160589,852,194,2026-04-06 14:29:57,,
5160590,852,194,2026-04-06 14:29:57,,
5160591,852,194,2026-04-06 14:29:57,,
5160592,852,194,2026-04-06 14:29:57,,
5160593,852,194,2026-04-06 14:29:57,,
5160594,852,194,2026-04-06 14:29:57,,
5160625,852,194,2026-04-06 14:29:57,,
5160595,852,194,2026-04-06 14:29:57,,
5160596,852,194,2026-04-06 14:29:57,,
5160597,852,194,2026-04-06 14:29:57,,
5160598,852,194,2026-04-06 14:29:57,,
5160599,852,194,2026-04-06 14:29:57,,
5160600,852,194,2026-04-06 14:29:57,,
5160601,852,194,2026-04-06 14:29:57,,
5160602,852,194,2026-04-06 14:29:57,,
5160603,852,194,2026-04-06 14:29:57,,
5160604,852,194,2026-04-06 14:29:57,,
5160605,852,194,2026-04-06 14:29:57,,
5160606,852,194,2026-04-06 14:29:57,,
5160607,852,194,2026-04-06 14:29:57,,
5160608,852,194,2026-04-06 14:29:57,,
5160609,852,194,2026-04-06 14:29:57,,
5160610,852,194,2026-04-06 14:29:57,,
5160611,852,194,2026-04-06 14:29:57,,
5160612,852,194,2026-04-06 14:29:57,,
5160613,852,194,2026-04-06 14:29:57,,
5160614,852,194,2026-04-06 14:29:57,,
5160615,852,194,2026-04-06 14:29:57,,
5160616,852,194,2026-04-06 14:29:57,,
5160617,852,194,2026-04-06 14:29:57,,
5160618,852,194,2026-04-06 14:29:57,,
5160619,852,194,2026-04-06 14:29:57,,
5160620,852,194,2026-04-06 14:29:57,,
5160621,852,194,2026-04-06 14:29:57,,
5160622,852,194,2026-04-06 14:29:57,,
5160623,852,194,2026-04-06 14:29:57,,
5160624,852,194,2026-04-06 14:29:57,,
5160872,852,194,2026-04-06 14:29:57,,
5160626,852,194,2026-04-06 14:29:57,,
5160627,852,194,2026-04-06 14:29:57,,
5160628,852,194,2026-04-06 14:29:57,,
5160629,852,194,2026-04-06 14:29:57,,
5160630,852,194,2026-04-06 14:29:57,,
5160631,852,194,2026-04-06 14:29:57,,
5160632,852,194,2026-04-06 14:29:57,,
5160633,852,194,2026-04-06 14:29:57,,
5160634,852,194,2026-04-06 14:29:57,,
5160635,852,194,2026-04-06 14:29:57,,
5160636,852,194,2026-04-06 14:29:57,,
5160637,852,194,2026-04-06 14:29:57,,
5160638,852,194,2026-04-06 14:29:57,,
5160639,852,194,2026-04-06 14:29:57,,
5160640,852,194,2026-04-06 14:29:57,,
5160641,852,194,2026-04-06 14:29:57,,
5160642,852,194,2026-04-06 14:29:57,,
5160643,852,194,2026-04-06 14:29:57,,
5160644,852,194,2026-04-06 14:29:57,,
5160645,852,194,2026-04-06 14:29:57,,
5160646,852,194,2026-04-06 14:29:57,,
5160647,852,194,2026-04-06 14:29:57,,
5160648,852,194,2026-04-06 14:29:57,,
5160649,852,194,2026-04-06 14:29:57,,
5160650,852,194,2026-04-06 14:29:57,,
5160651,852,194,2026-04-06 14:29:57,,
5160652,852,194,2026-04-06 14:29:57,,
5160653,852,194,2026-04-06 14:29:57,,
5160654,852,194,2026-04-06 14:29:57,,
5160655,852,194,2026-04-06 14:29:57,,
5160966,852,194,2026-04-06 14:29:57,,
5160656,852,194,2026-04-06 14:29:57,,
5160657,852,194,2026-04-06 14:29:57,,
5160658,852,194,2026-04-06 14:29:57,,
5160659,852,194,2026-04-06 14:29:57,,
5160660,852,194,2026-04-06 14:29:57,,
5160661,852,194,2026-04-06 14:29:57,,
5160662,852,194,2026-04-06 14:29:57,,
5160663,852,194,2026-04-06 14:29:57,,
5160664,852,194,2026-04-06 14:29:57,,
5160665,852,194,2026-04-06 14:29:57,,
5160666,852,194,2026-04-06 14:29:57,,
5160667,852,194,2026-04-06 14:29:57,,
5160668,852,194,2026-04-06 14:29:57,,
5160669,852,194,2026-04-06 14:29:57,,
5160670,852,194,2026-04-06 14:29:57,,
5160671,852,194,2026-04-06 14:29:57,,
5160672,852,194,2026-04-06 14:29:57,,
5160673,852,194,2026-04-06 14:29:57,,
5160674,852,194,2026-04-06 14:29:57,,
5160675,852,194,2026-04-06 14:29:57,,
5160676,852,194,2026-04-06 14:29:57,,
5160677,852,194,2026-04-06 14:29:57,,
5160678,852,194,2026-04-06 14:29:57,,
5160679,852,194,2026-04-06 14:29:57,,
5160680,852,194,2026-04-06 14:29:57,,
5160681,852,194,2026-04-06 14:29:57,,
5160682,852,194,2026-04-06 14:29:57,,
5160683,852,194,2026-04-06 14:29:57,,
5160684,852,194,2026-04-06 14:29:57,,
5160685,852,194,2026-04-06 14:29:57,,
5160686,852,194,2026-04-06 14:29:57,,
5160687,852,194,2026-04-06 14:29:57,,
5160688,852,194,2026-04-06 14:29:57,,
5160689,852,194,2026-04-06 14:29:57,,
5160690,852,194,2026-04-06 14:29:57,,
5160691,852,194,2026-04-06 14:29:57,,
5160692,852,194,2026-04-06 14:29:57,,
5160693,852,194,2026-04-06 14:29:57,,
5160694,852,194,2026-04-06 14:29:57,,
5160695,852,194,2026-04-06 14:29:57,,
5160696,852,194,2026-04-06 14:29:57,,
5160697,852,194,2026-04-06 14:29:57,,
5160698,852,194,2026-04-06 14:29:57,,
5160699,852,194,2026-04-06 14:29:57,,
5160700,852,194,2026-04-06 14:29:57,,
5160701,852,194,2026-04-06 14:29:57,,
5160702,852,194,2026-04-06 14:29:57,,
5160703,852,194,2026-04-06 14:29:57,,
5160704,852,194,2026-04-06 14:29:57,,
5160705,852,194,2026-04-06 14:29:57,,
5160108,852,194,2026-04-06 14:29:57,,
5160109,852,194,2026-04-06 14:29:57,,
5160110,852,194,2026-04-06 14:29:57,,
5160111,852,194,2026-04-06 14:29:57,,
5160112,852,194,2026-04-06 14:29:57,,
5160113,852,194,2026-04-06 14:29:57,,
5160114,852,194,2026-04-06 14:29:57,,
5160115,852,194,2026-04-06 14:29:57,,
5160116,852,194,2026-04-06 14:29:57,,
5160117,852,194,2026-04-06 14:29:57,,
5160118,852,194,2026-04-06 14:29:57,,
5160119,852,194,2026-04-06 14:29:57,,
5160120,852,194,2026-04-06 14:29:57,,
5160121,852,194,2026-04-06 14:29:57,,
5160122,852,194,2026-04-06 14:29:57,,
5160123,852,194,2026-04-06 14:29:57,,
5160124,852,194,2026-04-06 14:29:57,,
5160125,852,194,2026-04-06 14:29:57,,
5160126,852,194,2026-04-06 14:29:57,,
5160127,852,194,2026-04-06 14:29:57,,
5160128,852,194,2026-04-06 14:29:57,,
5160129,852,194,2026-04-06 14:29:57,,
5160130,852,194,2026-04-06 14:29:57,,
5160131,852,194,2026-04-06 14:29:57,,
5160132,852,194,2026-04-06 14:29:57,,
5160133,852,194,2026-04-06 14:29:57,,
5160134,852,194,2026-04-06 14:29:57,,
5160135,852,194,2026-04-06 14:29:57,,
5160136,852,194,2026-04-06 14:29:57,,
5160137,852,194,2026-04-06 14:29:57,,
5160138,852,194,2026-04-06 14:29:57,,
5160139,852,194,2026-04-06 14:29:57,,
5160140,852,194,2026-04-06 14:29:57,,
5160141,852,194,2026-04-06 14:29:57,,
5160142,852,194,2026-04-06 14:29:57,,
5160143,852,194,2026-04-06 14:29:57,,
5160144,852,194,2026-04-06 14:29:57,,
5160145,852,194,2026-04-06 14:29:57,,
5160146,852,194,2026-04-06 14:29:57,,
5160147,852,194,2026-04-06 14:29:57,,
5160148,852,194,2026-04-06 14:29:57,,
5160149,852,194,2026-04-06 14:29:57,,
5160150,852,194,2026-04-06 14:29:57,,
5160151,852,194,2026-04-06 14:29:57,,
5160152,852,194,2026-04-06 14:29:57,,
5160153,852,194,2026-04-06 14:29:57,,
5160154,852,194,2026-04-06 14:29:57,,
5160155,852,194,2026-04-06 14:29:57,,
5160156,852,194,2026-04-06 14:29:57,,
5160157,852,194,2026-04-06 14:29:57,,
5160158,852,194,2026-04-06 14:29:57,,
5160159,852,194,2026-04-06 14:29:57,,
5160160,852,194,2026-04-06 14:29:57,,
5160161,852,194,2026-04-06 14:29:57,,
5160162,852,194,2026-04-06 14:29:57,,
5160163,852,194,2026-04-06 14:29:57,,
5160164,852,194,2026-04-06 14:29:57,,
5160165,852,194,2026-04-06 14:29:57,,
5160166,852,194,2026-04-06 14:29:57,,
5160167,852,194,2026-04-06 14:29:57,,
5160168,852,194,2026-04-06 14:29:57,,
5160169,852,194,2026-04-06 14:29:57,,
5160170,852,194,2026-04-06 14:29:57,,
5160171,852,194,2026-04-06 14:29:57,,
5160172,852,194,2026-04-06 14:29:57,,
5160173,852,194,2026-04-06 14:29:57,,
5160174,852,194,2026-04-06 14:29:57,,
5160175,852,194,2026-04-06 14:29:57,,
5160176,852,194,2026-04-06 14:29:57,,
5160177,852,194,2026-04-06 14:29:57,,
5160178,852,194,2026-04-06 14:29:57,,
5160179,852,194,2026-04-06 14:29:57,,
5160180,852,194,2026-04-06 14:29:57,,
5160181,852,194,2026-04-06 14:29:57,,
5160182,852,194,2026-04-06 14:29:57,,
5160183,852,194,2026-04-06 14:29:57,,
5160184,852,194,2026-04-06 14:29:57,,
5160185,852,194,2026-04-06 14:29:57,,
5160186,852,194,2026-04-06 14:29:57,,
5160187,852,194,2026-04-06 14:29:57,,
5160188,852,194,2026-04-06 14:29:57,,
5160189,852,194,2026-04-06 14:29:57,,
5160190,852,194,2026-04-06 14:29:57,,
5160191,852,194,2026-04-06 14:29:57,,
5160192,852,194,2026-04-06 14:29:57,,
5160193,852,194,2026-04-06 14:29:57,,
5160194,852,194,2026-04-06 14:29:57,,
5160195,852,194,2026-04-06 14:29:57,,
5160196,852,194,2026-04-06 14:29:57,,
5160197,852,194,2026-04-06 14:29:57,,
5160198,852,194,2026-04-06 14:29:57,,
5160199,852,194,2026-04-06 14:29:57,,
5160200,852,194,2026-04-06 14:29:57,,
5160201,852,194,2026-04-06 14:29:57,,
5160202,852,194,2026-04-06 14:29:57,,
5160203,852,194,2026-04-06 14:29:57,,
5160204,852,194,2026-04-06 14:29:57,,
5160205,852,194,2026-04-06 14:29:57,,
5160206,852,194,2026-04-06 14:29:57,,
5160207,852,194,2026-04-06 14:29:57,,
5160208,852,194,2026-04-06 14:29:57,,
5160209,852,194,2026-04-06 14:29:57,,
5160210,852,194,2026-04-06 14:29:57,,
5160211,852,194,2026-04-06 14:29:57,,
5160212,852,194,2026-04-06 14:29:57,,
5160213,852,194,2026-04-06 14:29:57,,
5160214,852,194,2026-04-06 14:29:57,,
5160215,852,194,2026-04-06 14:29:57,,
5160216,852,194,2026-04-06 14:29:57,,
5160217,852,194,2026-04-06 14:29:57,,
5160218,852,194,2026-04-06 14:29:57,,
5160219,852,194,2026-04-06 14:29:57,,
5160220,852,194,2026-04-06 14:29:57,,
5160221,852,194,2026-04-06 14:29:57,,
5160222,852,194,2026-04-06 14:29:57,,
5160223,852,194,2026-04-06 14:29:57,,
5160224,852,194,2026-04-06 14:29:57,,
5160225,852,194,2026-04-06 14:29:57,,
5160226,852,194,2026-04-06 14:29:57,,
5160227,852,194,2026-04-06 14:29:57,,
5160228,852,194,2026-04-06 14:29:57,,
5160229,852,194,2026-04-06 14:29:57,,
5160230,852,194,2026-04-06 14:29:57,,
5160231,852,194,2026-04-06 14:29:57,,
5160232,852,194,2026-04-06 14:29:57,,
5160233,852,194,2026-04-06 14:29:57,,
5160234,852,194,2026-04-06 14:29:57,,
5160235,852,194,2026-04-06 14:29:57,,
5160236,852,194,2026-04-06 14:29:57,,
5160237,852,194,2026-04-06 14:29:57,,
5160238,852,194,2026-04-06 14:29:57,,
5160239,852,194,2026-04-06 14:29:57,,
5160240,852,194,2026-04-06 14:29:57,,
5160241,852,194,2026-04-06 14:29:57,,
5160242,852,194,2026-04-06 14:29:57,,
5160243,852,194,2026-04-06 14:29:57,,
5160244,852,194,2026-04-06 14:29:57,,
5160245,852,194,2026-04-06 14:29:57,,
5160246,852,194,2026-04-06 14:29:57,,
5160247,852,194,2026-04-06 14:29:57,,
5160248,852,194,2026-04-06 14:29:57,,
5160249,852,194,2026-04-06 14:29:57,,
5160250,852,194,2026-04-06 14:29:57,,
5160251,852,194,2026-04-06 14:29:57,,
5160252,852,194,2026-04-06 14:29:57,,
5160253,852,194,2026-04-06 14:29:57,,
5160254,852,194,2026-04-06 14:29:57,,
5160255,852,194,2026-04-06 14:29:57,,
5160256,852,194,2026-04-06 14:29:57,,
5160257,852,194,2026-04-06 14:29:57,,
5160258,852,194,2026-04-06 14:29:57,,
5160259,852,194,2026-04-06 14:29:57,,
5160260,852,194,2026-04-06 14:29:57,,
5160261,852,194,2026-04-06 14:29:57,,
5160262,852,194,2026-04-06 14:29:57,,
5160263,852,194,2026-04-06 14:29:57,,
5160264,852,194,2026-04-06 14:29:57,,
5160265,852,194,2026-04-06 14:29:57,,
5160266,852,194,2026-04-06 14:29:57,,
5160267,852,194,2026-04-06 14:29:57,,
5160268,852,194,2026-04-06 14:29:57,,
5160269,852,194,2026-04-06 14:29:57,,
5160270,852,194,2026-04-06 14:29:57,,
5160271,852,194,2026-04-06 14:29:57,,
5160272,852,194,2026-04-06 14:29:57,,
5160273,852,194,2026-04-06 14:29:57,,
5160274,852,194,2026-04-06 14:29:57,,
5160275,852,194,2026-04-06 14:29:57,,
5160276,852,194,2026-04-06 14:29:57,,
5160277,852,194,2026-04-06 14:29:57,,
5160278,852,194,2026-04-06 14:29:57,,
5160279,852,194,2026-04-06 14:29:57,,
5160280,852,194,2026-04-06 14:29:57,,
5160281,852,194,2026-04-06 14:29:57,,
5160282,852,194,2026-04-06 14:29:57,,
5160283,852,194,2026-04-06 14:29:57,,
5160284,852,194,2026-04-06 14:29:57,,
5160285,852,194,2026-04-06 14:29:57,,
5160286,852,194,2026-04-06 14:29:57,,
5160287,852,194,2026-04-06 14:29:57,,
5160288,852,194,2026-04-06 14:29:57,,
5160289,852,194,2026-04-06 14:29:57,,
5160290,852,194,2026-04-06 14:29:57,,
5160291,852,194,2026-04-06 14:29:57,,
5160292,852,194,2026-04-06 14:29:57,,
5160293,852,194,2026-04-06 14:29:57,,
5160294,852,194,2026-04-06 14:29:57,,
5160295,852,194,2026-04-06 14:29:57,,
5160296,852,194,2026-04-06 14:29:57,,
5160297,852,194,2026-04-06 14:29:57,,
5160298,852,194,2026-04-06 14:29:57,,
5160299,852,194,2026-04-06 14:29:57,,
5160300,852,194,2026-04-06 14:29:57,,
5160301,852,194,2026-04-06 14:29:57,,
5160302,852,194,2026-04-06 14:29:57,,
5160303,852,194,2026-04-06 14:29:57,,
5160304,852,194,2026-04-06 14:29:57,,
5160305,852,194,2026-04-06 14:29:57,,
5160306,852,194,2026-04-06 14:29:57,,
5160307,852,194,2026-04-06 14:29:57,,
5161509,852,194,2026-04-06 14:29:57,,
5161510,852,194,2026-04-06 14:29:57,,
5161511,852,194,2026-04-06 14:29:57,,
5161512,852,194,2026-04-06 14:29:57,,
5161513,852,194,2026-04-06 14:29:57,,
5161514,852,194,2026-04-06 14:29:57,,
5161515,852,194,2026-04-06 14:29:57,,
5161516,852,194,2026-04-06 14:29:57,,
5161517,852,194,2026-04-06 14:29:57,,
5161518,852,194,2026-04-06 14:29:57,,
5161519,852,194,2026-04-06 14:29:57,,
5161520,852,194,2026-04-06 14:29:57,,
5161521,852,194,2026-04-06 14:29:57,,
5161522,852,194,2026-04-06 14:29:57,,
5161523,852,194,2026-04-06 14:29:57,,
5161524,852,194,2026-04-06 14:29:57,,
5161525,852,194,2026-04-06 14:29:57,,
5161526,852,194,2026-04-06 14:29:57,,
5161527,852,194,2026-04-06 14:29:57,,
5161528,852,194,2026-04-06 14:29:57,,
5161529,852,194,2026-04-06 14:29:57,,
5161530,852,194,2026-04-06 14:29:57,,
5161531,852,194,2026-04-06 14:29:57,,
5161532,852,194,2026-04-06 14:29:57,,
5161533,852,194,2026-04-06 14:29:57,,
5161534,852,194,2026-04-06 14:29:57,,
5161535,852,194,2026-04-06 14:29:57,,
5161536,852,194,2026-04-06 14:29:57,,
5161537,852,194,2026-04-06 14:29:57,,
5161538,852,194,2026-04-06 14:29:57,,
5161539,852,194,2026-04-06 14:29:57,,
5161540,852,194,2026-04-06 14:29:57,,
5161541,852,194,2026-04-06 14:29:57,,
5161542,852,194,2026-04-06 14:29:57,,
5161543,852,194,2026-04-06 14:29:57,,
5161544,852,194,2026-04-06 14:29:57,,
5161545,852,194,2026-04-06 14:29:57,,
5161546,852,194,2026-04-06 14:29:57,,
5161547,852,194,2026-04-06 14:29:57,,
5161548,852,194,2026-04-06 14:29:57,,
5161549,852,194,2026-04-06 14:29:57,,
5161550,852,194,2026-04-06 14:29:57,,
5161551,852,194,2026-04-06 14:29:57,,
5161552,852,194,2026-04-06 14:29:57,,
5161553,852,194,2026-04-06 14:29:57,,
5161554,852,194,2026-04-06 14:29:57,,
5161555,852,194,2026-04-06 14:29:57,,
5161556,852,194,2026-04-06 14:29:57,,
5161557,852,194,2026-04-06 14:29:57,,
5161558,852,194,2026-04-06 14:29:57,,
5161559,852,194,2026-04-06 14:29:57,,
5161560,852,194,2026-04-06 14:29:57,,
5161561,852,194,2026-04-06 14:29:57,,
5161562,852,194,2026-04-06 14:29:57,,
5161563,852,194,2026-04-06 14:29:57,,
5161564,852,194,2026-04-06 14:29:57,,
5161565,852,194,2026-04-06 14:29:57,,
5161566,852,194,2026-04-06 14:29:57,,
5161567,852,194,2026-04-06 14:29:57,,
5161568,852,194,2026-04-06 14:29:57,,
5161569,852,194,2026-04-06 14:29:57,,
5161570,852,194,2026-04-06 14:29:57,,
5161571,852,194,2026-04-06 14:29:57,,
5161572,852,194,2026-04-06 14:29:57,,
5161573,852,194,2026-04-06 14:29:57,,
5161574,852,194,2026-04-06 14:29:57,,
5161575,852,194,2026-04-06 14:29:57,,
5161576,852,194,2026-04-06 14:29:57,,
5161577,852,194,2026-04-06 14:29:57,,
5161578,852,194,2026-04-06 14:29:57,,
5161579,852,194,2026-04-06 14:29:57,,
5161580,852,194,2026-04-06 14:29:57,,
5161581,852,194,2026-04-06 14:29:57,,
5161582,852,194,2026-04-06 14:29:57,,
5161583,852,194,2026-04-06 14:29:57,,
5161584,852,194,2026-04-06 14:29:57,,
5161585,852,194,2026-04-06 14:29:57,,
5161586,852,194,2026-04-06 14:29:57,,
5161587,852,194,2026-04-06 14:29:57,,
5161588,852,194,2026-04-06 14:29:57,,
5161589,852,194,2026-04-06 14:29:57,,
5161590,852,194,2026-04-06 14:29:57,,
5161591,852,194,2026-04-06 14:29:57,,
5161592,852,194,2026-04-06 14:29:57,,
5161593,852,194,2026-04-06 14:29:57,,
5161594,852,194,2026-04-06 14:29:57,,
5161595,852,194,2026-04-06 14:29:57,,
5161596,852,194,2026-04-06 14:29:57,,
5161597,852,194,2026-04-06 14:29:57,,
5161598,852,194,2026-04-06 14:29:57,,
5161599,852,194,2026-04-06 14:29:57,,
5161600,852,194,2026-04-06 14:29:57,,
5161601,852,194,2026-04-06 14:29:57,,
5161602,852,194,2026-04-06 14:29:57,,
5161603,852,194,2026-04-06 14:29:57,,
5161604,852,194,2026-04-06 14:29:57,,
5161605,852,194,2026-04-06 14:29:57,,
5161606,852,194,2026-04-06 14:29:57,,
5161607,852,194,2026-04-06 14:29:57,,
5161608,852,194,2026-04-06 14:29:57,,
5161609,852,194,2026-04-06 14:29:57,,
5161610,852,194,2026-04-06 14:29:57,,
5161611,852,194,2026-04-06 14:29:57,,
5161612,852,194,2026-04-06 14:29:57,,
5161613,852,194,2026-04-06 14:29:57,,
5161614,852,194,2026-04-06 14:29:57,,
5161615,852,194,2026-04-06 14:29:57,,
5161616,852,194,2026-04-06 14:29:57,,
5161617,852,194,2026-04-06 14:29:57,,
5161618,852,194,2026-04-06 14:29:57,,
5161619,852,194,2026-04-06 14:29:57,,
5161620,852,194,2026-04-06 14:29:57,,
5161621,852,194,2026-04-06 14:29:57,,
5161622,852,194,2026-04-06 14:29:57,,
5161623,852,194,2026-04-06 14:29:57,,
5161624,852,194,2026-04-06 14:29:57,,
5161625,852,194,2026-04-06 14:29:57,,
5161626,852,194,2026-04-06 14:29:57,,
5161627,852,194,2026-04-06 14:29:57,,
5161628,852,194,2026-04-06 14:29:57,,
5161629,852,194,2026-04-06 14:29:57,,
5161630,852,194,2026-04-06 14:29:57,,
5161631,852,194,2026-04-06 14:29:57,,
5161632,852,194,2026-04-06 14:29:57,,
5161633,852,194,2026-04-06 14:29:57,,
5161634,852,194,2026-04-06 14:29:57,,
5161635,852,194,2026-04-06 14:29:57,,
5161636,852,194,2026-04-06 14:29:57,,
5161637,852,194,2026-04-06 14:29:57,,
5161638,852,194,2026-04-06 14:29:57,,
5161639,852,194,2026-04-06 14:29:57,,
5161640,852,194,2026-04-06 14:29:57,,
5161641,852,194,2026-04-06 14:29:57,,
5161642,852,194,2026-04-06 14:29:57,,
5161643,852,194,2026-04-06 14:29:57,,
5161644,852,194,2026-04-06 14:29:57,,
5161645,852,194,2026-04-06 14:29:57,,
5161646,852,194,2026-04-06 14:29:57,,
5161647,852,194,2026-04-06 14:29:57,,
5161648,852,194,2026-04-06 14:29:57,,
5161649,852,194,2026-04-06 14:29:57,,
5161650,852,194,2026-04-06 14:29:57,,
5161651,852,194,2026-04-06 14:29:57,,
5161652,852,194,2026-04-06 14:29:57,,
5161653,852,194,2026-04-06 14:29:57,,
5161654,852,194,2026-04-06 14:29:57,,
5161655,852,194,2026-04-06 14:29:57,,
5161656,852,194,2026-04-06 14:29:57,,
5161657,852,194,2026-04-06 14:29:57,,
5161658,852,194,2026-04-06 14:29:57,,
5161659,852,194,2026-04-06 14:29:57,,
5161660,852,194,2026-04-06 14:29:57,,
5161661,852,194,2026-04-06 14:29:57,,
5161662,852,194,2026-04-06 14:29:57,,
5161663,852,194,2026-04-06 14:29:57,,
5161664,852,194,2026-04-06 14:29:57,,
5161665,852,194,2026-04-06 14:29:57,,
5161666,852,194,2026-04-06 14:29:57,,
5161667,852,194,2026-04-06 14:29:57,,
5161668,852,194,2026-04-06 14:29:57,,
5161669,852,194,2026-04-06 14:29:57,,
5161670,852,194,2026-04-06 14:29:57,,
5161671,852,194,2026-04-06 14:29:57,,
5161672,852,194,2026-04-06 14:29:57,,
5161673,852,194,2026-04-06 14:29:57,,
5161674,852,194,2026-04-06 14:29:57,,
5161675,852,194,2026-04-06 14:29:57,,
5161676,852,194,2026-04-06 14:29:57,,
5161677,852,194,2026-04-06 14:29:57,,
5161678,852,194,2026-04-06 14:29:57,,
5161679,852,194,2026-04-06 14:29:57,,
5161680,852,194,2026-04-06 14:29:57,,
5161681,852,194,2026-04-06 14:29:57,,
5161682,852,194,2026-04-06 14:29:57,,
5161683,852,194,2026-04-06 14:29:57,,
5161684,852,194,2026-04-06 14:29:57,,
5161685,852,194,2026-04-06 14:29:57,,
5161686,852,194,2026-04-06 14:29:57,,
5161687,852,194,2026-04-06 14:29:57,,
5161688,852,194,2026-04-06 14:29:57,,
5161689,852,194,2026-04-06 14:29:57,,
5161690,852,194,2026-04-06 14:29:57,,
5161691,852,194,2026-04-06 14:29:57,,
5161692,852,194,2026-04-06 14:29:57,,
5161693,852,194,2026-04-06 14:29:57,,
5161694,852,194,2026-04-06 14:29:57,,
5161695,852,194,2026-04-06 14:29:57,,
5161696,852,194,2026-04-06 14:29:57,,
5161697,852,194,2026-04-06 14:29:57,,
5161698,852,194,2026-04-06 14:29:57,,
5161699,852,194,2026-04-06 14:29:57,,
5161700,852,194,2026-04-06 14:29:57,,
5161701,852,194,2026-04-06 14:29:57,,
5161702,852,194,2026-04-06 14:29:57,,
5161703,852,194,2026-04-06 14:29:57,,
5161704,852,194,2026-04-06 14:29:57,,
5161705,852,194,2026-04-06 14:29:57,,
5161706,852,194,2026-04-06 14:29:57,,
5161707,852,194,2026-04-06 14:29:57,,
5161708,852,194,2026-04-06 14:29:57,,
5160906,852,194,2026-04-06 14:29:57,,
5160907,852,194,2026-04-06 14:29:57,,
5160908,852,194,2026-04-06 14:29:57,,
5160909,852,194,2026-04-06 14:29:57,,
5160910,852,194,2026-04-06 14:29:57,,
5160911,852,194,2026-04-06 14:29:57,,
5160912,852,194,2026-04-06 14:29:57,,
5160913,852,194,2026-04-06 14:29:57,,
5160914,852,194,2026-04-06 14:29:57,,
5160915,852,194,2026-04-06 14:29:57,,
5160916,852,194,2026-04-06 14:29:57,,
5160917,852,194,2026-04-06 14:29:57,,
5160918,852,194,2026-04-06 14:29:57,,
5160919,852,194,2026-04-06 14:29:57,,
5160920,852,194,2026-04-06 14:29:57,,
5160921,852,194,2026-04-06 14:29:57,,
5160922,852,194,2026-04-06 14:29:57,,
5160923,852,194,2026-04-06 14:29:57,,
5160924,852,194,2026-04-06 14:29:57,,
5160925,852,194,2026-04-06 14:29:57,,
5160926,852,194,2026-04-06 14:29:57,,
5160927,852,194,2026-04-06 14:29:57,,
5160928,852,194,2026-04-06 14:29:57,,
5160929,852,194,2026-04-06 14:29:57,,
5160930,852,194,2026-04-06 14:29:57,,
5160931,852,194,2026-04-06 14:29:57,,
5160932,852,194,2026-04-06 14:29:57,,
5160933,852,194,2026-04-06 14:29:57,,
5160934,852,194,2026-04-06 14:29:57,,
5160968,852,194,2026-04-06 14:29:57,,
5160935,852,194,2026-04-06 14:29:57,,
5160936,852,194,2026-04-06 14:29:57,,
5160937,852,194,2026-04-06 14:29:57,,
5160938,852,194,2026-04-06 14:29:57,,
5160939,852,194,2026-04-06 14:29:57,,
5160940,852,194,2026-04-06 14:29:57,,
5160941,852,194,2026-04-06 14:29:57,,
5160942,852,194,2026-04-06 14:29:57,,
5160943,852,194,2026-04-06 14:29:57,,
5160944,852,194,2026-04-06 14:29:57,,
5160945,852,194,2026-04-06 14:29:57,,
5160946,852,194,2026-04-06 14:29:57,,
5160947,852,194,2026-04-06 14:29:57,,
5160948,852,194,2026-04-06 14:29:57,,
5160949,852,194,2026-04-06 14:29:57,,
5160950,852,194,2026-04-06 14:29:57,,
5160951,852,194,2026-04-06 14:29:57,,
5160952,852,194,2026-04-06 14:29:57,,
5160953,852,194,2026-04-06 14:29:57,,
5160954,852,194,2026-04-06 14:29:57,,
5160955,852,194,2026-04-06 14:29:57,,
5160956,852,194,2026-04-06 14:29:57,,
5160957,852,194,2026-04-06 14:29:57,,
5160958,852,194,2026-04-06 14:29:57,,
5160959,852,194,2026-04-06 14:29:57,,
5160960,852,194,2026-04-06 14:29:57,,
5160961,852,194,2026-04-06 14:29:57,,
5160962,852,194,2026-04-06 14:29:57,,
5160963,852,194,2026-04-06 14:29:57,,
5160964,852,194,2026-04-06 14:29:57,,
5160965,852,194,2026-04-06 14:29:57,,
5160969,852,194,2026-04-06 14:29:57,,
5160970,852,194,2026-04-06 14:29:57,,
5160971,852,194,2026-04-06 14:29:57,,
5160972,852,194,2026-04-06 14:29:57,,
5160973,852,194,2026-04-06 14:29:57,,
5160974,852,194,2026-04-06 14:29:57,,
5160975,852,194,2026-04-06 14:29:57,,
5160976,852,194,2026-04-06 14:29:57,,
5160977,852,194,2026-04-06 14:29:57,,
5160978,852,194,2026-04-06 14:29:57,,
5160979,852,194,2026-04-06 14:29:57,,
5160980,852,194,2026-04-06 14:29:57,,
5160981,852,194,2026-04-06 14:29:57,,
5160982,852,194,2026-04-06 14:29:57,,
5160983,852,194,2026-04-06 14:29:57,,
5160984,852,194,2026-04-06 14:29:57,,
5160985,852,194,2026-04-06 14:29:57,,
5160986,852,194,2026-04-06 14:29:57,,
5160987,852,194,2026-04-06 14:29:57,,
5160988,852,194,2026-04-06 14:29:57,,
5160989,852,194,2026-04-06 14:29:57,,
5160990,852,194,2026-04-06 14:29:57,,
5160991,852,194,2026-04-06 14:29:57,,
5160992,852,194,2026-04-06 14:29:57,,
5160993,852,194,2026-04-06 14:29:57,,
5160994,852,194,2026-04-06 14:29:57,,
5160995,852,194,2026-04-06 14:29:57,,
5160996,852,194,2026-04-06 14:29:57,,
5160997,852,194,2026-04-06 14:29:57,,
5160998,852,194,2026-04-06 14:29:57,,
5160999,852,194,2026-04-06 14:29:57,,
5161000,852,194,2026-04-06 14:29:57,,
5161001,852,194,2026-04-06 14:29:57,,
5161002,852,194,2026-04-06 14:29:57,,
5161003,852,194,2026-04-06 14:29:57,,
5161004,852,194,2026-04-06 14:29:57,,
5161005,852,194,2026-04-06 14:29:57,,
5161006,852,194,2026-04-06 14:29:57,,
5161007,852,194,2026-04-06 14:29:57,,
5161008,852,194,2026-04-06 14:29:57,,
5161009,852,194,2026-04-06 14:29:57,,
5161010,852,194,2026-04-06 14:29:57,,
5161011,852,194,2026-04-06 14:29:57,,
5161012,852,194,2026-04-06 14:29:57,,
5161013,852,194,2026-04-06 14:29:57,,
5161014,852,194,2026-04-06 14:29:57,,
5161015,852,194,2026-04-06 14:29:57,,
5161016,852,194,2026-04-06 14:29:57,,
5161017,852,194,2026-04-06 14:29:57,,
5161018,852,194,2026-04-06 14:29:57,,
5161019,852,194,2026-04-06 14:29:57,,
5161020,852,194,2026-04-06 14:29:57,,
5161021,852,194,2026-04-06 14:29:57,,
5161022,852,194,2026-04-06 14:29:57,,
5161023,852,194,2026-04-06 14:29:57,,
5161024,852,194,2026-04-06 14:29:57,,
5161025,852,194,2026-04-06 14:29:57,,
5161026,852,194,2026-04-06 14:29:57,,
5161027,852,194,2026-04-06 14:29:57,,
5161028,852,194,2026-04-06 14:29:57,,
5161029,852,194,2026-04-06 14:29:57,,
5161030,852,194,2026-04-06 14:29:57,,
5161031,852,194,2026-04-06 14:29:57,,
5161032,852,194,2026-04-06 14:29:57,,
5161129,852,194,2026-04-06 14:29:57,,
5161033,852,194,2026-04-06 14:29:57,,
5161034,852,194,2026-04-06 14:29:57,,
5161035,852,194,2026-04-06 14:29:57,,
5161036,852,194,2026-04-06 14:29:57,,
5161037,852,194,2026-04-06 14:29:57,,
5161038,852,194,2026-04-06 14:29:57,,
5161039,852,194,2026-04-06 14:29:57,,
5161040,852,194,2026-04-06 14:29:57,,
5161041,852,194,2026-04-06 14:29:57,,
5161042,852,194,2026-04-06 14:29:57,,
5161043,852,194,2026-04-06 14:29:57,,
5161044,852,194,2026-04-06 14:29:57,,
5161045,852,194,2026-04-06 14:29:57,,
5161046,852,194,2026-04-06 14:29:57,,
5161047,852,194,2026-04-06 14:29:57,,
5161048,852,194,2026-04-06 14:29:57,,
5161049,852,194,2026-04-06 14:29:57,,
5161050,852,194,2026-04-06 14:29:57,,
5161051,852,194,2026-04-06 14:29:57,,
5161052,852,194,2026-04-06 14:29:57,,
5161053,852,194,2026-04-06 14:29:57,,
5161054,852,194,2026-04-06 14:29:57,,
5161055,852,194,2026-04-06 14:29:57,,
5161056,852,194,2026-04-06 14:29:57,,
5161057,852,194,2026-04-06 14:29:57,,
5161058,852,194,2026-04-06 14:29:57,,
5161059,852,194,2026-04-06 14:29:57,,
5161060,852,194,2026-04-06 14:29:57,,
5161061,852,194,2026-04-06 14:29:57,,
5161062,852,194,2026-04-06 14:29:57,,
5161063,852,194,2026-04-06 14:29:57,,
5161064,852,194,2026-04-06 14:29:57,,
5161065,852,194,2026-04-06 14:29:57,,
5161066,852,194,2026-04-06 14:29:57,,
5161067,852,194,2026-04-06 14:29:57,,
5161068,852,194,2026-04-06 14:29:57,,
5161069,852,194,2026-04-06 14:29:57,,
5161070,852,194,2026-04-06 14:29:57,,
5161071,852,194,2026-04-06 14:29:57,,
5161072,852,194,2026-04-06 14:29:57,,
5161073,852,194,2026-04-06 14:29:57,,
5161074,852,194,2026-04-06 14:29:57,,
5161075,852,194,2026-04-06 14:29:57,,
5161076,852,194,2026-04-06 14:29:57,,
5161077,852,194,2026-04-06 14:29:57,,
5161078,852,194,2026-04-06 14:29:57,,
5161079,852,194,2026-04-06 14:29:57,,
5161080,852,194,2026-04-06 14:29:57,,
5161081,852,194,2026-04-06 14:29:57,,
5161082,852,194,2026-04-06 14:29:57,,
5161083,852,194,2026-04-06 14:29:57,,
5161084,852,194,2026-04-06 14:29:57,,
5161085,852,194,2026-04-06 14:29:57,,
5161086,852,194,2026-04-06 14:29:57,,
5161087,852,194,2026-04-06 14:29:57,,
5161088,852,194,2026-04-06 14:29:57,,
5161089,852,194,2026-04-06 14:29:57,,
5161090,852,194,2026-04-06 14:29:57,,
5161091,852,194,2026-04-06 14:29:57,,
5161092,852,194,2026-04-06 14:29:57,,
5161093,852,194,2026-04-06 14:29:57,,
5161094,852,194,2026-04-06 14:29:57,,
5161095,852,194,2026-04-06 14:29:57,,
5161096,852,194,2026-04-06 14:29:57,,
5161097,852,194,2026-04-06 14:29:57,,
5161098,852,194,2026-04-06 14:29:57,,
5161099,852,194,2026-04-06 14:29:57,,
5161100,852,194,2026-04-06 14:29:57,,
5161101,852,194,2026-04-06 14:29:57,,
5161102,852,194,2026-04-06 14:29:57,,
5161103,852,194,2026-04-06 14:29:57,,
5161104,852,194,2026-04-06 14:29:57,,
5161105,852,194,2026-04-06 14:29:57,,
5161106,852,194,2026-04-06 14:29:57,,
5159908,852,194,2026-04-06 14:29:57,,
5159909,852,194,2026-04-06 14:29:57,,
5159910,852,194,2026-04-06 14:29:57,,
5159911,852,194,2026-04-06 14:29:57,,
5159912,852,194,2026-04-06 14:29:57,,
5159913,852,194,2026-04-06 14:29:57,,
5159914,852,194,2026-04-06 14:29:57,,
5159915,852,194,2026-04-06 14:29:57,,
5159916,852,194,2026-04-06 14:29:57,,
5159917,852,194,2026-04-06 14:29:57,,
5159918,852,194,2026-04-06 14:29:57,,
5159919,852,194,2026-04-06 14:29:57,,
5159920,852,194,2026-04-06 14:29:57,,
5159921,852,194,2026-04-06 14:29:57,,
5159922,852,194,2026-04-06 14:29:57,,
5159923,852,194,2026-04-06 14:29:57,,
5159924,852,194,2026-04-06 14:29:57,,
5159925,852,194,2026-04-06 14:29:57,,
5159926,852,194,2026-04-06 14:29:57,,
5159927,852,194,2026-04-06 14:29:57,,
5159928,852,194,2026-04-06 14:29:57,,
5159929,852,194,2026-04-06 14:29:57,,
5159930,852,194,2026-04-06 14:29:57,,
5159931,852,194,2026-04-06 14:29:57,,
5159932,852,194,2026-04-06 14:29:57,,
5159933,852,194,2026-04-06 14:29:57,,
5159934,852,194,2026-04-06 14:29:57,,
5159935,852,194,2026-04-06 14:29:57,,
5159936,852,194,2026-04-06 14:29:57,,
5159937,852,194,2026-04-06 14:29:57,,
5159938,852,194,2026-04-06 14:29:57,,
5159939,852,194,2026-04-06 14:29:57,,
5159940,852,194,2026-04-06 14:29:57,,
5159941,852,194,2026-04-06 14:29:57,,
5159942,852,194,2026-04-06 14:29:57,,
5159943,852,194,2026-04-06 14:29:57,,
5159944,852,194,2026-04-06 14:29:57,,
5159945,852,194,2026-04-06 14:29:57,,
5159946,852,194,2026-04-06 14:29:57,,
5159947,852,194,2026-04-06 14:29:57,,
5159948,852,194,2026-04-06 14:29:57,,
5159949,852,194,2026-04-06 14:29:57,,
5159950,852,194,2026-04-06 14:29:57,,
5159951,852,194,2026-04-06 14:29:57,,
5159952,852,194,2026-04-06 14:29:57,,
5159953,852,194,2026-04-06 14:29:57,,
5159954,852,194,2026-04-06 14:29:57,,
5159955,852,194,2026-04-06 14:29:57,,
5159956,852,194,2026-04-06 14:29:57,,
5159957,852,194,2026-04-06 14:29:57,,
5159958,852,194,2026-04-06 14:29:57,,
5159959,852,194,2026-04-06 14:29:57,,
5159960,852,194,2026-04-06 14:29:57,,
5159961,852,194,2026-04-06 14:29:57,,
5159962,852,194,2026-04-06 14:29:57,,
5159963,852,194,2026-04-06 14:29:57,,
5159964,852,194,2026-04-06 14:29:57,,
5159965,852,194,2026-04-06 14:29:57,,
5159966,852,194,2026-04-06 14:29:57,,
5159967,852,194,2026-04-06 14:29:57,,
5159968,852,194,2026-04-06 14:29:57,,
5159969,852,194,2026-04-06 14:29:57,,
5159970,852,194,2026-04-06 14:29:57,,
5159971,852,194,2026-04-06 14:29:57,,
5159972,852,194,2026-04-06 14:29:57,,
5159973,852,194,2026-04-06 14:29:57,,
5159974,852,194,2026-04-06 14:29:57,,
5159975,852,194,2026-04-06 14:29:57,,
5159976,852,194,2026-04-06 14:29:57,,
5159977,852,194,2026-04-06 14:29:57,,
5159978,852,194,2026-04-06 14:29:57,,
5159979,852,194,2026-04-06 14:29:57,,
5159980,852,194,2026-04-06 14:29:57,,
5159981,852,194,2026-04-06 14:29:57,,
5159982,852,194,2026-04-06 14:29:57,,
5159983,852,194,2026-04-06 14:29:57,,
5159984,852,194,2026-04-06 14:29:57,,
5159985,852,194,2026-04-06 14:29:57,,
5159986,852,194,2026-04-06 14:29:57,,
5159987,852,194,2026-04-06 14:29:57,,
5159988,852,194,2026-04-06 14:29:57,,
5159989,852,194,2026-04-06 14:29:57,,
5159990,852,194,2026-04-06 14:29:57,,
5159991,852,194,2026-04-06 14:29:57,,
5159992,852,194,2026-04-06 14:29:57,,
5159993,852,194,2026-04-06 14:29:57,,
5159994,852,194,2026-04-06 14:29:57,,
5159995,852,194,2026-04-06 14:29:57,,
5159996,852,194,2026-04-06 14:29:57,,
5159997,852,194,2026-04-06 14:29:57,,
5159998,852,194,2026-04-06 14:29:57,,
5159999,852,194,2026-04-06 14:29:57,,
5160000,852,194,2026-04-06 14:29:57,,
5160001,852,194,2026-04-06 14:29:57,,
5160002,852,194,2026-04-06 14:29:57,,
5160003,852,194,2026-04-06 14:29:57,,
5160004,852,194,2026-04-06 14:29:57,,
5160005,852,194,2026-04-06 14:29:57,,
5160006,852,194,2026-04-06 14:29:57,,
5160007,852,194,2026-04-06 14:29:57,,
5160008,852,194,2026-04-06 14:29:57,,
5160009,852,194,2026-04-06 14:29:57,,
5160010,852,194,2026-04-06 14:29:57,,
5160011,852,194,2026-04-06 14:29:57,,
5160012,852,194,2026-04-06 14:29:57,,
5160013,852,194,2026-04-06 14:29:57,,
5160014,852,194,2026-04-06 14:29:57,,
5160015,852,194,2026-04-06 14:29:57,,
5160016,852,194,2026-04-06 14:29:57,,
5160017,852,194,2026-04-06 14:29:57,,
5160018,852,194,2026-04-06 14:29:57,,
5160019,852,194,2026-04-06 14:29:57,,
5160020,852,194,2026-04-06 14:29:57,,
5160021,852,194,2026-04-06 14:29:57,,
5160022,852,194,2026-04-06 14:29:57,,
5160023,852,194,2026-04-06 14:29:57,,
5160024,852,194,2026-04-06 14:29:57,,
5160025,852,194,2026-04-06 14:29:57,,
5160026,852,194,2026-04-06 14:29:57,,
5160027,852,194,2026-04-06 14:29:57,,
5160028,852,194,2026-04-06 14:29:57,,
5160029,852,194,2026-04-06 14:29:57,,
5160030,852,194,2026-04-06 14:29:57,,
5160031,852,194,2026-04-06 14:29:57,,
5160032,852,194,2026-04-06 14:29:57,,
5160033,852,194,2026-04-06 14:29:57,,
5160034,852,194,2026-04-06 14:29:57,,
5160035,852,194,2026-04-06 14:29:57,,
5160036,852,194,2026-04-06 14:29:57,,
5160037,852,194,2026-04-06 14:29:57,,
5160038,852,194,2026-04-06 14:29:57,,
5160039,852,194,2026-04-06 14:29:57,,
5160040,852,194,2026-04-06 14:29:57,,
5160041,852,194,2026-04-06 14:29:57,,
5160042,852,194,2026-04-06 14:29:57,,
5160043,852,194,2026-04-06 14:29:57,,
5160044,852,194,2026-04-06 14:29:57,,
5160045,852,194,2026-04-06 14:29:57,,
5160046,852,194,2026-04-06 14:29:57,,
5160047,852,194,2026-04-06 14:29:57,,
5160048,852,194,2026-04-06 14:29:57,,
5160049,852,194,2026-04-06 14:29:57,,
5160050,852,194,2026-04-06 14:29:57,,
5160051,852,194,2026-04-06 14:29:57,,
5160052,852,194,2026-04-06 14:29:57,,
5160053,852,194,2026-04-06 14:29:57,,
5160054,852,194,2026-04-06 14:29:57,,
5160055,852,194,2026-04-06 14:29:57,,
5160056,852,194,2026-04-06 14:29:57,,
5160057,852,194,2026-04-06 14:29:57,,
5160058,852,194,2026-04-06 14:29:57,,
5160059,852,194,2026-04-06 14:29:57,,
5160060,852,194,2026-04-06 14:29:57,,
5160061,852,194,2026-04-06 14:29:57,,
5160062,852,194,2026-04-06 14:29:57,,
5160063,852,194,2026-04-06 14:29:57,,
5160064,852,194,2026-04-06 14:29:57,,
5160065,852,194,2026-04-06 14:29:57,,
5160066,852,194,2026-04-06 14:29:57,,
5160067,852,194,2026-04-06 14:29:57,,
5160068,852,194,2026-04-06 14:29:57,,
5160069,852,194,2026-04-06 14:29:57,,
5160070,852,194,2026-04-06 14:29:57,,
5160071,852,194,2026-04-06 14:29:57,,
5160072,852,194,2026-04-06 14:29:57,,
5160073,852,194,2026-04-06 14:29:57,,
5160074,852,194,2026-04-06 14:29:57,,
5160075,852,194,2026-04-06 14:29:57,,
5160076,852,194,2026-04-06 14:29:57,,
5160077,852,194,2026-04-06 14:29:57,,
5160078,852,194,2026-04-06 14:29:57,,
5160079,852,194,2026-04-06 14:29:57,,
5160080,852,194,2026-04-06 14:29:57,,
5160081,852,194,2026-04-06 14:29:57,,
5160082,852,194,2026-04-06 14:29:57,,
5160083,852,194,2026-04-06 14:29:57,,
5160084,852,194,2026-04-06 14:29:57,,
5160085,852,194,2026-04-06 14:29:57,,
5160086,852,194,2026-04-06 14:29:57,,
5160087,852,194,2026-04-06 14:29:57,,
5160088,852,194,2026-04-06 14:29:57,,
5160089,852,194,2026-04-06 14:29:57,,
5160090,852,194,2026-04-06 14:29:57,,
5160091,852,194,2026-04-06 14:29:57,,
5160092,852,194,2026-04-06 14:29:57,,
5160093,852,194,2026-04-06 14:29:57,,
5160094,852,194,2026-04-06 14:29:57,,
5160095,852,194,2026-04-06 14:29:57,,
5160096,852,194,2026-04-06 14:29:57,,
5160097,852,194,2026-04-06 14:29:57,,
5160098,852,194,2026-04-06 14:29:57,,
5160099,852,194,2026-04-06 14:29:57,,
5160100,852,194,2026-04-06 14:29:57,,
5160101,852,194,2026-04-06 14:29:57,,
5160102,852,194,2026-04-06 14:29:57,,
5160103,852,194,2026-04-06 14:29:57,,
5160104,852,194,2026-04-06 14:29:57,,
5160105,852,194,2026-04-06 14:29:57,,
5160106,852,194,2026-04-06 14:29:57,,
5160107,852,194,2026-04-06 14:29:57,,
5161908,852,194,2026-04-06 14:29:57,,
5161909,852,194,2026-04-06 14:29:57,,
5161910,852,194,2026-04-06 14:29:57,,
5161911,852,194,2026-04-06 14:29:57,,
5161912,852,194,2026-04-06 14:29:57,,
5161913,852,194,2026-04-06 14:29:57,,
5161914,852,194,2026-04-06 14:29:57,,
5161915,852,194,2026-04-06 14:29:57,,
5161916,852,194,2026-04-06 14:29:57,,
5161917,852,194,2026-04-06 14:29:57,,
5162041,852,194,2026-04-06 14:29:57,,
5161918,852,194,2026-04-06 14:29:57,,
5161919,852,194,2026-04-06 14:29:57,,
5161920,852,194,2026-04-06 14:29:57,,
5161921,852,194,2026-04-06 14:29:57,,
5161922,852,194,2026-04-06 14:29:57,,
5161923,852,194,2026-04-06 14:29:57,,
5161924,852,194,2026-04-06 14:29:57,,
5161925,852,194,2026-04-06 14:29:57,,
5161926,852,194,2026-04-06 14:29:57,,
5161927,852,194,2026-04-06 14:29:57,,
5161928,852,194,2026-04-06 14:29:57,,
5161929,852,194,2026-04-06 14:29:57,,
5161930,852,194,2026-04-06 14:29:57,,
5161931,852,194,2026-04-06 14:29:57,,
5161932,852,194,2026-04-06 14:29:57,,
5161933,852,194,2026-04-06 14:29:57,,
5161934,852,194,2026-04-06 14:29:57,,
5161935,852,194,2026-04-06 14:29:57,,
5161936,852,194,2026-04-06 14:29:57,,
5161937,852,194,2026-04-06 14:29:57,,
5161938,852,194,2026-04-06 14:29:57,,
5161939,852,194,2026-04-06 14:29:57,,
5161940,852,194,2026-04-06 14:29:57,,
5161941,852,194,2026-04-06 14:29:57,,
5161942,852,194,2026-04-06 14:29:57,,
5161943,852,194,2026-04-06 14:29:57,,
5161944,852,194,2026-04-06 14:29:57,,
5161945,852,194,2026-04-06 14:29:57,,
5161946,852,194,2026-04-06 14:29:57,,
5161947,852,194,2026-04-06 14:29:57,,
5161948,852,194,2026-04-06 14:29:57,,
5161949,852,194,2026-04-06 14:29:57,,
5161951,852,194,2026-04-06 14:29:57,,
5161952,852,194,2026-04-06 14:29:57,,
5161953,852,194,2026-04-06 14:29:57,,
5161954,852,194,2026-04-06 14:29:57,,
5161955,852,194,2026-04-06 14:29:57,,
5161956,852,194,2026-04-06 14:29:57,,
5161957,852,194,2026-04-06 14:29:57,,
5161958,852,194,2026-04-06 14:29:57,,
5161959,852,194,2026-04-06 14:29:57,,
5161960,852,194,2026-04-06 14:29:57,,
5161961,852,194,2026-04-06 14:29:57,,
5161962,852,194,2026-04-06 14:29:57,,
5161963,852,194,2026-04-06 14:29:57,,
5161964,852,194,2026-04-06 14:29:57,,
5161965,852,194,2026-04-06 14:29:57,,
5161966,852,194,2026-04-06 14:29:57,,
5161967,852,194,2026-04-06 14:29:57,,
5161968,852,194,2026-04-06 14:29:57,,
5161969,852,194,2026-04-06 14:29:57,,
5161970,852,194,2026-04-06 14:29:57,,
5161971,852,194,2026-04-06 14:29:57,,
5161972,852,194,2026-04-06 14:29:57,,
5161973,852,194,2026-04-06 14:29:57,,
5161974,852,194,2026-04-06 14:29:57,,
5161975,852,194,2026-04-06 14:29:57,,
5161976,852,194,2026-04-06 14:29:57,,
5161977,852,194,2026-04-06 14:29:57,,
5161978,852,194,2026-04-06 14:29:57,,
5161979,852,194,2026-04-06 14:29:57,,
5161980,852,194,2026-04-06 14:29:57,,
5162042,852,194,2026-04-06 14:29:57,,
5161981,852,194,2026-04-06 14:29:57,,
5161982,852,194,2026-04-06 14:29:57,,
5161983,852,194,2026-04-06 14:29:57,,
5161984,852,194,2026-04-06 14:29:57,,
5161985,852,194,2026-04-06 14:29:57,,
5161986,852,194,2026-04-06 14:29:57,,
5161987,852,194,2026-04-06 14:29:57,,
5161988,852,194,2026-04-06 14:29:57,,
5161989,852,194,2026-04-06 14:29:57,,
5161990,852,194,2026-04-06 14:29:57,,
5161991,852,194,2026-04-06 14:29:57,,
5161992,852,194,2026-04-06 14:29:57,,
5161993,852,194,2026-04-06 14:29:57,,
5161994,852,194,2026-04-06 14:29:57,,
5161995,852,194,2026-04-06 14:29:57,,
5161996,852,194,2026-04-06 14:29:57,,
5161997,852,194,2026-04-06 14:29:57,,
5161998,852,194,2026-04-06 14:29:57,,
5161999,852,194,2026-04-06 14:29:57,,
5162000,852,194,2026-04-06 14:29:57,,
5162001,852,194,2026-04-06 14:29:57,,
5162002,852,194,2026-04-06 14:29:57,,
5162003,852,194,2026-04-06 14:29:57,,
5162004,852,194,2026-04-06 14:29:57,,
5162005,852,194,2026-04-06 14:29:57,,
5162006,852,194,2026-04-06 14:29:57,,
5162007,852,194,2026-04-06 14:29:57,,
5162008,852,194,2026-04-06 14:29:57,,
5162009,852,194,2026-04-06 14:29:57,,
5162010,852,194,2026-04-06 14:29:57,,
5162011,852,194,2026-04-06 14:29:57,,
5162012,852,194,2026-04-06 14:29:57,,
5162013,852,194,2026-04-06 14:29:57,,
5162014,852,194,2026-04-06 14:29:57,,
5162015,852,194,2026-04-06 14:29:57,,
5162016,852,194,2026-04-06 14:29:57,,
5162017,852,194,2026-04-06 14:29:57,,
5162018,852,194,2026-04-06 14:29:57,,
5162019,852,194,2026-04-06 14:29:57,,
5162020,852,194,2026-04-06 14:29:57,,
5162021,852,194,2026-04-06 14:29:57,,
5162022,852,194,2026-04-06 14:29:57,,
5162023,852,194,2026-04-06 14:29:57,,
5162024,852,194,2026-04-06 14:29:57,,
5162025,852,194,2026-04-06 14:29:57,,
5162026,852,194,2026-04-06 14:29:57,,
5162027,852,194,2026-04-06 14:29:57,,
5162028,852,194,2026-04-06 14:29:57,,
5162029,852,194,2026-04-06 14:29:57,,
5162030,852,194,2026-04-06 14:29:57,,
5162031,852,194,2026-04-06 14:29:57,,
5162032,852,194,2026-04-06 14:29:57,,
5162033,852,194,2026-04-06 14:29:57,,
5162034,852,194,2026-04-06 14:29:57,,
5162035,852,194,2026-04-06 14:29:57,,
5162036,852,194,2026-04-06 14:29:57,,
5162037,852,194,2026-04-06 14:29:57,,
5162038,852,194,2026-04-06 14:29:57,,
5162039,852,194,2026-04-06 14:29:57,,
5162040,852,194,2026-04-06 14:29:57,,
5162043,852,194,2026-04-06 14:29:57,,
5162044,852,194,2026-04-06 14:29:57,,
5162045,852,194,2026-04-06 14:29:57,,
5162046,852,194,2026-04-06 14:29:57,,
5162047,852,194,2026-04-06 14:29:57,,
5162048,852,194,2026-04-06 14:29:57,,
5162049,852,194,2026-04-06 14:29:57,,
5162050,852,194,2026-04-06 14:29:57,,
5162051,852,194,2026-04-06 14:29:57,,
5162052,852,194,2026-04-06 14:29:57,,
5162053,852,194,2026-04-06 14:29:57,,
5162054,852,194,2026-04-06 14:29:57,,
5162055,852,194,2026-04-06 14:29:57,,
5162056,852,194,2026-04-06 14:29:57,,
5162057,852,194,2026-04-06 14:29:57,,
5162058,852,194,2026-04-06 14:29:57,,
5162059,852,194,2026-04-06 14:29:57,,
5162060,852,194,2026-04-06 14:29:57,,
5162061,852,194,2026-04-06 14:29:57,,
5162062,852,194,2026-04-06 14:29:57,,
5162063,852,194,2026-04-06 14:29:57,,
5162064,852,194,2026-04-06 14:29:57,,
5162065,852,194,2026-04-06 14:29:57,,
5162066,852,194,2026-04-06 14:29:57,,
5162067,852,194,2026-04-06 14:29:57,,
5162068,852,194,2026-04-06 14:29:57,,
5162069,852,194,2026-04-06 14:29:57,,
5162070,852,194,2026-04-06 14:29:57,,
5162071,852,194,2026-04-06 14:29:57,,
5162072,852,194,2026-04-06 14:29:57,,
5162073,852,194,2026-04-06 14:29:57,,
5162074,852,194,2026-04-06 14:29:57,,
5162075,852,194,2026-04-06 14:29:57,,
5162076,852,194,2026-04-06 14:29:57,,
5162077,852,194,2026-04-06 14:29:57,,
5162078,852,194,2026-04-06 14:29:57,,
5162079,852,194,2026-04-06 14:29:57,,
5162080,852,194,2026-04-06 14:29:57,,
5162081,852,194,2026-04-06 14:29:57,,
5162082,852,194,2026-04-06 14:29:57,,
5162083,852,194,2026-04-06 14:29:57,,
5162084,852,194,2026-04-06 14:29:57,,
5162085,852,194,2026-04-06 14:29:57,,
5162086,852,194,2026-04-06 14:29:57,,
5162087,852,194,2026-04-06 14:29:57,,
5162088,852,194,2026-04-06 14:29:57,,
5162089,852,194,2026-04-06 14:29:57,,
5162090,852,194,2026-04-06 14:29:57,,
5162091,852,194,2026-04-06 14:29:57,,
5162092,852,194,2026-04-06 14:29:57,,
5162093,852,194,2026-04-06 14:29:57,,
5162094,852,194,2026-04-06 14:29:57,,
5162095,852,194,2026-04-06 14:29:57,,
5162096,852,194,2026-04-06 14:29:57,,
5162097,852,194,2026-04-06 14:29:57,,
5162098,852,194,2026-04-06 14:29:57,,
5162099,852,194,2026-04-06 14:29:57,,
5162100,852,194,2026-04-06 14:29:57,,
5162101,852,194,2026-04-06 14:29:57,,
5162102,852,194,2026-04-06 14:29:57,,
5162103,852,194,2026-04-06 14:29:57,,
5162104,852,194,2026-04-06 14:29:57,,
5162105,852,194,2026-04-06 14:29:57,,
5162106,852,194,2026-04-06 14:29:57,,
5162107,852,194,2026-04-06 14:29:57,,
5162108,852,194,2026-04-06 14:29:57,,
5161709,852,194,2026-04-06 14:29:57,,
5161710,852,194,2026-04-06 14:29:57,,
5161711,852,194,2026-04-06 14:29:57,,
5161712,852,194,2026-04-06 14:29:57,,
5161713,852,194,2026-04-06 14:29:57,,
5161714,852,194,2026-04-06 14:29:57,,
5161715,852,194,2026-04-06 14:29:57,,
5161716,852,194,2026-04-06 14:29:57,,
5161717,852,194,2026-04-06 14:29:57,,
5161718,852,194,2026-04-06 14:29:57,,
5161719,852,194,2026-04-06 14:29:57,,
5161720,852,194,2026-04-06 14:29:57,,
5161721,852,194,2026-04-06 14:29:57,,
5161722,852,194,2026-04-06 14:29:57,,
5161723,852,194,2026-04-06 14:29:57,,
5161724,852,194,2026-04-06 14:29:57,,
5161725,852,194,2026-04-06 14:29:57,,
5161726,852,194,2026-04-06 14:29:57,,
5161727,852,194,2026-04-06 14:29:57,,
5161728,852,194,2026-04-06 14:29:57,,
5161729,852,194,2026-04-06 14:29:57,,
5161730,852,194,2026-04-06 14:29:57,,
5161731,852,194,2026-04-06 14:29:57,,
5161732,852,194,2026-04-06 14:29:57,,
5161733,852,194,2026-04-06 14:29:57,,
5161734,852,194,2026-04-06 14:29:57,,
5161735,852,194,2026-04-06 14:29:57,,
5161736,852,194,2026-04-06 14:29:57,,
5161737,852,194,2026-04-06 14:29:57,,
5161738,852,194,2026-04-06 14:29:57,,
5161739,852,194,2026-04-06 14:29:57,,
5161740,852,194,2026-04-06 14:29:57,,
5161741,852,194,2026-04-06 14:29:57,,
5161742,852,194,2026-04-06 14:29:57,,
5161743,852,194,2026-04-06 14:29:57,,
5161744,852,194,2026-04-06 14:29:57,,
5161745,852,194,2026-04-06 14:29:57,,
5161746,852,194,2026-04-06 14:29:57,,
5161747,852,194,2026-04-06 14:29:57,,
5161748,852,194,2026-04-06 14:29:57,,
5161749,852,194,2026-04-06 14:29:57,,
5161750,852,194,2026-04-06 14:29:57,,
5161751,852,194,2026-04-06 14:29:57,,
5161752,852,194,2026-04-06 14:29:57,,
5161753,852,194,2026-04-06 14:29:57,,
5161754,852,194,2026-04-06 14:29:57,,
5161755,852,194,2026-04-06 14:29:57,,
5161756,852,194,2026-04-06 14:29:57,,
5161757,852,194,2026-04-06 14:29:57,,
5161758,852,194,2026-04-06 14:29:57,,
5161759,852,194,2026-04-06 14:29:57,,
5161760,852,194,2026-04-06 14:29:57,,
5161761,852,194,2026-04-06 14:29:57,,
5161762,852,194,2026-04-06 14:29:57,,
5161763,852,194,2026-04-06 14:29:57,,
5161764,852,194,2026-04-06 14:29:57,,
5161765,852,194,2026-04-06 14:29:57,,
5161766,852,194,2026-04-06 14:29:57,,
5161767,852,194,2026-04-06 14:29:57,,
5161768,852,194,2026-04-06 14:29:57,,
5161769,852,194,2026-04-06 14:29:57,,
5161770,852,194,2026-04-06 14:29:57,,
5161771,852,194,2026-04-06 14:29:57,,
5161772,852,194,2026-04-06 14:29:57,,
5161773,852,194,2026-04-06 14:29:57,,
5161774,852,194,2026-04-06 14:29:57,,
5161775,852,194,2026-04-06 14:29:57,,
5161776,852,194,2026-04-06 14:29:57,,
5161777,852,194,2026-04-06 14:29:57,,
5161778,852,194,2026-04-06 14:29:57,,
5161779,852,194,2026-04-06 14:29:57,,
5161780,852,194,2026-04-06 14:29:57,,
5161781,852,194,2026-04-06 14:29:57,,
5161782,852,194,2026-04-06 14:29:57,,
5161783,852,194,2026-04-06 14:29:57,,
5161784,852,194,2026-04-06 14:29:57,,
5161785,852,194,2026-04-06 14:29:57,,
5161786,852,194,2026-04-06 14:29:57,,
5161787,852,194,2026-04-06 14:29:57,,
5161788,852,194,2026-04-06 14:29:57,,
5161789,852,194,2026-04-06 14:29:57,,
5161790,852,194,2026-04-06 14:29:57,,
5161791,852,194,2026-04-06 14:29:57,,
5161792,852,194,2026-04-06 14:29:57,,
5161793,852,194,2026-04-06 14:29:57,,
5161794,852,194,2026-04-06 14:29:57,,
5161795,852,194,2026-04-06 14:29:57,,
5161796,852,194,2026-04-06 14:29:57,,
5161797,852,194,2026-04-06 14:29:57,,
5161798,852,194,2026-04-06 14:29:57,,
5161799,852,194,2026-04-06 14:29:57,,
5161800,852,194,2026-04-06 14:29:57,,
5161801,852,194,2026-04-06 14:29:57,,
5161802,852,194,2026-04-06 14:29:57,,
5161803,852,194,2026-04-06 14:29:57,,
5161804,852,194,2026-04-06 14:29:57,,
5161805,852,194,2026-04-06 14:29:57,,
5161806,852,194,2026-04-06 14:29:57,,
5161807,852,194,2026-04-06 14:29:57,,
5161808,852,194,2026-04-06 14:29:57,,
5161809,852,194,2026-04-06 14:29:57,,
5161810,852,194,2026-04-06 14:29:57,,
5161811,852,194,2026-04-06 14:29:57,,
5161812,852,194,2026-04-06 14:29:57,,
5161813,852,194,2026-04-06 14:29:57,,
5161814,852,194,2026-04-06 14:29:57,,
5161815,852,194,2026-04-06 14:29:57,,
5161816,852,194,2026-04-06 14:29:57,,
5161817,852,194,2026-04-06 14:29:57,,
5161818,852,194,2026-04-06 14:29:57,,
5161819,852,194,2026-04-06 14:29:57,,
5161820,852,194,2026-04-06 14:29:57,,
5161821,852,194,2026-04-06 14:29:57,,
5161822,852,194,2026-04-06 14:29:57,,
5161823,852,194,2026-04-06 14:29:57,,
5161824,852,194,2026-04-06 14:29:57,,
5161825,852,194,2026-04-06 14:29:57,,
5161826,852,194,2026-04-06 14:29:57,,
5161827,852,194,2026-04-06 14:29:57,,
5161828,852,194,2026-04-06 14:29:57,,
5161829,852,194,2026-04-06 14:29:57,,
5161830,852,194,2026-04-06 14:29:57,,
5161831,852,194,2026-04-06 14:29:57,,
5161832,852,194,2026-04-06 14:29:57,,
5161833,852,194,2026-04-06 14:29:57,,
5161834,852,194,2026-04-06 14:29:57,,
5161835,852,194,2026-04-06 14:29:57,,
5161836,852,194,2026-04-06 14:29:57,,
5161837,852,194,2026-04-06 14:29:57,,
5161838,852,194,2026-04-06 14:29:57,,
5161839,852,194,2026-04-06 14:29:57,,
5161840,852,194,2026-04-06 14:29:57,,
5161841,852,194,2026-04-06 14:29:57,,
5161842,852,194,2026-04-06 14:29:57,,
5161843,852,194,2026-04-06 14:29:57,,
5161844,852,194,2026-04-06 14:29:57,,
5161845,852,194,2026-04-06 14:29:57,,
5161846,852,194,2026-04-06 14:29:57,,
5161847,852,194,2026-04-06 14:29:57,,
5161848,852,194,2026-04-06 14:29:57,,
5161849,852,194,2026-04-06 14:29:57,,
5161850,852,194,2026-04-06 14:29:57,,
5161851,852,194,2026-04-06 14:29:57,,
5161852,852,194,2026-04-06 14:29:57,,
5161853,852,194,2026-04-06 14:29:57,,
5161854,852,194,2026-04-06 14:29:57,,
5161855,852,194,2026-04-06 14:29:57,,
5161856,852,194,2026-04-06 14:29:57,,
5161857,852,194,2026-04-06 14:29:57,,
5161858,852,194,2026-04-06 14:29:57,,
5161859,852,194,2026-04-06 14:29:57,,
5161860,852,194,2026-04-06 14:29:57,,
5161861,852,194,2026-04-06 14:29:57,,
5161862,852,194,2026-04-06 14:29:57,,
5161863,852,194,2026-04-06 14:29:57,,
5161864,852,194,2026-04-06 14:29:57,,
5161865,852,194,2026-04-06 14:29:57,,
5161866,852,194,2026-04-06 14:29:57,,
5161867,852,194,2026-04-06 14:29:57,,
5161868,852,194,2026-04-06 14:29:57,,
5161869,852,194,2026-04-06 14:29:57,,
5161870,852,194,2026-04-06 14:29:57,,
5161871,852,194,2026-04-06 14:29:57,,
5161872,852,194,2026-04-06 14:29:57,,
5161873,852,194,2026-04-06 14:29:57,,
5161874,852,194,2026-04-06 14:29:57,,
5161875,852,194,2026-04-06 14:29:57,,
5161876,852,194,2026-04-06 14:29:57,,
5161877,852,194,2026-04-06 14:29:57,,
5161878,852,194,2026-04-06 14:29:57,,
5161879,852,194,2026-04-06 14:29:57,,
5161880,852,194,2026-04-06 14:29:57,,
5161881,852,194,2026-04-06 14:29:57,,
5161882,852,194,2026-04-06 14:29:57,,
5161950,852,194,2026-04-06 14:29:57,,
5161883,852,194,2026-04-06 14:29:57,,
5161884,852,194,2026-04-06 14:29:57,,
5161885,852,194,2026-04-06 14:29:57,,
5161886,852,194,2026-04-06 14:29:57,,
5161887,852,194,2026-04-06 14:29:57,,
5161888,852,194,2026-04-06 14:29:57,,
5161889,852,194,2026-04-06 14:29:57,,
5161890,852,194,2026-04-06 14:29:57,,
5161891,852,194,2026-04-06 14:29:57,,
5161892,852,194,2026-04-06 14:29:57,,
5161893,852,194,2026-04-06 14:29:57,,
5161894,852,194,2026-04-06 14:29:57,,
5161895,852,194,2026-04-06 14:29:57,,
5161896,852,194,2026-04-06 14:29:57,,
5161897,852,194,2026-04-06 14:29:57,,
5161898,852,194,2026-04-06 14:29:57,,
5161899,852,194,2026-04-06 14:29:57,,
5161900,852,194,2026-04-06 14:29:57,,
5161901,852,194,2026-04-06 14:29:57,,
5161902,852,194,2026-04-06 14:29:57,,
5161903,852,194,2026-04-06 14:29:57,,
5161904,852,194,2026-04-06 14:29:57,,
5161905,852,194,2026-04-06 14:29:57,,
5161906,852,194,2026-04-06 14:29:57,,
5161907,852,194,2026-04-06 14:29:57,,
5162109,852,194,2026-04-06 14:29:57,,
5162110,852,194,2026-04-06 14:29:57,,
5162111,852,194,2026-04-06 14:29:57,,
5162112,852,194,2026-04-06 14:29:57,,
5162113,852,194,2026-04-06 14:29:57,,
5162114,852,194,2026-04-06 14:29:57,,
5162115,852,194,2026-04-06 14:29:57,,
5162116,852,194,2026-04-06 14:29:57,,
5162117,852,194,2026-04-06 14:29:57,,
5162118,852,194,2026-04-06 14:29:57,,
5162119,852,194,2026-04-06 14:29:57,,
5162120,852,194,2026-04-06 14:29:57,,
5162121,852,194,2026-04-06 14:29:57,,
5162122,852,194,2026-04-06 14:29:57,,
5162123,852,194,2026-04-06 14:29:57,,
5162124,852,194,2026-04-06 14:29:57,,
5162125,852,194,2026-04-06 14:29:57,,
5162126,852,194,2026-04-06 14:29:57,,
5162127,852,194,2026-04-06 14:29:57,,
5162128,852,194,2026-04-06 14:29:57,,
5162129,852,194,2026-04-06 14:29:57,,
5162130,852,194,2026-04-06 14:29:57,,
5162131,852,194,2026-04-06 14:29:57,,
5162132,852,194,2026-04-06 14:29:57,,
5162133,852,194,2026-04-06 14:29:57,,
5162134,852,194,2026-04-06 14:29:57,,
5162135,852,194,2026-04-06 14:29:57,,
5162136,852,194,2026-04-06 14:29:57,,
5162137,852,194,2026-04-06 14:29:57,,
5162138,852,194,2026-04-06 14:29:57,,
5162139,852,194,2026-04-06 14:29:57,,
5162140,852,194,2026-04-06 14:29:57,,
5162141,852,194,2026-04-06 14:29:57,,
5162142,852,194,2026-04-06 14:29:57,,
5162143,852,194,2026-04-06 14:29:57,,
5162144,852,194,2026-04-06 14:29:57,,
5162145,852,194,2026-04-06 14:29:57,,
5162146,852,194,2026-04-06 14:29:57,,
5162147,852,194,2026-04-06 14:29:57,,
5162148,852,194,2026-04-06 14:29:57,,
5162149,852,194,2026-04-06 14:29:57,,
5162150,852,194,2026-04-06 14:29:57,,
5162151,852,194,2026-04-06 14:29:57,,
5162152,852,194,2026-04-06 14:29:57,,
5162153,852,194,2026-04-06 14:29:57,,
5162154,852,194,2026-04-06 14:29:57,,
5162155,852,194,2026-04-06 14:29:57,,
5162156,852,194,2026-04-06 14:29:57,,
5162157,852,194,2026-04-06 14:29:57,,
5162158,852,194,2026-04-06 14:29:57,,
5162159,852,194,2026-04-06 14:29:57,,
5162160,852,194,2026-04-06 14:29:57,,
5162161,852,194,2026-04-06 14:29:57,,
5162162,852,194,2026-04-06 14:29:57,,
5162163,852,194,2026-04-06 14:29:57,,
5162164,852,194,2026-04-06 14:29:57,,
5162165,852,194,2026-04-06 14:29:57,,
5162166,852,194,2026-04-06 14:29:57,,
5162167,852,194,2026-04-06 14:29:57,,
5162198,852,194,2026-04-06 14:29:57,,
5162168,852,194,2026-04-06 14:29:57,,
5162169,852,194,2026-04-06 14:29:57,,
5162170,852,194,2026-04-06 14:29:57,,
5162171,852,194,2026-04-06 14:29:57,,
5162172,852,194,2026-04-06 14:29:57,,
5162173,852,194,2026-04-06 14:29:57,,
5162174,852,194,2026-04-06 14:29:57,,
5162175,852,194,2026-04-06 14:29:57,,
5162176,852,194,2026-04-06 14:29:57,,
5162177,852,194,2026-04-06 14:29:57,,
5162178,852,194,2026-04-06 14:29:57,,
5162179,852,194,2026-04-06 14:29:57,,
5162180,852,194,2026-04-06 14:29:57,,
5162181,852,194,2026-04-06 14:29:57,,
5162182,852,194,2026-04-06 14:29:57,,
5162183,852,194,2026-04-06 14:29:57,,
5162184,852,194,2026-04-06 14:29:57,,
5162185,852,194,2026-04-06 14:29:57,,
5162186,852,194,2026-04-06 14:29:57,,
5162187,852,194,2026-04-06 14:29:57,,
5162188,852,194,2026-04-06 14:29:57,,
5162189,852,194,2026-04-06 14:29:57,,
5162190,852,194,2026-04-06 14:29:57,,
5162191,852,194,2026-04-06 14:29:57,,
5162192,852,194,2026-04-06 14:29:57,,
5162193,852,194,2026-04-06 14:29:57,,
5162194,852,194,2026-04-06 14:29:57,,
5162195,852,194,2026-04-06 14:29:57,,
5162196,852,194,2026-04-06 14:29:57,,
5162197,852,194,2026-04-06 14:29:57,,
5162554,852,194,2026-04-06 14:29:57,,
5162199,852,194,2026-04-06 14:29:57,,
5162200,852,194,2026-04-06 14:29:57,,
5162201,852,194,2026-04-06 14:29:57,,
5162202,852,194,2026-04-06 14:29:57,,
5162203,852,194,2026-04-06 14:29:57,,
5162204,852,194,2026-04-06 14:29:57,,
5162205,852,194,2026-04-06 14:29:57,,
5162206,852,194,2026-04-06 14:29:57,,
5162207,852,194,2026-04-06 14:29:57,,
5162208,852,194,2026-04-06 14:29:57,,
5162209,852,194,2026-04-06 14:29:57,,
5162210,852,194,2026-04-06 14:29:57,,
5162211,852,194,2026-04-06 14:29:57,,
5162212,852,194,2026-04-06 14:29:57,,
5162213,852,194,2026-04-06 14:29:57,,
5162214,852,194,2026-04-06 14:29:57,,
5162215,852,194,2026-04-06 14:29:57,,
5162216,852,194,2026-04-06 14:29:57,,
5162217,852,194,2026-04-06 14:29:57,,
5162218,852,194,2026-04-06 14:29:57,,
5162219,852,194,2026-04-06 14:29:57,,
5162220,852,194,2026-04-06 14:29:57,,
5162221,852,194,2026-04-06 14:29:57,,
5162222,852,194,2026-04-06 14:29:57,,
5162223,852,194,2026-04-06 14:29:57,,
5162224,852,194,2026-04-06 14:29:57,,
5162225,852,194,2026-04-06 14:29:57,,
5162226,852,194,2026-04-06 14:29:57,,
5162227,852,194,2026-04-06 14:29:57,,
5162228,852,194,2026-04-06 14:29:57,,
5162229,852,194,2026-04-06 14:29:57,,
5162230,852,194,2026-04-06 14:29:57,,
5162231,852,194,2026-04-06 14:29:57,,
5162232,852,194,2026-04-06 14:29:57,,
5162233,852,194,2026-04-06 14:29:57,,
5162234,852,194,2026-04-06 14:29:57,,
5162235,852,194,2026-04-06 14:29:57,,
5162236,852,194,2026-04-06 14:29:57,,
5162237,852,194,2026-04-06 14:29:57,,
5162238,852,194,2026-04-06 14:29:57,,
5162239,852,194,2026-04-06 14:29:57,,
5162240,852,194,2026-04-06 14:29:57,,
5162241,852,194,2026-04-06 14:29:57,,
5162242,852,194,2026-04-06 14:29:57,,
5162243,852,194,2026-04-06 14:29:57,,
5162244,852,194,2026-04-06 14:29:57,,
5162245,852,194,2026-04-06 14:29:57,,
5162246,852,194,2026-04-06 14:29:57,,
5162247,852,194,2026-04-06 14:29:57,,
5162248,852,194,2026-04-06 14:29:57,,
5162249,852,194,2026-04-06 14:29:57,,
5162250,852,194,2026-04-06 14:29:57,,
5162251,852,194,2026-04-06 14:29:57,,
5162252,852,194,2026-04-06 14:29:57,,
5162253,852,194,2026-04-06 14:29:57,,
5162254,852,194,2026-04-06 14:29:57,,
5162255,852,194,2026-04-06 14:29:57,,
5162256,852,194,2026-04-06 14:29:57,,
5162257,852,194,2026-04-06 14:29:57,,
5162258,852,194,2026-04-06 14:29:57,,
5162259,852,194,2026-04-06 14:29:57,,
5162260,852,194,2026-04-06 14:29:57,,
5162261,852,194,2026-04-06 14:29:57,,
5162262,852,194,2026-04-06 14:29:57,,
5162263,852,194,2026-04-06 14:29:57,,
5162264,852,194,2026-04-06 14:29:57,,
5162265,852,194,2026-04-06 14:29:57,,
5162266,852,194,2026-04-06 14:29:57,,
5162267,852,194,2026-04-06 14:29:57,,
5162268,852,194,2026-04-06 14:29:57,,
5162269,852,194,2026-04-06 14:29:57,,
5162270,852,194,2026-04-06 14:29:57,,
5162271,852,194,2026-04-06 14:29:57,,
5162272,852,194,2026-04-06 14:29:57,,
5162273,852,194,2026-04-06 14:29:57,,
5162274,852,194,2026-04-06 14:29:57,,
5162275,852,194,2026-04-06 14:29:57,,
5162276,852,194,2026-04-06 14:29:57,,
5162277,852,194,2026-04-06 14:29:57,,
5162278,852,194,2026-04-06 14:29:57,,
5162279,852,194,2026-04-06 14:29:57,,
5162280,852,194,2026-04-06 14:29:57,,
5162281,852,194,2026-04-06 14:29:57,,
5162282,852,194,2026-04-06 14:29:57,,
5162283,852,194,2026-04-06 14:29:57,,
5162284,852,194,2026-04-06 14:29:57,,
5162285,852,194,2026-04-06 14:29:57,,
5162286,852,194,2026-04-06 14:29:57,,
5162287,852,194,2026-04-06 14:29:57,,
5162288,852,194,2026-04-06 14:29:57,,
5162289,852,194,2026-04-06 14:29:57,,
5162290,852,194,2026-04-06 14:29:57,,
5162291,852,194,2026-04-06 14:29:57,,
5162292,852,194,2026-04-06 14:29:57,,
5162293,852,194,2026-04-06 14:29:57,,
5162294,852,194,2026-04-06 14:29:57,,
5162295,852,194,2026-04-06 14:29:57,,
5162296,852,194,2026-04-06 14:29:57,,
5162297,852,194,2026-04-06 14:29:57,,
5162298,852,194,2026-04-06 14:29:57,,
5162299,852,194,2026-04-06 14:29:57,,
5162300,852,194,2026-04-06 14:29:57,,
5162301,852,194,2026-04-06 14:29:57,,
5162302,852,194,2026-04-06 14:29:57,,
5162303,852,194,2026-04-06 14:29:57,,
5162304,852,194,2026-04-06 14:29:57,,
5162305,852,194,2026-04-06 14:29:57,,
5162306,852,194,2026-04-06 14:29:57,,
5162307,852,194,2026-04-06 14:29:57,,
5162507,852,194,2026-04-06 14:29:57,,
5162508,852,194,2026-04-06 14:29:57,,
5162509,852,194,2026-04-06 14:29:57,,
5162510,852,194,2026-04-06 14:29:57,,
5162511,852,194,2026-04-06 14:29:57,,
5162512,852,194,2026-04-06 14:29:57,,
5162513,852,194,2026-04-06 14:29:57,,
5162514,852,194,2026-04-06 14:29:57,,
5162515,852,194,2026-04-06 14:29:57,,
5162516,852,194,2026-04-06 14:29:57,,
5162517,852,194,2026-04-06 14:29:57,,
5162518,852,194,2026-04-06 14:29:57,,
5162519,852,194,2026-04-06 14:29:57,,
5162520,852,194,2026-04-06 14:29:57,,
5162521,852,194,2026-04-06 14:29:57,,
5162522,852,194,2026-04-06 14:29:57,,
5162523,852,194,2026-04-06 14:29:57,,
5162524,852,194,2026-04-06 14:29:57,,
5162525,852,194,2026-04-06 14:29:57,,
5162526,852,194,2026-04-06 14:29:57,,
5162527,852,194,2026-04-06 14:29:57,,
5162528,852,194,2026-04-06 14:29:57,,
5162529,852,194,2026-04-06 14:29:57,,
5162530,852,194,2026-04-06 14:29:57,,
5162531,852,194,2026-04-06 14:29:57,,
5162532,852,194,2026-04-06 14:29:57,,
5162533,852,194,2026-04-06 14:29:57,,
5162534,852,194,2026-04-06 14:29:57,,
5162535,852,194,2026-04-06 14:29:57,,
5162536,852,194,2026-04-06 14:29:57,,
5162537,852,194,2026-04-06 14:29:57,,
5162538,852,194,2026-04-06 14:29:57,,
5162539,852,194,2026-04-06 14:29:57,,
5162540,852,194,2026-04-06 14:29:57,,
5162541,852,194,2026-04-06 14:29:57,,
5162542,852,194,2026-04-06 14:29:57,,
5162543,852,194,2026-04-06 14:29:57,,
5162544,852,194,2026-04-06 14:29:57,,
5162545,852,194,2026-04-06 14:29:57,,
5162546,852,194,2026-04-06 14:29:57,,
5162547,852,194,2026-04-06 14:29:57,,
5162548,852,194,2026-04-06 14:29:57,,
5162549,852,194,2026-04-06 14:29:57,,
5162550,852,194,2026-04-06 14:29:57,,
5162551,852,194,2026-04-06 14:29:57,,
5162552,852,194,2026-04-06 14:29:57,,
5162553,852,194,2026-04-06 14:29:57,,
5162555,852,194,2026-04-06 14:29:57,,
5162556,852,194,2026-04-06 14:29:57,,
5162557,852,194,2026-04-06 14:29:57,,
5162558,852,194,2026-04-06 14:29:57,,
5162559,852,194,2026-04-06 14:29:57,,
5162560,852,194,2026-04-06 14:29:57,,
5162561,852,194,2026-04-06 14:29:57,,
5162562,852,194,2026-04-06 14:29:57,,
5162563,852,194,2026-04-06 14:29:57,,
5162564,852,194,2026-04-06 14:29:57,,
5162565,852,194,2026-04-06 14:29:57,,
5162566,852,194,2026-04-06 14:29:57,,
5162567,852,194,2026-04-06 14:29:57,,
5162568,852,194,2026-04-06 14:29:57,,
5162569,852,194,2026-04-06 14:29:57,,
5162570,852,194,2026-04-06 14:29:57,,
5162571,852,194,2026-04-06 14:29:57,,
5162572,852,194,2026-04-06 14:29:57,,
5162573,852,194,2026-04-06 14:29:57,,
5162574,852,194,2026-04-06 14:29:57,,
5162575,852,194,2026-04-06 14:29:57,,
5162576,852,194,2026-04-06 14:29:57,,
5162577,852,194,2026-04-06 14:29:57,,
5162578,852,194,2026-04-06 14:29:57,,
5162579,852,194,2026-04-06 14:29:57,,
5162580,852,194,2026-04-06 14:29:57,,
5162581,852,194,2026-04-06 14:29:57,,
5162582,852,194,2026-04-06 14:29:57,,
5162583,852,194,2026-04-06 14:29:57,,
5162584,852,194,2026-04-06 14:29:57,,
5162585,852,194,2026-04-06 14:29:57,,
5162586,852,194,2026-04-06 14:29:57,,
5162587,852,194,2026-04-06 14:29:57,,
5162588,852,194,2026-04-06 14:29:57,,
5162589,852,194,2026-04-06 14:29:57,,
5162590,852,194,2026-04-06 14:29:57,,
5162591,852,194,2026-04-06 14:29:57,,
5162592,852,194,2026-04-06 14:29:57,,
5162593,852,194,2026-04-06 14:29:57,,
5162594,852,194,2026-04-06 14:29:57,,
5162595,852,194,2026-04-06 14:29:57,,
5162596,852,194,2026-04-06 14:29:57,,
5162597,852,194,2026-04-06 14:29:57,,
5162598,852,194,2026-04-06 14:29:57,,
5162599,852,194,2026-04-06 14:29:57,,
5162600,852,194,2026-04-06 14:29:57,,
5162601,852,194,2026-04-06 14:29:57,,
5162602,852,194,2026-04-06 14:29:57,,
5162603,852,194,2026-04-06 14:29:57,,
5162604,852,194,2026-04-06 14:29:57,,
5162605,852,194,2026-04-06 14:29:57,,
5162606,852,194,2026-04-06 14:29:57,,
5162607,852,194,2026-04-06 14:29:57,,
5162608,852,194,2026-04-06 14:29:57,,
5162609,852,194,2026-04-06 14:29:57,,
5162610,852,194,2026-04-06 14:29:57,,
5162611,852,194,2026-04-06 14:29:57,,
5162612,852,194,2026-04-06 14:29:57,,
5162613,852,194,2026-04-06 14:29:57,,
5162614,852,194,2026-04-06 14:29:57,,
5162615,852,194,2026-04-06 14:29:57,,
5162616,852,194,2026-04-06 14:29:57,,
5162617,852,194,2026-04-06 14:29:57,,
5162618,852,194,2026-04-06 14:29:57,,
5162619,852,194,2026-04-06 14:29:57,,
5162620,852,194,2026-04-06 14:29:57,,
5162621,852,194,2026-04-06 14:29:57,,
5162622,852,194,2026-04-06 14:29:57,,
5162623,852,194,2026-04-06 14:29:57,,
5162624,852,194,2026-04-06 14:29:57,,
5162625,852,194,2026-04-06 14:29:57,,
5162626,852,194,2026-04-06 14:29:57,,
5162627,852,194,2026-04-06 14:29:57,,
5162628,852,194,2026-04-06 14:29:57,,
5162629,852,194,2026-04-06 14:29:57,,
5162630,852,194,2026-04-06 14:29:57,,
5162631,852,194,2026-04-06 14:29:57,,
5162632,852,194,2026-04-06 14:29:57,,
5162633,852,194,2026-04-06 14:29:57,,
5162634,852,194,2026-04-06 14:29:57,,
5162635,852,194,2026-04-06 14:29:57,,
5162636,852,194,2026-04-06 14:29:57,,
5162637,852,194,2026-04-06 14:29:57,,
5162638,852,194,2026-04-06 14:29:57,,
5162639,852,194,2026-04-06 14:29:57,,
5162640,852,194,2026-04-06 14:29:57,,
5162641,852,194,2026-04-06 14:29:57,,
5162642,852,194,2026-04-06 14:29:57,,
5162643,852,194,2026-04-06 14:29:57,,
5162644,852,194,2026-04-06 14:29:57,,
5162645,852,194,2026-04-06 14:29:57,,
5162646,852,194,2026-04-06 14:29:57,,
5162647,852,194,2026-04-06 14:29:57,,
5162648,852,194,2026-04-06 14:29:57,,
5162649,852,194,2026-04-06 14:29:57,,
5162650,852,194,2026-04-06 14:29:57,,
5162651,852,194,2026-04-06 14:29:57,,
5162652,852,194,2026-04-06 14:29:57,,
5162653,852,194,2026-04-06 14:29:57,,
5162654,852,194,2026-04-06 14:29:57,,
5162655,852,194,2026-04-06 14:29:57,,
5162656,852,194,2026-04-06 14:29:57,,
5162657,852,194,2026-04-06 14:29:57,,
5162658,852,194,2026-04-06 14:29:57,,
5162659,852,194,2026-04-06 14:29:57,,
5162660,852,194,2026-04-06 14:29:57,,
5162661,852,194,2026-04-06 14:29:57,,
5162663,852,194,2026-04-06 14:29:57,,
5162664,852,194,2026-04-06 14:29:57,,
5162665,852,194,2026-04-06 14:29:57,,
5162666,852,194,2026-04-06 14:29:57,,
5162667,852,194,2026-04-06 14:29:57,,
5162668,852,194,2026-04-06 14:29:57,,
5162669,852,194,2026-04-06 14:29:57,,
5162670,852,194,2026-04-06 14:29:57,,
5162671,852,194,2026-04-06 14:29:57,,
5162672,852,194,2026-04-06 14:29:57,,
5162673,852,194,2026-04-06 14:29:57,,
5162674,852,194,2026-04-06 14:29:57,,
5162675,852,194,2026-04-06 14:29:57,,
5162676,852,194,2026-04-06 14:29:57,,
5162677,852,194,2026-04-06 14:29:57,,
5162678,852,194,2026-04-06 14:29:57,,
5162679,852,194,2026-04-06 14:29:57,,
5162680,852,194,2026-04-06 14:29:57,,
5162681,852,194,2026-04-06 14:29:57,,
5162682,852,194,2026-04-06 14:29:57,,
5162683,852,194,2026-04-06 14:29:57,,
5162684,852,194,2026-04-06 14:29:57,,
5162685,852,194,2026-04-06 14:29:57,,
5162686,852,194,2026-04-06 14:29:57,,
5162687,852,194,2026-04-06 14:29:57,,
5162688,852,194,2026-04-06 14:29:57,,
5162689,852,194,2026-04-06 14:29:57,,
5162690,852,194,2026-04-06 14:29:57,,
5162691,852,194,2026-04-06 14:29:57,,
5162692,852,194,2026-04-06 14:29:57,,
5162693,852,194,2026-04-06 14:29:57,,
5162694,852,194,2026-04-06 14:29:57,,
5162695,852,194,2026-04-06 14:29:57,,
5162696,852,194,2026-04-06 14:29:57,,
5162697,852,194,2026-04-06 14:29:57,,
5162698,852,194,2026-04-06 14:29:57,,
5162699,852,194,2026-04-06 14:29:57,,
5162700,852,194,2026-04-06 14:29:57,,
5162701,852,194,2026-04-06 14:29:57,,
5162702,852,194,2026-04-06 14:29:57,,
5162703,852,194,2026-04-06 14:29:57,,
5162704,852,194,2026-04-06 14:29:57,,
5162705,852,194,2026-04-06 14:29:57,,
5162706,852,194,2026-04-06 14:29:57,,
5162707,852,194,2026-04-06 14:29:57,,
5162708,852,194,2026-04-06 14:29:57,,
5162308,852,194,2026-04-06 14:29:57,,
5162309,852,194,2026-04-06 14:29:57,,
5162310,852,194,2026-04-06 14:29:57,,
5162311,852,194,2026-04-06 14:29:57,,
5162312,852,194,2026-04-06 14:29:57,,
5162313,852,194,2026-04-06 14:29:57,,
5162314,852,194,2026-04-06 14:29:57,,
5162315,852,194,2026-04-06 14:29:57,,
5162316,852,194,2026-04-06 14:29:57,,
5162317,852,194,2026-04-06 14:29:57,,
5162318,852,194,2026-04-06 14:29:57,,
5162319,852,194,2026-04-06 14:29:57,,
5162320,852,194,2026-04-06 14:29:57,,
5162321,852,194,2026-04-06 14:29:57,,
5162322,852,194,2026-04-06 14:29:57,,
5162323,852,194,2026-04-06 14:29:57,,
5162324,852,194,2026-04-06 14:29:57,,
5162325,852,194,2026-04-06 14:29:57,,
5162326,852,194,2026-04-06 14:29:57,,
5162327,852,194,2026-04-06 14:29:57,,
5162328,852,194,2026-04-06 14:29:57,,
5162329,852,194,2026-04-06 14:29:57,,
5162330,852,194,2026-04-06 14:29:57,,
5162331,852,194,2026-04-06 14:29:57,,
5162332,852,194,2026-04-06 14:29:57,,
5162333,852,194,2026-04-06 14:29:57,,
5162334,852,194,2026-04-06 14:29:57,,
5162335,852,194,2026-04-06 14:29:57,,
5162336,852,194,2026-04-06 14:29:57,,
5162337,852,194,2026-04-06 14:29:57,,
5162338,852,194,2026-04-06 14:29:57,,
5162339,852,194,2026-04-06 14:29:57,,
5162340,852,194,2026-04-06 14:29:57,,
5162341,852,194,2026-04-06 14:29:57,,
5162342,852,194,2026-04-06 14:29:57,,
5162343,852,194,2026-04-06 14:29:57,,
5162344,852,194,2026-04-06 14:29:57,,
5162345,852,194,2026-04-06 14:29:57,,
5162346,852,194,2026-04-06 14:29:57,,
5162347,852,194,2026-04-06 14:29:57,,
5162348,852,194,2026-04-06 14:29:57,,
5162349,852,194,2026-04-06 14:29:57,,
5162350,852,194,2026-04-06 14:29:57,,
5162351,852,194,2026-04-06 14:29:57,,
5162352,852,194,2026-04-06 14:29:57,,
5162353,852,194,2026-04-06 14:29:57,,
5162354,852,194,2026-04-06 14:29:57,,
5162355,852,194,2026-04-06 14:29:57,,
5162356,852,194,2026-04-06 14:29:57,,
5162357,852,194,2026-04-06 14:29:57,,
5162358,852,194,2026-04-06 14:29:57,,
5162359,852,194,2026-04-06 14:29:57,,
5162360,852,194,2026-04-06 14:29:57,,
5162361,852,194,2026-04-06 14:29:57,,
5162362,852,194,2026-04-06 14:29:57,,
5162363,852,194,2026-04-06 14:29:57,,
5162364,852,194,2026-04-06 14:29:57,,
5162365,852,194,2026-04-06 14:29:57,,
5162366,852,194,2026-04-06 14:29:57,,
5162367,852,194,2026-04-06 14:29:57,,
5162368,852,194,2026-04-06 14:29:57,,
5162369,852,194,2026-04-06 14:29:57,,
5162370,852,194,2026-04-06 14:29:57,,
5162371,852,194,2026-04-06 14:29:57,,
5162372,852,194,2026-04-06 14:29:57,,
5162373,852,194,2026-04-06 14:29:57,,
5162374,852,194,2026-04-06 14:29:57,,
5162375,852,194,2026-04-06 14:29:57,,
5162376,852,194,2026-04-06 14:29:57,,
5162377,852,194,2026-04-06 14:29:57,,
5162378,852,194,2026-04-06 14:29:57,,
5162379,852,194,2026-04-06 14:29:57,,
5162380,852,194,2026-04-06 14:29:57,,
5162381,852,194,2026-04-06 14:29:57,,
5162382,852,194,2026-04-06 14:29:57,,
5162383,852,194,2026-04-06 14:29:57,,
5162384,852,194,2026-04-06 14:29:57,,
5162385,852,194,2026-04-06 14:29:57,,
5162386,852,194,2026-04-06 14:29:57,,
5162387,852,194,2026-04-06 14:29:57,,
5162388,852,194,2026-04-06 14:29:57,,
5162389,852,194,2026-04-06 14:29:57,,
5162390,852,194,2026-04-06 14:29:57,,
5162391,852,194,2026-04-06 14:29:57,,
5162392,852,194,2026-04-06 14:29:57,,
5162393,852,194,2026-04-06 14:29:57,,
5162394,852,194,2026-04-06 14:29:57,,
5162395,852,194,2026-04-06 14:29:57,,
5162396,852,194,2026-04-06 14:29:57,,
5162397,852,194,2026-04-06 14:29:57,,
5162398,852,194,2026-04-06 14:29:57,,
5162399,852,194,2026-04-06 14:29:57,,
5162400,852,194,2026-04-06 14:29:57,,
5162401,852,194,2026-04-06 14:29:57,,
5162402,852,194,2026-04-06 14:29:57,,
5162403,852,194,2026-04-06 14:29:57,,
5162404,852,194,2026-04-06 14:29:57,,
5162405,852,194,2026-04-06 14:29:57,,
5162406,852,194,2026-04-06 14:29:57,,
5162407,852,194,2026-04-06 14:29:57,,
5162408,852,194,2026-04-06 14:29:57,,
5162409,852,194,2026-04-06 14:29:57,,
5162410,852,194,2026-04-06 14:29:57,,
5162411,852,194,2026-04-06 14:29:57,,
5162412,852,194,2026-04-06 14:29:57,,
5162413,852,194,2026-04-06 14:29:57,,
5162414,852,194,2026-04-06 14:29:57,,
5162415,852,194,2026-04-06 14:29:57,,
5162416,852,194,2026-04-06 14:29:57,,
5162417,852,194,2026-04-06 14:29:57,,
5162418,852,194,2026-04-06 14:29:57,,
5162419,852,194,2026-04-06 14:29:57,,
5162420,852,194,2026-04-06 14:29:57,,
5162421,852,194,2026-04-06 14:29:57,,
5162422,852,194,2026-04-06 14:29:57,,
5162423,852,194,2026-04-06 14:29:57,,
5162424,852,194,2026-04-06 14:29:57,,
5162425,852,194,2026-04-06 14:29:57,,
5162426,852,194,2026-04-06 14:29:57,,
5162427,852,194,2026-04-06 14:29:57,,
5162428,852,194,2026-04-06 14:29:57,,
5162429,852,194,2026-04-06 14:29:57,,
5162430,852,194,2026-04-06 14:29:57,,
5162431,852,194,2026-04-06 14:29:57,,
5162432,852,194,2026-04-06 14:29:57,,
5162433,852,194,2026-04-06 14:29:57,,
5162434,852,194,2026-04-06 14:29:57,,
5162435,852,194,2026-04-06 14:29:57,,
5162436,852,194,2026-04-06 14:29:57,,
5162437,852,194,2026-04-06 14:29:57,,
5162438,852,194,2026-04-06 14:29:57,,
5162439,852,194,2026-04-06 14:29:57,,
5162440,852,194,2026-04-06 14:29:57,,
5162441,852,194,2026-04-06 14:29:57,,
5162442,852,194,2026-04-06 14:29:57,,
5162443,852,194,2026-04-06 14:29:57,,
5162444,852,194,2026-04-06 14:29:57,,
5162445,852,194,2026-04-06 14:29:57,,
5162446,852,194,2026-04-06 14:29:57,,
5162447,852,194,2026-04-06 14:29:57,,
5162448,852,194,2026-04-06 14:29:57,,
5162449,852,194,2026-04-06 14:29:57,,
5162450,852,194,2026-04-06 14:29:57,,
5162451,852,194,2026-04-06 14:29:57,,
5162452,852,194,2026-04-06 14:29:57,,
5162453,852,194,2026-04-06 14:29:57,,
5162454,852,194,2026-04-06 14:29:57,,
5162455,852,194,2026-04-06 14:29:57,,
5162456,852,194,2026-04-06 14:29:57,,
5162457,852,194,2026-04-06 14:29:57,,
5162458,852,194,2026-04-06 14:29:57,,
5162459,852,194,2026-04-06 14:29:57,,
5162460,852,194,2026-04-06 14:29:57,,
5162461,852,194,2026-04-06 14:29:57,,
5162462,852,194,2026-04-06 14:29:57,,
5162463,852,194,2026-04-06 14:29:57,,
5162464,852,194,2026-04-06 14:29:57,,
5162465,852,194,2026-04-06 14:29:57,,
5162466,852,194,2026-04-06 14:29:57,,
5162467,852,194,2026-04-06 14:29:57,,
5162468,852,194,2026-04-06 14:29:57,,
5162469,852,194,2026-04-06 14:29:57,,
5162470,852,194,2026-04-06 14:29:57,,
5162471,852,194,2026-04-06 14:29:57,,
5162472,852,194,2026-04-06 14:29:57,,
5162473,852,194,2026-04-06 14:29:57,,
5162474,852,194,2026-04-06 14:29:57,,
5162475,852,194,2026-04-06 14:29:57,,
5162476,852,194,2026-04-06 14:29:57,,
5162477,852,194,2026-04-06 14:29:57,,
5162478,852,194,2026-04-06 14:29:57,,
5162479,852,194,2026-04-06 14:29:57,,
5162480,852,194,2026-04-06 14:29:57,,
5162481,852,194,2026-04-06 14:29:57,,
5162482,852,194,2026-04-06 14:29:57,,
5162483,852,194,2026-04-06 14:29:57,,
5162484,852,194,2026-04-06 14:29:57,,
5162662,852,194,2026-04-06 14:29:57,,
5162485,852,194,2026-04-06 14:29:57,,
5162486,852,194,2026-04-06 14:29:57,,
5162487,852,194,2026-04-06 14:29:57,,
5162488,852,194,2026-04-06 14:29:57,,
5162489,852,194,2026-04-06 14:29:57,,
5162490,852,194,2026-04-06 14:29:57,,
5162491,852,194,2026-04-06 14:29:57,,
5162492,852,194,2026-04-06 14:29:57,,
5162493,852,194,2026-04-06 14:29:57,,
5162494,852,194,2026-04-06 14:29:57,,
5162495,852,194,2026-04-06 14:29:57,,
5162496,852,194,2026-04-06 14:29:57,,
5162497,852,194,2026-04-06 14:29:57,,
5162498,852,194,2026-04-06 14:29:57,,
5162499,852,194,2026-04-06 14:29:57,,
5162500,852,194,2026-04-06 14:29:57,,
5162501,852,194,2026-04-06 14:29:57,,
5162502,852,194,2026-04-06 14:29:57,,
5162503,852,194,2026-04-06 14:29:57,,
5162504,852,194,2026-04-06 14:29:57,,
5162505,852,194,2026-04-06 14:29:57,,
5162506,852,194,2026-04-06 14:29:57,,
5162709,852,194,2026-04-06 14:29:57,,
5162710,852,194,2026-04-06 14:29:57,,
5162711,852,194,2026-04-06 14:29:57,,
5162712,852,194,2026-04-06 14:29:57,,
5162713,852,194,2026-04-06 14:29:57,,
5162714,852,194,2026-04-06 14:29:57,,
5162715,852,194,2026-04-06 14:29:57,,
5162716,852,194,2026-04-06 14:29:57,,
5162717,852,194,2026-04-06 14:29:57,,
5162718,852,194,2026-04-06 14:29:57,,
5162719,852,194,2026-04-06 14:29:57,,
5162720,852,194,2026-04-06 14:29:57,,
5162721,852,194,2026-04-06 14:29:57,,
5162722,852,194,2026-04-06 14:29:57,,
5162723,852,194,2026-04-06 14:29:57,,
5162724,852,194,2026-04-06 14:29:57,,
5162725,852,194,2026-04-06 14:29:57,,
5162726,852,194,2026-04-06 14:29:57,,
5162727,852,194,2026-04-06 14:29:57,,
5162728,852,194,2026-04-06 14:29:57,,
5162729,852,194,2026-04-06 14:29:57,,
5162730,852,194,2026-04-06 14:29:57,,
5162731,852,194,2026-04-06 14:29:57,,
5162732,852,194,2026-04-06 14:29:57,,
5162733,852,194,2026-04-06 14:29:57,,
5162734,852,194,2026-04-06 14:29:57,,
5162735,852,194,2026-04-06 14:29:57,,
5162736,852,194,2026-04-06 14:29:57,,
5162737,852,194,2026-04-06 14:29:57,,
5162738,852,194,2026-04-06 14:29:57,,
5162739,852,194,2026-04-06 14:29:57,,
5162740,852,194,2026-04-06 14:29:57,,
5162741,852,194,2026-04-06 14:29:57,,
5162742,852,194,2026-04-06 14:29:57,,
5162743,852,194,2026-04-06 14:29:57,,
5162744,852,194,2026-04-06 14:29:57,,
5162745,852,194,2026-04-06 14:29:57,,
5162746,852,194,2026-04-06 14:29:57,,
5162747,852,194,2026-04-06 14:29:57,,
5162748,852,194,2026-04-06 14:29:57,,
5162749,852,194,2026-04-06 14:29:57,,
5162750,852,194,2026-04-06 14:29:57,,
5162751,852,194,2026-04-06 14:29:57,,
5162752,852,194,2026-04-06 14:29:57,,
5162753,852,194,2026-04-06 14:29:57,,
5162754,852,194,2026-04-06 14:29:57,,
5162755,852,194,2026-04-06 14:29:57,,
5162756,852,194,2026-04-06 14:29:57,,
5162757,852,194,2026-04-06 14:29:57,,
5162758,852,194,2026-04-06 14:29:57,,
5162759,852,194,2026-04-06 14:29:57,,
5162760,852,194,2026-04-06 14:29:57,,
5162761,852,194,2026-04-06 14:29:57,,
5162762,852,194,2026-04-06 14:29:57,,
5162763,852,194,2026-04-06 14:29:57,,
5162764,852,194,2026-04-06 14:29:57,,
5162765,852,194,2026-04-06 14:29:57,,
5162766,852,194,2026-04-06 14:29:57,,
5162767,852,194,2026-04-06 14:29:57,,
5162768,852,194,2026-04-06 14:29:57,,
5162769,852,194,2026-04-06 14:29:57,,
5162770,852,194,2026-04-06 14:29:57,,
5162771,852,194,2026-04-06 14:29:57,,
5162772,852,194,2026-04-06 14:29:57,,
5162773,852,194,2026-04-06 14:29:57,,
5162774,852,194,2026-04-06 14:29:57,,
5162775,852,194,2026-04-06 14:29:57,,
5162776,852,194,2026-04-06 14:29:57,,
5162777,852,194,2026-04-06 14:29:57,,
5162778,852,194,2026-04-06 14:29:57,,
5162779,852,194,2026-04-06 14:29:57,,
5162780,852,194,2026-04-06 14:29:57,,
5162781,852,194,2026-04-06 14:29:57,,
5162782,852,194,2026-04-06 14:29:57,,
5162783,852,194,2026-04-06 14:29:57,,
5162784,852,194,2026-04-06 14:29:57,,
5162785,852,194,2026-04-06 14:29:57,,
5162786,852,194,2026-04-06 14:29:57,,
5162787,852,194,2026-04-06 14:29:57,,
5162788,852,194,2026-04-06 14:29:57,,
5162789,852,194,2026-04-06 14:29:57,,
5162790,852,194,2026-04-06 14:29:57,,
5162791,852,194,2026-04-06 14:29:57,,
5162792,852,194,2026-04-06 14:29:57,,
5162793,852,194,2026-04-06 14:29:57,,
5162794,852,194,2026-04-06 14:29:57,,
5162795,852,194,2026-04-06 14:29:57,,
5162796,852,194,2026-04-06 14:29:57,,
5162797,852,194,2026-04-06 14:29:57,,
5162798,852,194,2026-04-06 14:29:57,,
5162799,852,194,2026-04-06 14:29:57,,
5162800,852,194,2026-04-06 14:29:57,,
5162801,852,194,2026-04-06 14:29:57,,
5162802,852,194,2026-04-06 14:29:57,,
5162803,852,194,2026-04-06 14:29:57,,
5162804,852,194,2026-04-06 14:29:57,,
5162805,852,194,2026-04-06 14:29:57,,
5162806,852,194,2026-04-06 14:29:57,,
5162807,852,194,2026-04-06 14:29:57,,
5162808,852,194,2026-04-06 14:29:57,,
5162809,852,194,2026-04-06 14:29:57,,
5162810,852,194,2026-04-06 14:29:57,,
5162811,852,194,2026-04-06 14:29:57,,
5162812,852,194,2026-04-06 14:29:57,,
5162813,852,194,2026-04-06 14:29:57,,
5162814,852,194,2026-04-06 14:29:57,,
5162815,852,194,2026-04-06 14:29:57,,
5162816,852,194,2026-04-06 14:29:57,,
5162817,852,194,2026-04-06 14:29:57,,
5162818,852,194,2026-04-06 14:29:57,,
5162819,852,194,2026-04-06 14:29:57,,
5162820,852,194,2026-04-06 14:29:57,,
5162821,852,194,2026-04-06 14:29:57,,
5162822,852,194,2026-04-06 14:29:57,,
5162823,852,194,2026-04-06 14:29:57,,
5162824,852,194,2026-04-06 14:29:57,,
5162825,852,194,2026-04-06 14:29:57,,
5162826,852,194,2026-04-06 14:29:57,,
5162827,852,194,2026-04-06 14:29:57,,
5162828,852,194,2026-04-06 14:29:57,,
5162829,852,194,2026-04-06 14:29:57,,
5162830,852,194,2026-04-06 14:29:57,,
5162831,852,194,2026-04-06 14:29:57,,
5162832,852,194,2026-04-06 14:29:57,,
5162833,852,194,2026-04-06 14:29:57,,
5162834,852,194,2026-04-06 14:29:57,,
5162835,852,194,2026-04-06 14:29:57,,
5162836,852,194,2026-04-06 14:29:57,,
5162837,852,194,2026-04-06 14:29:57,,
5162838,852,194,2026-04-06 14:29:57,,
5162839,852,194,2026-04-06 14:29:57,,
5162840,852,194,2026-04-06 14:29:57,,
5162841,852,194,2026-04-06 14:29:57,,
5162842,852,194,2026-04-06 14:29:57,,
5162843,852,194,2026-04-06 14:29:57,,
5162844,852,194,2026-04-06 14:29:57,,
5162845,852,194,2026-04-06 14:29:57,,
5162846,852,194,2026-04-06 14:29:57,,
5162847,852,194,2026-04-06 14:29:57,,
5162848,852,194,2026-04-06 14:29:57,,
5162849,852,194,2026-04-06 14:29:57,,
5162850,852,194,2026-04-06 14:29:57,,
5162851,852,194,2026-04-06 14:29:57,,
5162852,852,194,2026-04-06 14:29:57,,
5162853,852,194,2026-04-06 14:29:57,,
5162854,852,194,2026-04-06 14:29:57,,
5162855,852,194,2026-04-06 14:29:57,,
5162856,852,194,2026-04-06 14:29:57,,
5162857,852,194,2026-04-06 14:29:57,,
5162858,852,194,2026-04-06 14:29:57,,
5162859,852,194,2026-04-06 14:29:57,,
5162860,852,194,2026-04-06 14:29:57,,
5162861,852,194,2026-04-06 14:29:57,,
5162862,852,194,2026-04-06 14:29:57,,
5162863,852,194,2026-04-06 14:29:57,,
5162864,852,194,2026-04-06 14:29:57,,
5162865,852,194,2026-04-06 14:29:57,,
5162866,852,194,2026-04-06 14:29:57,,
5162867,852,194,2026-04-06 14:29:57,,
5162868,852,194,2026-04-06 14:29:57,,
5162869,852,194,2026-04-06 14:29:57,,
5162870,852,194,2026-04-06 14:29:57,,
5162871,852,194,2026-04-06 14:29:57,,
5162872,852,194,2026-04-06 14:29:57,,
5162873,852,194,2026-04-06 14:29:57,,
5162874,852,194,2026-04-06 14:29:57,,
5162875,852,194,2026-04-06 14:29:57,,
5162876,852,194,2026-04-06 14:29:57,,
5162877,852,194,2026-04-06 14:29:57,,
5162878,852,194,2026-04-06 14:29:57,,
5162879,852,194,2026-04-06 14:29:57,,
5162880,852,194,2026-04-06 14:29:57,,
5162881,852,194,2026-04-06 14:29:57,,
5162882,852,194,2026-04-06 14:29:57,,
5162883,852,194,2026-04-06 14:29:57,,
5162884,852,194,2026-04-06 14:29:57,,
5162885,852,194,2026-04-06 14:29:57,,
5162886,852,194,2026-04-06 14:29:57,,
5162887,852,194,2026-04-06 14:29:57,,
5162888,852,194,2026-04-06 14:29:57,,
5162889,852,194,2026-04-06 14:29:57,,
5162890,852,194,2026-04-06 14:29:57,,
5162891,852,194,2026-04-06 14:29:57,,
5162892,852,194,2026-04-06 14:29:57,,
5162893,852,194,2026-04-06 14:29:57,,
5162894,852,194,2026-04-06 14:29:57,,
5162895,852,194,2026-04-06 14:29:57,,
5162896,852,194,2026-04-06 14:29:57,,
5162897,852,194,2026-04-06 14:29:57,,
5162898,852,194,2026-04-06 14:29:57,,
5162899,852,194,2026-04-06 14:29:57,,
5162900,852,194,2026-04-06 14:29:57,,
5162901,852,194,2026-04-06 14:29:57,,
5162902,852,194,2026-04-06 14:29:57,,
5162903,852,194,2026-04-06 14:29:57,,
5162904,852,194,2026-04-06 14:29:57,,
5162905,852,194,2026-04-06 14:29:57,,
5162906,852,194,2026-04-06 14:29:57,,
5162907,852,194,2026-04-06 14:29:57,,
5162908,852,194,2026-04-06 14:29:57,,
5163309,852,194,2026-04-06 14:29:57,,
5163310,852,194,2026-04-06 14:29:57,,
5163311,852,194,2026-04-06 14:29:57,,
5163312,852,194,2026-04-06 14:29:57,,
5163313,852,194,2026-04-06 14:29:57,,
5163314,852,194,2026-04-06 14:29:57,,
5163315,852,194,2026-04-06 14:29:57,,
5163316,852,194,2026-04-06 14:29:57,,
5163317,852,194,2026-04-06 14:29:57,,
5163318,852,194,2026-04-06 14:29:57,,
5163319,852,194,2026-04-06 14:29:57,,
5163320,852,194,2026-04-06 14:29:57,,
5163321,852,194,2026-04-06 14:29:57,,
5163322,852,194,2026-04-06 14:29:57,,
5163323,852,194,2026-04-06 14:29:57,,
5163324,852,194,2026-04-06 14:29:57,,
5163325,852,194,2026-04-06 14:29:57,,
5163326,852,194,2026-04-06 14:29:57,,
5163327,852,194,2026-04-06 14:29:57,,
5163328,852,194,2026-04-06 14:29:57,,
5163329,852,194,2026-04-06 14:29:57,,
5163330,852,194,2026-04-06 14:29:57,,
5163331,852,194,2026-04-06 14:29:57,,
5163332,852,194,2026-04-06 14:29:57,,
5163333,852,194,2026-04-06 14:29:57,,
5163334,852,194,2026-04-06 14:29:57,,
5163335,852,194,2026-04-06 14:29:57,,
5163336,852,194,2026-04-06 14:29:57,,
5163337,852,194,2026-04-06 14:29:57,,
5163338,852,194,2026-04-06 14:29:57,,
5163339,852,194,2026-04-06 14:29:57,,
5163340,852,194,2026-04-06 14:29:57,,
5163341,852,194,2026-04-06 14:29:57,,
5163342,852,194,2026-04-06 14:29:57,,
5163343,852,194,2026-04-06 14:29:57,,
5163344,852,194,2026-04-06 14:29:57,,
5163345,852,194,2026-04-06 14:29:57,,
5163346,852,194,2026-04-06 14:29:57,,
5163347,852,194,2026-04-06 14:29:57,,
5163348,852,194,2026-04-06 14:29:57,,
5163349,852,194,2026-04-06 14:29:57,,
5163350,852,194,2026-04-06 14:29:57,,
5163351,852,194,2026-04-06 14:29:57,,
5163352,852,194,2026-04-06 14:29:57,,
5163353,852,194,2026-04-06 14:29:57,,
5163354,852,194,2026-04-06 14:29:57,,
5163355,852,194,2026-04-06 14:29:57,,
5163356,852,194,2026-04-06 14:29:57,,
5163357,852,194,2026-04-06 14:29:57,,
5163358,852,194,2026-04-06 14:29:57,,
5163359,852,194,2026-04-06 14:29:57,,
5163360,852,194,2026-04-06 14:29:57,,
5163361,852,194,2026-04-06 14:29:57,,
5163362,852,194,2026-04-06 14:29:57,,
5163363,852,194,2026-04-06 14:29:57,,
5163364,852,194,2026-04-06 14:29:57,,
5163365,852,194,2026-04-06 14:29:57,,
5163366,852,194,2026-04-06 14:29:57,,
5163367,852,194,2026-04-06 14:29:57,,
5163368,852,194,2026-04-06 14:29:57,,
5163369,852,194,2026-04-06 14:29:57,,
5163370,852,194,2026-04-06 14:29:57,,
5163371,852,194,2026-04-06 14:29:57,,
5163372,852,194,2026-04-06 14:29:57,,
5163373,852,194,2026-04-06 14:29:57,,
5163374,852,194,2026-04-06 14:29:57,,
5163375,852,194,2026-04-06 14:29:57,,
5163376,852,194,2026-04-06 14:29:57,,
5163377,852,194,2026-04-06 14:29:57,,
5163378,852,194,2026-04-06 14:29:57,,
5163379,852,194,2026-04-06 14:29:57,,
5163380,852,194,2026-04-06 14:29:57,,
5163381,852,194,2026-04-06 14:29:57,,
5163382,852,194,2026-04-06 14:29:57,,
5163383,852,194,2026-04-06 14:29:57,,
5163384,852,194,2026-04-06 14:29:57,,
5163385,852,194,2026-04-06 14:29:57,,
5163386,852,194,2026-04-06 14:29:57,,
5163387,852,194,2026-04-06 14:29:57,,
5163388,852,194,2026-04-06 14:29:57,,
5163389,852,194,2026-04-06 14:29:57,,
5163390,852,194,2026-04-06 14:29:57,,
5163391,852,194,2026-04-06 14:29:57,,
5163392,852,194,2026-04-06 14:29:57,,
5163393,852,194,2026-04-06 14:29:57,,
5163394,852,194,2026-04-06 14:29:57,,
5163395,852,194,2026-04-06 14:29:57,,
5163396,852,194,2026-04-06 14:29:57,,
5163397,852,194,2026-04-06 14:29:57,,
5163398,852,194,2026-04-06 14:29:57,,
5163399,852,194,2026-04-06 14:29:57,,
5163400,852,194,2026-04-06 14:29:57,,
5163401,852,194,2026-04-06 14:29:57,,
5163402,852,194,2026-04-06 14:29:57,,
5163403,852,194,2026-04-06 14:29:57,,
5163404,852,194,2026-04-06 14:29:57,,
5163405,852,194,2026-04-06 14:29:57,,
5163406,852,194,2026-04-06 14:29:57,,
5163407,852,194,2026-04-06 14:29:57,,
5163408,852,194,2026-04-06 14:29:57,,
5163409,852,194,2026-04-06 14:29:57,,
5163410,852,194,2026-04-06 14:29:57,,
5163411,852,194,2026-04-06 14:29:57,,
5163412,852,194,2026-04-06 14:29:57,,
5163413,852,194,2026-04-06 14:29:57,,
5163414,852,194,2026-04-06 14:29:57,,
5163415,852,194,2026-04-06 14:29:57,,
5163416,852,194,2026-04-06 14:29:57,,
5163417,852,194,2026-04-06 14:29:57,,
5163418,852,194,2026-04-06 14:29:57,,
5163419,852,194,2026-04-06 14:29:57,,
5163420,852,194,2026-04-06 14:29:57,,
5163421,852,194,2026-04-06 14:29:57,,
5163422,852,194,2026-04-06 14:29:57,,
5163423,852,194,2026-04-06 14:29:57,,
5163424,852,194,2026-04-06 14:29:57,,
5163425,852,194,2026-04-06 14:29:57,,
5163426,852,194,2026-04-06 14:29:57,,
5163427,852,194,2026-04-06 14:29:57,,
5163428,852,194,2026-04-06 14:29:57,,
5163429,852,194,2026-04-06 14:29:57,,
5163430,852,194,2026-04-06 14:29:57,,
5163431,852,194,2026-04-06 14:29:57,,
5163432,852,194,2026-04-06 14:29:57,,
5163433,852,194,2026-04-06 14:29:57,,
5163434,852,194,2026-04-06 14:29:57,,
5163435,852,194,2026-04-06 14:29:57,,
5163436,852,194,2026-04-06 14:29:57,,
5163437,852,194,2026-04-06 14:29:57,,
5163438,852,194,2026-04-06 14:29:57,,
5163439,852,194,2026-04-06 14:29:57,,
5163440,852,194,2026-04-06 14:29:57,,
5163441,852,194,2026-04-06 14:29:57,,
5163442,852,194,2026-04-06 14:29:57,,
5163443,852,194,2026-04-06 14:29:57,,
5163444,852,194,2026-04-06 14:29:57,,
5163445,852,194,2026-04-06 14:29:57,,
5163446,852,194,2026-04-06 14:29:57,,
5163447,852,194,2026-04-06 14:29:57,,
5163448,852,194,2026-04-06 14:29:57,,
5163449,852,194,2026-04-06 14:29:57,,
5163450,852,194,2026-04-06 14:29:57,,
5163451,852,194,2026-04-06 14:29:57,,
5163452,852,194,2026-04-06 14:29:57,,
5163453,852,194,2026-04-06 14:29:57,,
5163454,852,194,2026-04-06 14:29:57,,
5163455,852,194,2026-04-06 14:29:57,,
5163456,852,194,2026-04-06 14:29:57,,
5163457,852,194,2026-04-06 14:29:57,,
5163458,852,194,2026-04-06 14:29:57,,
5163459,852,194,2026-04-06 14:29:57,,
5163460,852,194,2026-04-06 14:29:57,,
5163461,852,194,2026-04-06 14:29:57,,
5163462,852,194,2026-04-06 14:29:57,,
5163463,852,194,2026-04-06 14:29:57,,
5163464,852,194,2026-04-06 14:29:57,,
5163465,852,194,2026-04-06 14:29:57,,
5163466,852,194,2026-04-06 14:29:57,,
5163467,852,194,2026-04-06 14:29:57,,
5163468,852,194,2026-04-06 14:29:57,,
5163469,852,194,2026-04-06 14:29:57,,
5163470,852,194,2026-04-06 14:29:57,,
5163471,852,194,2026-04-06 14:29:57,,
5163472,852,194,2026-04-06 14:29:57,,
5163473,852,194,2026-04-06 14:29:57,,
5163474,852,194,2026-04-06 14:29:57,,
5163475,852,194,2026-04-06 14:29:57,,
5163476,852,194,2026-04-06 14:29:57,,
5163477,852,194,2026-04-06 14:29:57,,
5163478,852,194,2026-04-06 14:29:57,,
5163479,852,194,2026-04-06 14:29:57,,
5163480,852,194,2026-04-06 14:29:57,,
5163481,852,194,2026-04-06 14:29:57,,
5163482,852,194,2026-04-06 14:29:57,,
5163483,852,194,2026-04-06 14:29:57,,
5163484,852,194,2026-04-06 14:29:57,,
5163485,852,194,2026-04-06 14:29:57,,
5163486,852,194,2026-04-06 14:29:57,,
5163487,852,194,2026-04-06 14:29:57,,
5163488,852,194,2026-04-06 14:29:57,,
5163489,852,194,2026-04-06 14:29:57,,
5163490,852,194,2026-04-06 14:29:57,,
5163491,852,194,2026-04-06 14:29:57,,
5163492,852,194,2026-04-06 14:29:57,,
5163493,852,194,2026-04-06 14:29:57,,
5163494,852,194,2026-04-06 14:29:57,,
5163495,852,194,2026-04-06 14:29:57,,
5163496,852,194,2026-04-06 14:29:57,,
5163497,852,194,2026-04-06 14:29:57,,
5163498,852,194,2026-04-06 14:29:57,,
5163499,852,194,2026-04-06 14:29:57,,
5163500,852,194,2026-04-06 14:29:57,,
5163501,852,194,2026-04-06 14:29:57,,
5163502,852,194,2026-04-06 14:29:57,,
5163503,852,194,2026-04-06 14:29:57,,
5163504,852,194,2026-04-06 14:29:57,,
5163505,852,194,2026-04-06 14:29:57,,
5163506,852,194,2026-04-06 14:29:57,,
5163507,852,194,2026-04-06 14:29:57,,
5163508,852,194,2026-04-06 14:29:57,,
5162909,852,194,2026-04-06 14:29:57,,
5162910,852,194,2026-04-06 14:29:57,,
5162911,852,194,2026-04-06 14:29:57,,
5162912,852,194,2026-04-06 14:29:57,,
5162913,852,194,2026-04-06 14:29:57,,
5162914,852,194,2026-04-06 14:29:57,,
5162915,852,194,2026-04-06 14:29:57,,
5162916,852,194,2026-04-06 14:29:57,,
5162917,852,194,2026-04-06 14:29:57,,
5162918,852,194,2026-04-06 14:29:57,,
5162919,852,194,2026-04-06 14:29:57,,
5162920,852,194,2026-04-06 14:29:57,,
5162921,852,194,2026-04-06 14:29:57,,
5162922,852,194,2026-04-06 14:29:57,,
5162923,852,194,2026-04-06 14:29:57,,
5162924,852,194,2026-04-06 14:29:57,,
5162925,852,194,2026-04-06 14:29:57,,
5162926,852,194,2026-04-06 14:29:57,,
5162927,852,194,2026-04-06 14:29:57,,
5162928,852,194,2026-04-06 14:29:57,,
5162929,852,194,2026-04-06 14:29:57,,
5162930,852,194,2026-04-06 14:29:57,,
5162931,852,194,2026-04-06 14:29:57,,
5162932,852,194,2026-04-06 14:29:57,,
5162933,852,194,2026-04-06 14:29:57,,
5162934,852,194,2026-04-06 14:29:57,,
5162935,852,194,2026-04-06 14:29:57,,
5162936,852,194,2026-04-06 14:29:57,,
5162937,852,194,2026-04-06 14:29:57,,
5162938,852,194,2026-04-06 14:29:57,,
5162939,852,194,2026-04-06 14:29:57,,
5162940,852,194,2026-04-06 14:29:57,,
5162941,852,194,2026-04-06 14:29:57,,
5162942,852,194,2026-04-06 14:29:57,,
5162943,852,194,2026-04-06 14:29:57,,
5162944,852,194,2026-04-06 14:29:57,,
5162945,852,194,2026-04-06 14:29:57,,
5162946,852,194,2026-04-06 14:29:57,,
5162947,852,194,2026-04-06 14:29:57,,
5162948,852,194,2026-04-06 14:29:57,,
5162949,852,194,2026-04-06 14:29:57,,
5162950,852,194,2026-04-06 14:29:57,,
5162951,852,194,2026-04-06 14:29:57,,
5162952,852,194,2026-04-06 14:29:57,,
5162953,852,194,2026-04-06 14:29:57,,
5162954,852,194,2026-04-06 14:29:57,,
5162955,852,194,2026-04-06 14:29:57,,
5162956,852,194,2026-04-06 14:29:57,,
5162957,852,194,2026-04-06 14:29:57,,
5162958,852,194,2026-04-06 14:29:57,,
5162959,852,194,2026-04-06 14:29:57,,
5162960,852,194,2026-04-06 14:29:57,,
5162961,852,194,2026-04-06 14:29:57,,
5162962,852,194,2026-04-06 14:29:57,,
5162963,852,194,2026-04-06 14:29:57,,
5162964,852,194,2026-04-06 14:29:57,,
5162965,852,194,2026-04-06 14:29:57,,
5162966,852,194,2026-04-06 14:29:57,,
5162967,852,194,2026-04-06 14:29:57,,
5162968,852,194,2026-04-06 14:29:57,,
5162969,852,194,2026-04-06 14:29:57,,
5162970,852,194,2026-04-06 14:29:57,,
5162971,852,194,2026-04-06 14:29:57,,
5162972,852,194,2026-04-06 14:29:57,,
5162973,852,194,2026-04-06 14:29:57,,
5162974,852,194,2026-04-06 14:29:57,,
5162975,852,194,2026-04-06 14:29:57,,
5162976,852,194,2026-04-06 14:29:57,,
5162977,852,194,2026-04-06 14:29:57,,
5162978,852,194,2026-04-06 14:29:57,,
5162979,852,194,2026-04-06 14:29:57,,
5162980,852,194,2026-04-06 14:29:57,,
5162981,852,194,2026-04-06 14:29:57,,
5162982,852,194,2026-04-06 14:29:57,,
5162983,852,194,2026-04-06 14:29:57,,
5162984,852,194,2026-04-06 14:29:57,,
5162985,852,194,2026-04-06 14:29:57,,
5162986,852,194,2026-04-06 14:29:57,,
5162987,852,194,2026-04-06 14:29:57,,
5162988,852,194,2026-04-06 14:29:57,,
5162989,852,194,2026-04-06 14:29:57,,
5162990,852,194,2026-04-06 14:29:57,,
5162991,852,194,2026-04-06 14:29:57,,
5162992,852,194,2026-04-06 14:29:57,,
5162993,852,194,2026-04-06 14:29:57,,
5162994,852,194,2026-04-06 14:29:57,,
5162995,852,194,2026-04-06 14:29:57,,
5162996,852,194,2026-04-06 14:29:57,,
5162997,852,194,2026-04-06 14:29:57,,
5162998,852,194,2026-04-06 14:29:57,,
5162999,852,194,2026-04-06 14:29:57,,
5163000,852,194,2026-04-06 14:29:57,,
5163001,852,194,2026-04-06 14:29:57,,
5163002,852,194,2026-04-06 14:29:57,,
5163003,852,194,2026-04-06 14:29:57,,
5163004,852,194,2026-04-06 14:29:57,,
5163005,852,194,2026-04-06 14:29:57,,
5163006,852,194,2026-04-06 14:29:57,,
5163007,852,194,2026-04-06 14:29:57,,
5163008,852,194,2026-04-06 14:29:57,,
5163009,852,194,2026-04-06 14:29:57,,
5163010,852,194,2026-04-06 14:29:57,,
5163011,852,194,2026-04-06 14:29:57,,
5163012,852,194,2026-04-06 14:29:57,,
5163013,852,194,2026-04-06 14:29:57,,
5163014,852,194,2026-04-06 14:29:57,,
5163015,852,194,2026-04-06 14:29:57,,
5163016,852,194,2026-04-06 14:29:57,,
5163017,852,194,2026-04-06 14:29:57,,
5163018,852,194,2026-04-06 14:29:57,,
5163019,852,194,2026-04-06 14:29:57,,
5163020,852,194,2026-04-06 14:29:57,,
5163021,852,194,2026-04-06 14:29:57,,
5163022,852,194,2026-04-06 14:29:57,,
5163023,852,194,2026-04-06 14:29:57,,
5163024,852,194,2026-04-06 14:29:57,,
5163025,852,194,2026-04-06 14:29:57,,
5163026,852,194,2026-04-06 14:29:57,,
5163027,852,194,2026-04-06 14:29:57,,
5163028,852,194,2026-04-06 14:29:57,,
5163029,852,194,2026-04-06 14:29:57,,
5163030,852,194,2026-04-06 14:29:57,,
5163031,852,194,2026-04-06 14:29:57,,
5163032,852,194,2026-04-06 14:29:57,,
5163033,852,194,2026-04-06 14:29:57,,
5163034,852,194,2026-04-06 14:29:57,,
5163035,852,194,2026-04-06 14:29:57,,
5163036,852,194,2026-04-06 14:29:57,,
5163037,852,194,2026-04-06 14:29:57,,
5163038,852,194,2026-04-06 14:29:57,,
5163039,852,194,2026-04-06 14:29:57,,
5163040,852,194,2026-04-06 14:29:57,,
5163041,852,194,2026-04-06 14:29:57,,
5163042,852,194,2026-04-06 14:29:57,,
5163043,852,194,2026-04-06 14:29:57,,
5163044,852,194,2026-04-06 14:29:57,,
5163045,852,194,2026-04-06 14:29:57,,
5163046,852,194,2026-04-06 14:29:57,,
5163047,852,194,2026-04-06 14:29:57,,
5163048,852,194,2026-04-06 14:29:57,,
5163049,852,194,2026-04-06 14:29:57,,
5163050,852,194,2026-04-06 14:29:57,,
5163051,852,194,2026-04-06 14:29:57,,
5163052,852,194,2026-04-06 14:29:57,,
5163053,852,194,2026-04-06 14:29:57,,
5163054,852,194,2026-04-06 14:29:57,,
5163055,852,194,2026-04-06 14:29:57,,
5163056,852,194,2026-04-06 14:29:57,,
5163057,852,194,2026-04-06 14:29:57,,
5163058,852,194,2026-04-06 14:29:57,,
5163059,852,194,2026-04-06 14:29:57,,
5163060,852,194,2026-04-06 14:29:57,,
5163061,852,194,2026-04-06 14:29:57,,
5163062,852,194,2026-04-06 14:29:57,,
5163063,852,194,2026-04-06 14:29:57,,
5163064,852,194,2026-04-06 14:29:57,,
5163065,852,194,2026-04-06 14:29:57,,
5163066,852,194,2026-04-06 14:29:57,,
5163067,852,194,2026-04-06 14:29:57,,
5163068,852,194,2026-04-06 14:29:57,,
5163069,852,194,2026-04-06 14:29:57,,
5163070,852,194,2026-04-06 14:29:57,,
5163071,852,194,2026-04-06 14:29:57,,
5163072,852,194,2026-04-06 14:29:57,,
5163073,852,194,2026-04-06 14:29:57,,
5163074,852,194,2026-04-06 14:29:57,,
5163075,852,194,2026-04-06 14:29:57,,
5163076,852,194,2026-04-06 14:29:57,,
5163077,852,194,2026-04-06 14:29:57,,
5163078,852,194,2026-04-06 14:29:57,,
5163079,852,194,2026-04-06 14:29:57,,
5163080,852,194,2026-04-06 14:29:57,,
5163081,852,194,2026-04-06 14:29:57,,
5163082,852,194,2026-04-06 14:29:57,,
5163083,852,194,2026-04-06 14:29:57,,
5163084,852,194,2026-04-06 14:29:57,,
5163085,852,194,2026-04-06 14:29:57,,
5163086,852,194,2026-04-06 14:29:57,,
5163087,852,194,2026-04-06 14:29:57,,
5163088,852,194,2026-04-06 14:29:57,,
5163089,852,194,2026-04-06 14:29:57,,
5163090,852,194,2026-04-06 14:29:57,,
5163091,852,194,2026-04-06 14:29:57,,
5163092,852,194,2026-04-06 14:29:57,,
5163093,852,194,2026-04-06 14:29:57,,
5163094,852,194,2026-04-06 14:29:57,,
5163095,852,194,2026-04-06 14:29:57,,
5163096,852,194,2026-04-06 14:29:57,,
5163097,852,194,2026-04-06 14:29:57,,
5163098,852,194,2026-04-06 14:29:57,,
5163099,852,194,2026-04-06 14:29:57,,
5163100,852,194,2026-04-06 14:29:57,,
5163101,852,194,2026-04-06 14:29:57,,
5163102,852,194,2026-04-06 14:29:57,,
5163103,852,194,2026-04-06 14:29:57,,
5163104,852,194,2026-04-06 14:29:57,,
5163105,852,194,2026-04-06 14:29:57,,
5163106,852,194,2026-04-06 14:29:57,,
5163107,852,194,2026-04-06 14:29:57,,
5163108,852,194,2026-04-06 14:29:57,,
5163109,852,194,2026-04-06 14:29:57,,
5163110,852,194,2026-04-06 14:29:57,,
5163111,852,194,2026-04-06 14:29:57,,
5163112,852,194,2026-04-06 14:29:57,,
5163113,852,194,2026-04-06 14:29:57,,
5163114,852,194,2026-04-06 14:29:57,,
5163115,852,194,2026-04-06 14:29:57,,
5163116,852,194,2026-04-06 14:29:57,,
5163117,852,194,2026-04-06 14:29:57,,
5163118,852,194,2026-04-06 14:29:57,,
5163119,852,194,2026-04-06 14:29:57,,
5163120,852,194,2026-04-06 14:29:57,,
5163121,852,194,2026-04-06 14:29:57,,
5163180,852,194,2026-04-06 14:29:57,,
5163122,852,194,2026-04-06 14:29:57,,
5163123,852,194,2026-04-06 14:29:57,,
5163124,852,194,2026-04-06 14:29:57,,
5163125,852,194,2026-04-06 14:29:57,,
5163126,852,194,2026-04-06 14:29:57,,
5163127,852,194,2026-04-06 14:29:57,,
5163128,852,194,2026-04-06 14:29:57,,
5163129,852,194,2026-04-06 14:29:57,,
5163130,852,194,2026-04-06 14:29:57,,
5163131,852,194,2026-04-06 14:29:57,,
5163132,852,194,2026-04-06 14:29:57,,
5163133,852,194,2026-04-06 14:29:57,,
5163134,852,194,2026-04-06 14:29:57,,
5163135,852,194,2026-04-06 14:29:57,,
5163136,852,194,2026-04-06 14:29:57,,
5163137,852,194,2026-04-06 14:29:57,,
5163138,852,194,2026-04-06 14:29:57,,
5163139,852,194,2026-04-06 14:29:57,,
5163140,852,194,2026-04-06 14:29:57,,
5163141,852,194,2026-04-06 14:29:57,,
5163142,852,194,2026-04-06 14:29:57,,
5163143,852,194,2026-04-06 14:29:57,,
5163144,852,194,2026-04-06 14:29:57,,
5163145,852,194,2026-04-06 14:29:57,,
5163146,852,194,2026-04-06 14:29:57,,
5163147,852,194,2026-04-06 14:29:57,,
5163148,852,194,2026-04-06 14:29:57,,
5163149,852,194,2026-04-06 14:29:57,,
5163150,852,194,2026-04-06 14:29:57,,
5163210,852,194,2026-04-06 14:29:57,,
5163151,852,194,2026-04-06 14:29:57,,
5163152,852,194,2026-04-06 14:29:57,,
5163153,852,194,2026-04-06 14:29:57,,
5163154,852,194,2026-04-06 14:29:57,,
5163155,852,194,2026-04-06 14:29:57,,
5163156,852,194,2026-04-06 14:29:57,,
5163157,852,194,2026-04-06 14:29:57,,
5163158,852,194,2026-04-06 14:29:57,,
5163159,852,194,2026-04-06 14:29:57,,
5163160,852,194,2026-04-06 14:29:57,,
5163161,852,194,2026-04-06 14:29:57,,
5163162,852,194,2026-04-06 14:29:57,,
5163163,852,194,2026-04-06 14:29:57,,
5163164,852,194,2026-04-06 14:29:57,,
5163165,852,194,2026-04-06 14:29:57,,
5163166,852,194,2026-04-06 14:29:57,,
5163167,852,194,2026-04-06 14:29:57,,
5163168,852,194,2026-04-06 14:29:57,,
5163169,852,194,2026-04-06 14:29:57,,
5163170,852,194,2026-04-06 14:29:57,,
5163171,852,194,2026-04-06 14:29:57,,
5163172,852,194,2026-04-06 14:29:57,,
5163173,852,194,2026-04-06 14:29:57,,
5163174,852,194,2026-04-06 14:29:57,,
5163175,852,194,2026-04-06 14:29:57,,
5163176,852,194,2026-04-06 14:29:57,,
5163177,852,194,2026-04-06 14:29:57,,
5163178,852,194,2026-04-06 14:29:57,,
5163179,852,194,2026-04-06 14:29:57,,
5163181,852,194,2026-04-06 14:29:57,,
5163182,852,194,2026-04-06 14:29:57,,
5163183,852,194,2026-04-06 14:29:57,,
5163184,852,194,2026-04-06 14:29:57,,
5163185,852,194,2026-04-06 14:29:57,,
5163186,852,194,2026-04-06 14:29:57,,
5163187,852,194,2026-04-06 14:29:57,,
5163188,852,194,2026-04-06 14:29:57,,
5163189,852,194,2026-04-06 14:29:57,,
5163190,852,194,2026-04-06 14:29:57,,
5163191,852,194,2026-04-06 14:29:57,,
5163192,852,194,2026-04-06 14:29:57,,
5163193,852,194,2026-04-06 14:29:57,,
5163194,852,194,2026-04-06 14:29:57,,
5163195,852,194,2026-04-06 14:29:57,,
5163196,852,194,2026-04-06 14:29:57,,
5163197,852,194,2026-04-06 14:29:57,,
5163198,852,194,2026-04-06 14:29:57,,
5163199,852,194,2026-04-06 14:29:57,,
5163200,852,194,2026-04-06 14:29:57,,
5163201,852,194,2026-04-06 14:29:57,,
5163202,852,194,2026-04-06 14:29:57,,
5163203,852,194,2026-04-06 14:29:57,,
5163204,852,194,2026-04-06 14:29:57,,
5163205,852,194,2026-04-06 14:29:57,,
5163206,852,194,2026-04-06 14:29:57,,
5163207,852,194,2026-04-06 14:29:57,,
5163208,852,194,2026-04-06 14:29:57,,
5163209,852,194,2026-04-06 14:29:57,,
5163211,852,194,2026-04-06 14:29:57,,
5163212,852,194,2026-04-06 14:29:57,,
5163213,852,194,2026-04-06 14:29:57,,
5163214,852,194,2026-04-06 14:29:57,,
5163215,852,194,2026-04-06 14:29:57,,
5163216,852,194,2026-04-06 14:29:57,,
5163217,852,194,2026-04-06 14:29:57,,
5163218,852,194,2026-04-06 14:29:57,,
5163219,852,194,2026-04-06 14:29:57,,
5163220,852,194,2026-04-06 14:29:57,,
5163221,852,194,2026-04-06 14:29:57,,
5163222,852,194,2026-04-06 14:29:57,,
5163223,852,194,2026-04-06 14:29:57,,
5163224,852,194,2026-04-06 14:29:57,,
5163225,852,194,2026-04-06 14:29:57,,
5163226,852,194,2026-04-06 14:29:57,,
5163227,852,194,2026-04-06 14:29:57,,
5163228,852,194,2026-04-06 14:29:57,,
5163229,852,194,2026-04-06 14:29:57,,
5163230,852,194,2026-04-06 14:29:57,,
5163231,852,194,2026-04-06 14:29:57,,
5163232,852,194,2026-04-06 14:29:57,,
5163233,852,194,2026-04-06 14:29:57,,
5163234,852,194,2026-04-06 14:29:57,,
5163235,852,194,2026-04-06 14:29:57,,
5163236,852,194,2026-04-06 14:29:57,,
5163237,852,194,2026-04-06 14:29:57,,
5163238,852,194,2026-04-06 14:29:57,,
5163239,852,194,2026-04-06 14:29:57,,
5163240,852,194,2026-04-06 14:29:57,,
5163241,852,194,2026-04-06 14:29:57,,
5163242,852,194,2026-04-06 14:29:57,,
5163243,852,194,2026-04-06 14:29:57,,
5163244,852,194,2026-04-06 14:29:57,,
5163245,852,194,2026-04-06 14:29:57,,
5163246,852,194,2026-04-06 14:29:57,,
5163247,852,194,2026-04-06 14:29:57,,
5163248,852,194,2026-04-06 14:29:57,,
5163249,852,194,2026-04-06 14:29:57,,
5163250,852,194,2026-04-06 14:29:57,,
5163251,852,194,2026-04-06 14:29:57,,
5163252,852,194,2026-04-06 14:29:57,,
5163253,852,194,2026-04-06 14:29:57,,
5163254,852,194,2026-04-06 14:29:57,,
5163255,852,194,2026-04-06 14:29:57,,
5163256,852,194,2026-04-06 14:29:57,,
5163257,852,194,2026-04-06 14:29:57,,
5163258,852,194,2026-04-06 14:29:57,,
5163259,852,194,2026-04-06 14:29:57,,
5163260,852,194,2026-04-06 14:29:57,,
5163261,852,194,2026-04-06 14:29:57,,
5163262,852,194,2026-04-06 14:29:57,,
5163263,852,194,2026-04-06 14:29:57,,
5163264,852,194,2026-04-06 14:29:57,,
5163265,852,194,2026-04-06 14:29:57,,
5163266,852,194,2026-04-06 14:29:57,,
5163267,852,194,2026-04-06 14:29:57,,
5163268,852,194,2026-04-06 14:29:57,,
5163269,852,194,2026-04-06 14:29:57,,
5163270,852,194,2026-04-06 14:29:57,,
5163271,852,194,2026-04-06 14:29:57,,
5163272,852,194,2026-04-06 14:29:57,,
5163273,852,194,2026-04-06 14:29:57,,
5163274,852,194,2026-04-06 14:29:57,,
5163275,852,194,2026-04-06 14:29:57,,
5163276,852,194,2026-04-06 14:29:57,,
5163277,852,194,2026-04-06 14:29:57,,
5163278,852,194,2026-04-06 14:29:57,,
5163279,852,194,2026-04-06 14:29:57,,
5163280,852,194,2026-04-06 14:29:57,,
5163281,852,194,2026-04-06 14:29:57,,
5163282,852,194,2026-04-06 14:29:57,,
5163283,852,194,2026-04-06 14:29:57,,
5163284,852,194,2026-04-06 14:29:57,,
5163285,852,194,2026-04-06 14:29:57,,
5163286,852,194,2026-04-06 14:29:57,,
5163287,852,194,2026-04-06 14:29:57,,
5163288,852,194,2026-04-06 14:29:57,,
5163289,852,194,2026-04-06 14:29:57,,
5163290,852,194,2026-04-06 14:29:57,,
5163291,852,194,2026-04-06 14:29:57,,
5163292,852,194,2026-04-06 14:29:57,,
5163293,852,194,2026-04-06 14:29:57,,
5163294,852,194,2026-04-06 14:29:57,,
5163295,852,194,2026-04-06 14:29:57,,
5163296,852,194,2026-04-06 14:29:57,,
5163297,852,194,2026-04-06 14:29:57,,
5163298,852,194,2026-04-06 14:29:57,,
5163299,852,194,2026-04-06 14:29:57,,
5163300,852,194,2026-04-06 14:29:57,,
5163301,852,194,2026-04-06 14:29:57,,
5163302,852,194,2026-04-06 14:29:57,,
5163303,852,194,2026-04-06 14:29:57,,
5163304,852,194,2026-04-06 14:29:57,,
5163305,852,194,2026-04-06 14:29:57,,
5163306,852,194,2026-04-06 14:29:57,,
5163307,852,194,2026-04-06 14:29:57,,
5163308,852,194,2026-04-06 14:29:57,,
5163509,852,194,2026-04-06 14:29:57,,
5163510,852,194,2026-04-06 14:29:57,,
5163511,852,194,2026-04-06 14:29:57,,
5163512,852,194,2026-04-06 14:29:57,,
5163513,852,194,2026-04-06 14:29:57,,
5163514,852,194,2026-04-06 14:29:57,,
5163515,852,194,2026-04-06 14:29:57,,
5163516,852,194,2026-04-06 14:29:57,,
5163517,852,194,2026-04-06 14:29:57,,
5163518,852,194,2026-04-06 14:29:57,,
5163519,852,194,2026-04-06 14:29:57,,
5163520,852,194,2026-04-06 14:29:57,,
5163521,852,194,2026-04-06 14:29:57,,
5163522,852,194,2026-04-06 14:29:57,,
5163523,852,194,2026-04-06 14:29:57,,
5163524,852,194,2026-04-06 14:29:57,,
5163525,852,194,2026-04-06 14:29:57,,
5163526,852,194,2026-04-06 14:29:57,,
5163527,852,194,2026-04-06 14:29:57,,
5163528,852,194,2026-04-06 14:29:57,,
5163529,852,194,2026-04-06 14:29:57,,
5163530,852,194,2026-04-06 14:29:57,,
5163531,852,194,2026-04-06 14:29:57,,
5163532,852,194,2026-04-06 14:29:57,,
5163533,852,194,2026-04-06 14:29:57,,
5163534,852,194,2026-04-06 14:29:57,,
5163535,852,194,2026-04-06 14:29:57,,
5163536,852,194,2026-04-06 14:29:57,,
5163537,852,194,2026-04-06 14:29:57,,
5163538,852,194,2026-04-06 14:29:57,,
5163539,852,194,2026-04-06 14:29:57,,
5163540,852,194,2026-04-06 14:29:57,,
5163541,852,194,2026-04-06 14:29:57,,
5163542,852,194,2026-04-06 14:29:57,,
5163543,852,194,2026-04-06 14:29:57,,
5163544,852,194,2026-04-06 14:29:57,,
5163545,852,194,2026-04-06 14:29:57,,
5163546,852,194,2026-04-06 14:29:57,,
5163547,852,194,2026-04-06 14:29:57,,
5163548,852,194,2026-04-06 14:29:57,,
5163549,852,194,2026-04-06 14:29:57,,
5163550,852,194,2026-04-06 14:29:57,,
5163551,852,194,2026-04-06 14:29:57,,
5163552,852,194,2026-04-06 14:29:57,,
5163553,852,194,2026-04-06 14:29:57,,
5163554,852,194,2026-04-06 14:29:57,,
5163555,852,194,2026-04-06 14:29:57,,
5163556,852,194,2026-04-06 14:29:57,,
5163557,852,194,2026-04-06 14:29:57,,
5163558,852,194,2026-04-06 14:29:57,,
5163559,852,194,2026-04-06 14:29:57,,
5163560,852,194,2026-04-06 14:29:57,,
5163561,852,194,2026-04-06 14:29:57,,
5163562,852,194,2026-04-06 14:29:57,,
5163563,852,194,2026-04-06 14:29:57,,
5163564,852,194,2026-04-06 14:29:57,,
5163565,852,194,2026-04-06 14:29:57,,
5163566,852,194,2026-04-06 14:29:57,,
5163567,852,194,2026-04-06 14:29:57,,
5163568,852,194,2026-04-06 14:29:57,,
5163569,852,194,2026-04-06 14:29:57,,
5163570,852,194,2026-04-06 14:29:57,,
5163571,852,194,2026-04-06 14:29:57,,
5163572,852,194,2026-04-06 14:29:57,,
5163573,852,194,2026-04-06 14:29:57,,
5163574,852,194,2026-04-06 14:29:57,,
5163575,852,194,2026-04-06 14:29:57,,
5163576,852,194,2026-04-06 14:29:57,,
5163577,852,194,2026-04-06 14:29:57,,
5163578,852,194,2026-04-06 14:29:57,,
5163579,852,194,2026-04-06 14:29:57,,
5163580,852,194,2026-04-06 14:29:57,,
5163581,852,194,2026-04-06 14:29:57,,
5163582,852,194,2026-04-06 14:29:57,,
5163583,852,194,2026-04-06 14:29:57,,
5163584,852,194,2026-04-06 14:29:57,,
5163585,852,194,2026-04-06 14:29:57,,
5163586,852,194,2026-04-06 14:29:57,,
5163587,852,194,2026-04-06 14:29:57,,
5163588,852,194,2026-04-06 14:29:57,,
5163589,852,194,2026-04-06 14:29:57,,
5163590,852,194,2026-04-06 14:29:57,,
5163591,852,194,2026-04-06 14:29:57,,
5163592,852,194,2026-04-06 14:29:57,,
5163593,852,194,2026-04-06 14:29:57,,
5163594,852,194,2026-04-06 14:29:57,,
5163595,852,194,2026-04-06 14:29:57,,
5163596,852,194,2026-04-06 14:29:57,,
5163597,852,194,2026-04-06 14:29:57,,
5163598,852,194,2026-04-06 14:29:57,,
5163599,852,194,2026-04-06 14:29:57,,
5163600,852,194,2026-04-06 14:29:57,,
5163601,852,194,2026-04-06 14:29:57,,
5163602,852,194,2026-04-06 14:29:57,,
5163603,852,194,2026-04-06 14:29:57,,
5163604,852,194,2026-04-06 14:29:57,,
5163605,852,194,2026-04-06 14:29:57,,
5163606,852,194,2026-04-06 14:29:57,,
5163607,852,194,2026-04-06 14:29:57,,
5163608,852,194,2026-04-06 14:29:57,,
5163609,852,194,2026-04-06 14:29:57,,
5163610,852,194,2026-04-06 14:29:57,,
5163611,852,194,2026-04-06 14:29:57,,
5163612,852,194,2026-04-06 14:29:57,,
5163613,852,194,2026-04-06 14:29:57,,
5163614,852,194,2026-04-06 14:29:57,,
5163615,852,194,2026-04-06 14:29:57,,
5163616,852,194,2026-04-06 14:29:57,,
5163617,852,194,2026-04-06 14:29:57,,
5163618,852,194,2026-04-06 14:29:57,,
5163619,852,194,2026-04-06 14:29:57,,
5163620,852,194,2026-04-06 14:29:57,,
5163621,852,194,2026-04-06 14:29:57,,
5163622,852,194,2026-04-06 14:29:57,,
5163623,852,194,2026-04-06 14:29:57,,
5163624,852,194,2026-04-06 14:29:57,,
5163625,852,194,2026-04-06 14:29:57,,
5163626,852,194,2026-04-06 14:29:57,,
5163627,852,194,2026-04-06 14:29:57,,
5163628,852,194,2026-04-06 14:29:57,,
5163629,852,194,2026-04-06 14:29:57,,
5163630,852,194,2026-04-06 14:29:57,,
5163631,852,194,2026-04-06 14:29:57,,
5163632,852,194,2026-04-06 14:29:57,,
5163633,852,194,2026-04-06 14:29:57,,
5163634,852,194,2026-04-06 14:29:57,,
5163635,852,194,2026-04-06 14:29:57,,
5163636,852,194,2026-04-06 14:29:57,,
5163637,852,194,2026-04-06 14:29:57,,
5163638,852,194,2026-04-06 14:29:57,,
5163639,852,194,2026-04-06 14:29:57,,
5163640,852,194,2026-04-06 14:29:57,,
5163641,852,194,2026-04-06 14:29:57,,
5163642,852,194,2026-04-06 14:29:57,,
5163643,852,194,2026-04-06 14:29:57,,
5163644,852,194,2026-04-06 14:29:57,,
5163645,852,194,2026-04-06 14:29:57,,
5163646,852,194,2026-04-06 14:29:57,,
5163647,852,194,2026-04-06 14:29:57,,
5163648,852,194,2026-04-06 14:29:57,,
5163649,852,194,2026-04-06 14:29:57,,
5163650,852,194,2026-04-06 14:29:57,,
5163651,852,194,2026-04-06 14:29:57,,
5163652,852,194,2026-04-06 14:29:57,,
5163653,852,194,2026-04-06 14:29:57,,
5163654,852,194,2026-04-06 14:29:57,,
5163655,852,194,2026-04-06 14:29:57,,
5163656,852,194,2026-04-06 14:29:57,,
5163657,852,194,2026-04-06 14:29:57,,
5163658,852,194,2026-04-06 14:29:57,,
5163659,852,194,2026-04-06 14:29:57,,
5163660,852,194,2026-04-06 14:29:57,,
5163661,852,194,2026-04-06 14:29:57,,
5163662,852,194,2026-04-06 14:29:57,,
5163663,852,194,2026-04-06 14:29:57,,
5163664,852,194,2026-04-06 14:29:57,,
5163665,852,194,2026-04-06 14:29:57,,
5163666,852,194,2026-04-06 14:29:57,,
5163667,852,194,2026-04-06 14:29:57,,
5163668,852,194,2026-04-06 14:29:57,,
5163669,852,194,2026-04-06 14:29:57,,
5163670,852,194,2026-04-06 14:29:57,,
5163671,852,194,2026-04-06 14:29:57,,
5163672,852,194,2026-04-06 14:29:57,,
5163673,852,194,2026-04-06 14:29:57,,
5163674,852,194,2026-04-06 14:29:57,,
5163675,852,194,2026-04-06 14:29:57,,
5163676,852,194,2026-04-06 14:29:57,,
5163677,852,194,2026-04-06 14:29:57,,
5163678,852,194,2026-04-06 14:29:57,,
5163679,852,194,2026-04-06 14:29:57,,
5163680,852,194,2026-04-06 14:29:57,,
5163681,852,194,2026-04-06 14:29:57,,
5163682,852,194,2026-04-06 14:29:57,,
5163683,852,194,2026-04-06 14:29:57,,
5163684,852,194,2026-04-06 14:29:57,,
5163685,852,194,2026-04-06 14:29:57,,
5163686,852,194,2026-04-06 14:29:57,,
5163687,852,194,2026-04-06 14:29:57,,
5163688,852,194,2026-04-06 14:29:57,,
5163689,852,194,2026-04-06 14:29:57,,
5163690,852,194,2026-04-06 14:29:57,,
5163691,852,194,2026-04-06 14:29:57,,
5163692,852,194,2026-04-06 14:29:57,,
5163693,852,194,2026-04-06 14:29:57,,
5163694,852,194,2026-04-06 14:29:57,,
5163695,852,194,2026-04-06 14:29:57,,
5163696,852,194,2026-04-06 14:29:57,,
5163697,852,194,2026-04-06 14:29:57,,
5163698,852,194,2026-04-06 14:29:57,,
5163699,852,194,2026-04-06 14:29:57,,
5163700,852,194,2026-04-06 14:29:57,,
5163701,852,194,2026-04-06 14:29:57,,
5163702,852,194,2026-04-06 14:29:57,,
5163703,852,194,2026-04-06 14:29:57,,
5163704,852,194,2026-04-06 14:29:57,,
5163705,852,194,2026-04-06 14:29:57,,
5163706,852,194,2026-04-06 14:29:57,,
5163707,852,194,2026-04-06 14:29:57,,
5163708,852,194,2026-04-06 14:29:57,,
5163709,852,194,2026-04-06 14:29:57,,
5163710,852,194,2026-04-06 14:29:57,,
5163711,852,194,2026-04-06 14:29:57,,
5163712,852,194,2026-04-06 14:29:57,,
5163713,852,194,2026-04-06 14:29:57,,
5163714,852,194,2026-04-06 14:29:57,,
5163715,852,194,2026-04-06 14:29:57,,
5163716,852,194,2026-04-06 14:29:57,,
5163717,852,194,2026-04-06 14:29:57,,
5163718,852,194,2026-04-06 14:29:57,,
5163719,852,194,2026-04-06 14:29:57,,
5163720,852,194,2026-04-06 14:29:57,,
5163721,852,194,2026-04-06 14:29:57,,
5163722,852,194,2026-04-06 14:29:57,,
5163723,852,194,2026-04-06 14:29:57,,
5163724,852,194,2026-04-06 14:29:57,,
5163725,852,194,2026-04-06 14:29:57,,
5163726,852,194,2026-04-06 14:29:57,,
5163727,852,194,2026-04-06 14:29:57,,
5163728,852,194,2026-04-06 14:29:57,,
5163729,852,194,2026-04-06 14:29:57,,
5163730,852,194,2026-04-06 14:29:57,,
5163731,852,194,2026-04-06 14:29:57,,
5163732,852,194,2026-04-06 14:29:57,,
5163733,852,194,2026-04-06 14:29:57,,
5163734,852,194,2026-04-06 14:29:57,,
5163735,852,194,2026-04-06 14:29:57,,
5163736,852,194,2026-04-06 14:29:57,,
5163737,852,194,2026-04-06 14:29:57,,
5163738,852,194,2026-04-06 14:29:57,,
5163739,852,194,2026-04-06 14:29:57,,
5163740,852,194,2026-04-06 14:29:57,,
5163741,852,194,2026-04-06 14:29:57,,
5163742,852,194,2026-04-06 14:29:57,,
5163743,852,194,2026-04-06 14:29:57,,
5163744,852,194,2026-04-06 14:29:57,,
5163745,852,194,2026-04-06 14:29:57,,
5163746,852,194,2026-04-06 14:29:57,,
5163747,852,194,2026-04-06 14:29:57,,
5163748,852,194,2026-04-06 14:29:57,,
5163749,852,194,2026-04-06 14:29:57,,
5163750,852,194,2026-04-06 14:29:57,,
5163751,852,194,2026-04-06 14:29:57,,
5163752,852,194,2026-04-06 14:29:57,,
5163753,852,194,2026-04-06 14:29:57,,
5163754,852,194,2026-04-06 14:29:57,,
5163755,852,194,2026-04-06 14:29:57,,
5163756,852,194,2026-04-06 14:29:57,,
5163757,852,194,2026-04-06 14:29:57,,
5163758,852,194,2026-04-06 14:29:57,,
5163759,852,194,2026-04-06 14:29:57,,
5163760,852,194,2026-04-06 14:29:57,,
5163761,852,194,2026-04-06 14:29:57,,
5163762,852,194,2026-04-06 14:29:57,,
5163763,852,194,2026-04-06 14:29:57,,
5163764,852,194,2026-04-06 14:29:57,,
5163765,852,194,2026-04-06 14:29:57,,
5163766,852,194,2026-04-06 14:29:57,,
5163767,852,194,2026-04-06 14:29:57,,
5163768,852,194,2026-04-06 14:29:57,,
5163769,852,194,2026-04-06 14:29:57,,
5163770,852,194,2026-04-06 14:29:57,,
5163771,852,194,2026-04-06 14:29:57,,
5163772,852,194,2026-04-06 14:29:57,,
5163773,852,194,2026-04-06 14:29:57,,
5163774,852,194,2026-04-06 14:29:57,,
5163775,852,194,2026-04-06 14:29:57,,
5163776,852,194,2026-04-06 14:29:57,,
5163777,852,194,2026-04-06 14:29:57,,
5163778,852,194,2026-04-06 14:29:57,,
5163779,852,194,2026-04-06 14:29:57,,
5163780,852,194,2026-04-06 14:29:57,,
5163781,852,194,2026-04-06 14:29:57,,
5163782,852,194,2026-04-06 14:29:57,,
5163783,852,194,2026-04-06 14:29:57,,
5163784,852,194,2026-04-06 14:29:57,,
5163785,852,194,2026-04-06 14:29:57,,
5163786,852,194,2026-04-06 14:29:57,,
5163787,852,194,2026-04-06 14:29:57,,
5163788,852,194,2026-04-06 14:29:57,,
5163789,852,194,2026-04-06 14:29:57,,
5163790,852,194,2026-04-06 14:29:57,,
5163791,852,194,2026-04-06 14:29:57,,
5163792,852,194,2026-04-06 14:29:57,,
5163793,852,194,2026-04-06 14:29:57,,
5163794,852,194,2026-04-06 14:29:57,,
5163795,852,194,2026-04-06 14:29:57,,
5163796,852,194,2026-04-06 14:29:57,,
5163797,852,194,2026-04-06 14:29:57,,
5163798,852,194,2026-04-06 14:29:57,,
5163799,852,194,2026-04-06 14:29:57,,
5163800,852,194,2026-04-06 14:29:57,,
5163801,852,194,2026-04-06 14:29:57,,
5163802,852,194,2026-04-06 14:29:57,,
5163803,852,194,2026-04-06 14:29:57,,
5163804,852,194,2026-04-06 14:29:57,,
5163805,852,194,2026-04-06 14:29:57,,
5163806,852,194,2026-04-06 14:29:57,,
5163807,852,194,2026-04-06 14:29:57,,
5163808,852,194,2026-04-06 14:29:57,,
5163809,852,194,2026-04-06 14:29:57,,
5163810,852,194,2026-04-06 14:29:57,,
5163811,852,194,2026-04-06 14:29:57,,
5163812,852,194,2026-04-06 14:29:57,,
5163813,852,194,2026-04-06 14:29:57,,
5163814,852,194,2026-04-06 14:29:57,,
5163815,852,194,2026-04-06 14:29:57,,
5163816,852,194,2026-04-06 14:29:57,,
5163817,852,194,2026-04-06 14:29:57,,
5163818,852,194,2026-04-06 14:29:57,,
5163819,852,194,2026-04-06 14:29:57,,
5163820,852,194,2026-04-06 14:29:57,,
5163821,852,194,2026-04-06 14:29:57,,
5163822,852,194,2026-04-06 14:29:57,,
5163823,852,194,2026-04-06 14:29:57,,
5163824,852,194,2026-04-06 14:29:57,,
5163825,852,194,2026-04-06 14:29:57,,
5163826,852,194,2026-04-06 14:29:57,,
5163827,852,194,2026-04-06 14:29:57,,
5163828,852,194,2026-04-06 14:29:57,,
5163829,852,194,2026-04-06 14:29:57,,
5163830,852,194,2026-04-06 14:29:57,,
5163831,852,194,2026-04-06 14:29:57,,
5163832,852,194,2026-04-06 14:29:57,,
5163833,852,194,2026-04-06 14:29:57,,
5163834,852,194,2026-04-06 14:29:57,,
5163835,852,194,2026-04-06 14:29:57,,
5163836,852,194,2026-04-06 14:29:57,,
5163837,852,194,2026-04-06 14:29:57,,
5163838,852,194,2026-04-06 14:29:57,,
5163839,852,194,2026-04-06 14:29:57,,
5124496,846,194,2026-04-06 14:29:57,,
5124497,846,194,2026-04-06 14:29:57,,
5124498,846,194,2026-04-06 14:29:57,,
5124499,846,194,2026-04-06 14:29:57,,
5124500,846,194,2026-04-06 14:29:57,,
5124501,846,194,2026-04-06 14:29:57,,
5124502,846,194,2026-04-06 14:29:57,,
5124503,846,194,2026-04-06 14:29:57,,
5124504,846,194,2026-04-06 14:29:57,,
5124505,846,194,2026-04-06 14:29:57,,
5124506,846,194,2026-04-06 14:29:57,,
5124507,846,194,2026-04-06 14:29:57,,
5124508,846,194,2026-04-06 14:29:57,,
5124509,846,194,2026-04-06 14:29:57,,
5124510,846,194,2026-04-06 14:29:57,,
5124511,846,194,2026-04-06 14:29:57,,
5124512,846,194,2026-04-06 14:29:57,,
5124513,846,194,2026-04-06 14:29:57,,
5124514,846,194,2026-04-06 14:29:57,,
5124515,846,194,2026-04-06 14:29:57,,
5124516,846,194,2026-04-06 14:29:57,,
5124517,846,194,2026-04-06 14:29:57,,
5124518,846,194,2026-04-06 14:29:57,,
5124519,846,194,2026-04-06 14:29:57,,
5124520,846,194,2026-04-06 14:29:57,,
5124521,846,194,2026-04-06 14:29:57,,
5124522,846,194,2026-04-06 14:29:57,,
5124523,846,194,2026-04-06 14:29:57,,
5124524,846,194,2026-04-06 14:29:57,,
5124525,846,194,2026-04-06 14:29:57,,
5124526,846,194,2026-04-06 14:29:57,,
5124527,846,194,2026-04-06 14:29:57,,
5124528,846,194,2026-04-06 14:29:57,,
5124529,846,194,2026-04-06 14:29:57,,
5124530,846,194,2026-04-06 14:29:57,,
5124531,846,194,2026-04-06 14:29:57,,
5124532,846,194,2026-04-06 14:29:57,,
5124533,846,194,2026-04-06 14:29:57,,
5124534,846,194,2026-04-06 14:29:57,,
5124535,846,194,2026-04-06 14:29:57,,
5124536,846,194,2026-04-06 14:29:57,,
5124537,846,194,2026-04-06 14:29:57,,
5124538,846,194,2026-04-06 14:29:57,,
5124539,846,194,2026-04-06 14:29:57,,
5124540,846,194,2026-04-06 14:29:57,,
5124541,846,194,2026-04-06 14:29:57,,
5124542,846,194,2026-04-06 14:29:57,,
5124543,846,194,2026-04-06 14:29:57,,
5124544,846,194,2026-04-06 14:29:57,,
5124545,846,194,2026-04-06 14:29:57,,
5124546,846,194,2026-04-06 14:29:57,,
5124547,846,194,2026-04-06 14:29:57,,
5124548,846,194,2026-04-06 14:29:57,,
5124549,846,194,2026-04-06 14:29:57,,
5124550,846,194,2026-04-06 14:29:57,,
5124551,846,194,2026-04-06 14:29:57,,
5124552,846,194,2026-04-06 14:29:57,,
5124553,846,194,2026-04-06 14:29:57,,
5124554,846,194,2026-04-06 14:29:57,,
5124555,846,194,2026-04-06 14:29:57,,
5124556,846,194,2026-04-06 14:29:57,,
5124557,846,194,2026-04-06 14:29:57,,
5124558,846,194,2026-04-06 14:29:57,,
5124559,846,194,2026-04-06 14:29:57,,
5124560,846,194,2026-04-06 14:29:57,,
5124561,846,194,2026-04-06 14:29:57,,
5124562,846,194,2026-04-06 14:29:57,,
5124563,846,194,2026-04-06 14:29:57,,
5124564,846,194,2026-04-06 14:29:57,,
5124565,846,194,2026-04-06 14:29:57,,
5124566,846,194,2026-04-06 14:29:57,,
5124567,846,194,2026-04-06 14:29:57,,
5124568,846,194,2026-04-06 14:29:57,,
5124648,846,194,2026-04-06 14:29:57,,
5124569,846,194,2026-04-06 14:29:57,,
5124570,846,194,2026-04-06 14:29:57,,
5124571,846,194,2026-04-06 14:29:57,,
5124572,846,194,2026-04-06 14:29:57,,
5124573,846,194,2026-04-06 14:29:57,,
5124574,846,194,2026-04-06 14:29:57,,
5124575,846,194,2026-04-06 14:29:57,,
5124576,846,194,2026-04-06 14:29:57,,
5124577,846,194,2026-04-06 14:29:57,,
5124578,846,194,2026-04-06 14:29:57,,
5124579,846,194,2026-04-06 14:29:57,,
5124580,846,194,2026-04-06 14:29:57,,
5124581,846,194,2026-04-06 14:29:57,,
5124582,846,194,2026-04-06 14:29:57,,
5124583,846,194,2026-04-06 14:29:57,,
5124584,846,194,2026-04-06 14:29:57,,
5124585,846,194,2026-04-06 14:29:57,,
5124586,846,194,2026-04-06 14:29:57,,
5124587,846,194,2026-04-06 14:29:57,,
5124588,846,194,2026-04-06 14:29:57,,
5124589,846,194,2026-04-06 14:29:57,,
5124590,846,194,2026-04-06 14:29:57,,
5124591,846,194,2026-04-06 14:29:57,,
5124592,846,194,2026-04-06 14:29:57,,
5124593,846,194,2026-04-06 14:29:57,,
5124594,846,194,2026-04-06 14:29:57,,
5124595,846,194,2026-04-06 14:29:57,,
5124596,846,194,2026-04-06 14:29:57,,
5124597,846,194,2026-04-06 14:29:57,,
5124598,846,194,2026-04-06 14:29:57,,
5124599,846,194,2026-04-06 14:29:57,,
5124600,846,194,2026-04-06 14:29:57,,
5124601,846,194,2026-04-06 14:29:57,,
5124602,846,194,2026-04-06 14:29:57,,
5124603,846,194,2026-04-06 14:29:57,,
5124604,846,194,2026-04-06 14:29:57,,
5124605,846,194,2026-04-06 14:29:57,,
5124606,846,194,2026-04-06 14:29:57,,
5124607,846,194,2026-04-06 14:29:57,,
5124649,846,194,2026-04-06 14:29:57,,
5124608,846,194,2026-04-06 14:29:57,,
5124609,846,194,2026-04-06 14:29:57,,
5124610,846,194,2026-04-06 14:29:57,,
5124611,846,194,2026-04-06 14:29:57,,
5124612,846,194,2026-04-06 14:29:57,,
5124613,846,194,2026-04-06 14:29:57,,
5124614,846,194,2026-04-06 14:29:57,,
5124615,846,194,2026-04-06 14:29:57,,
5124616,846,194,2026-04-06 14:29:57,,
5124617,846,194,2026-04-06 14:29:57,,
5124618,846,194,2026-04-06 14:29:57,,
5124619,846,194,2026-04-06 14:29:57,,
5124620,846,194,2026-04-06 14:29:57,,
5124621,846,194,2026-04-06 14:29:57,,
5124622,846,194,2026-04-06 14:29:57,,
5124623,846,194,2026-04-06 14:29:57,,
5124624,846,194,2026-04-06 14:29:57,,
5124625,846,194,2026-04-06 14:29:57,,
5124626,846,194,2026-04-06 14:29:57,,
5124627,846,194,2026-04-06 14:29:57,,
5124628,846,194,2026-04-06 14:29:57,,
5124629,846,194,2026-04-06 14:29:57,,
5124630,846,194,2026-04-06 14:29:57,,
5124631,846,194,2026-04-06 14:29:57,,
5124632,846,194,2026-04-06 14:29:57,,
5124633,846,194,2026-04-06 14:29:57,,
5124634,846,194,2026-04-06 14:29:57,,
5124635,846,194,2026-04-06 14:29:57,,
5124636,846,194,2026-04-06 14:29:57,,
5124637,846,194,2026-04-06 14:29:57,,
5124638,846,194,2026-04-06 14:29:57,,
5124639,846,194,2026-04-06 14:29:57,,
5124640,846,194,2026-04-06 14:29:57,,
5124641,846,194,2026-04-06 14:29:57,,
5124642,846,194,2026-04-06 14:29:57,,
5124643,846,194,2026-04-06 14:29:57,,
5124644,846,194,2026-04-06 14:29:57,,
5124645,846,194,2026-04-06 14:29:57,,
5124646,846,194,2026-04-06 14:29:57,,
5124647,846,194,2026-04-06 14:29:57,,
5124650,846,194,2026-04-06 14:29:57,,
5124651,846,194,2026-04-06 14:29:57,,
5124652,846,194,2026-04-06 14:29:57,,
5124653,846,194,2026-04-06 14:29:57,,
5124654,846,194,2026-04-06 14:29:57,,
5124655,846,194,2026-04-06 14:29:57,,
5124656,846,194,2026-04-06 14:29:57,,
5124657,846,194,2026-04-06 14:29:57,,
5124658,846,194,2026-04-06 14:29:57,,
5124659,846,194,2026-04-06 14:29:57,,
5124660,846,194,2026-04-06 14:29:57,,
5124661,846,194,2026-04-06 14:29:57,,
5124662,846,194,2026-04-06 14:29:57,,
5124663,846,194,2026-04-06 14:29:57,,
5124664,846,194,2026-04-06 14:29:57,,
5124665,846,194,2026-04-06 14:29:57,,
5124666,846,194,2026-04-06 14:29:57,,
5124667,846,194,2026-04-06 14:29:57,,
5124668,846,194,2026-04-06 14:29:57,,
5124669,846,194,2026-04-06 14:29:57,,
5124670,846,194,2026-04-06 14:29:57,,
5124671,846,194,2026-04-06 14:29:57,,
5124672,846,194,2026-04-06 14:29:57,,
5124673,846,194,2026-04-06 14:29:57,,
5124674,846,194,2026-04-06 14:29:57,,
5124675,846,194,2026-04-06 14:29:57,,
5124676,846,194,2026-04-06 14:29:57,,
5124677,846,194,2026-04-06 14:29:57,,
5124678,846,194,2026-04-06 14:29:57,,
5124679,846,194,2026-04-06 14:29:57,,
5124680,846,194,2026-04-06 14:29:57,,
5124681,846,194,2026-04-06 14:29:57,,
5124682,846,194,2026-04-06 14:29:57,,
5124683,846,194,2026-04-06 14:29:57,,
5124684,846,194,2026-04-06 14:29:57,,
5124685,846,194,2026-04-06 14:29:57,,
5124686,846,194,2026-04-06 14:29:57,,
5124687,846,194,2026-04-06 14:29:57,,
5124688,846,194,2026-04-06 14:29:57,,
5124689,846,194,2026-04-06 14:29:57,,
5124690,846,194,2026-04-06 14:29:57,,
5124691,846,194,2026-04-06 14:29:57,,
5124692,846,194,2026-04-06 14:29:57,,
5124693,846,194,2026-04-06 14:29:57,,
5124694,846,194,2026-04-06 14:29:57,,
5124695,846,194,2026-04-06 14:29:57,,
5124296,846,194,2026-04-06 14:29:57,,
5124297,846,194,2026-04-06 14:29:57,,
5124298,846,194,2026-04-06 14:29:57,,
5124299,846,194,2026-04-06 14:29:57,,
5124300,846,194,2026-04-06 14:29:57,,
5124301,846,194,2026-04-06 14:29:57,,
5124302,846,194,2026-04-06 14:29:57,,
5124303,846,194,2026-04-06 14:29:57,,
5124304,846,194,2026-04-06 14:29:57,,
5124305,846,194,2026-04-06 14:29:57,,
5124306,846,194,2026-04-06 14:29:57,,
5124307,846,194,2026-04-06 14:29:57,,
5124308,846,194,2026-04-06 14:29:57,,
5124309,846,194,2026-04-06 14:29:57,,
5124310,846,194,2026-04-06 14:29:57,,
5124311,846,194,2026-04-06 14:29:57,,
5124312,846,194,2026-04-06 14:29:57,,
5124313,846,194,2026-04-06 14:29:57,,
5124314,846,194,2026-04-06 14:29:57,,
5124315,846,194,2026-04-06 14:29:57,,
5124316,846,194,2026-04-06 14:29:57,,
5124317,846,194,2026-04-06 14:29:57,,
5124318,846,194,2026-04-06 14:29:57,,
5124319,846,194,2026-04-06 14:29:57,,
5124320,846,194,2026-04-06 14:29:57,,
5124321,846,194,2026-04-06 14:29:57,,
5124322,846,194,2026-04-06 14:29:57,,
5124323,846,194,2026-04-06 14:29:57,,
5124324,846,194,2026-04-06 14:29:57,,
5124325,846,194,2026-04-06 14:29:57,,
5124326,846,194,2026-04-06 14:29:57,,
5124327,846,194,2026-04-06 14:29:57,,
5124328,846,194,2026-04-06 14:29:57,,
5124329,846,194,2026-04-06 14:29:57,,
5124330,846,194,2026-04-06 14:29:57,,
5124331,846,194,2026-04-06 14:29:57,,
5124332,846,194,2026-04-06 14:29:57,,
5124333,846,194,2026-04-06 14:29:57,,
5124334,846,194,2026-04-06 14:29:57,,
5124335,846,194,2026-04-06 14:29:57,,
5124336,846,194,2026-04-06 14:29:57,,
5124337,846,194,2026-04-06 14:29:57,,
5124338,846,194,2026-04-06 14:29:57,,
5124339,846,194,2026-04-06 14:29:57,,
5124340,846,194,2026-04-06 14:29:57,,
5124341,846,194,2026-04-06 14:29:57,,
5124342,846,194,2026-04-06 14:29:57,,
5124343,846,194,2026-04-06 14:29:57,,
5124344,846,194,2026-04-06 14:29:57,,
5124345,846,194,2026-04-06 14:29:57,,
5124346,846,194,2026-04-06 14:29:57,,
5124347,846,194,2026-04-06 14:29:57,,
5124348,846,194,2026-04-06 14:29:57,,
5124349,846,194,2026-04-06 14:29:57,,
5124350,846,194,2026-04-06 14:29:57,,
5124351,846,194,2026-04-06 14:29:57,,
5124352,846,194,2026-04-06 14:29:57,,
5124353,846,194,2026-04-06 14:29:57,,
5124354,846,194,2026-04-06 14:29:57,,
5124355,846,194,2026-04-06 14:29:57,,
5124356,846,194,2026-04-06 14:29:57,,
5124357,846,194,2026-04-06 14:29:57,,
5124358,846,194,2026-04-06 14:29:57,,
5124359,846,194,2026-04-06 14:29:57,,
5124360,846,194,2026-04-06 14:29:57,,
5124361,846,194,2026-04-06 14:29:57,,
5124362,846,194,2026-04-06 14:29:57,,
5124363,846,194,2026-04-06 14:29:57,,
5124364,846,194,2026-04-06 14:29:57,,
5124365,846,194,2026-04-06 14:29:57,,
5124366,846,194,2026-04-06 14:29:57,,
5124367,846,194,2026-04-06 14:29:57,,
5124368,846,194,2026-04-06 14:29:57,,
5124369,846,194,2026-04-06 14:29:57,,
5124370,846,194,2026-04-06 14:29:57,,
5124371,846,194,2026-04-06 14:29:57,,
5124372,846,194,2026-04-06 14:29:57,,
5124373,846,194,2026-04-06 14:29:57,,
5124374,846,194,2026-04-06 14:29:57,,
5124375,846,194,2026-04-06 14:29:57,,
5124376,846,194,2026-04-06 14:29:57,,
5124377,846,194,2026-04-06 14:29:57,,
5124378,846,194,2026-04-06 14:29:57,,
5124379,846,194,2026-04-06 14:29:57,,
5124380,846,194,2026-04-06 14:29:57,,
5124381,846,194,2026-04-06 14:29:57,,
5124382,846,194,2026-04-06 14:29:57,,
5124383,846,194,2026-04-06 14:29:57,,
5124384,846,194,2026-04-06 14:29:57,,
5124385,846,194,2026-04-06 14:29:57,,
5124386,846,194,2026-04-06 14:29:57,,
5124387,846,194,2026-04-06 14:29:57,,
5124388,846,194,2026-04-06 14:29:57,,
5124389,846,194,2026-04-06 14:29:57,,
5124390,846,194,2026-04-06 14:29:57,,
5124391,846,194,2026-04-06 14:29:57,,
5124392,846,194,2026-04-06 14:29:57,,
5124393,846,194,2026-04-06 14:29:57,,
5124394,846,194,2026-04-06 14:29:57,,
5124395,846,194,2026-04-06 14:29:57,,
5124396,846,194,2026-04-06 14:29:57,,
5124397,846,194,2026-04-06 14:29:57,,
5124398,846,194,2026-04-06 14:29:57,,
5124399,846,194,2026-04-06 14:29:57,,
5124400,846,194,2026-04-06 14:29:57,,
5124401,846,194,2026-04-06 14:29:57,,
5124402,846,194,2026-04-06 14:29:57,,
5124403,846,194,2026-04-06 14:29:57,,
5124404,846,194,2026-04-06 14:29:57,,
5124405,846,194,2026-04-06 14:29:57,,
5124406,846,194,2026-04-06 14:29:57,,
5124407,846,194,2026-04-06 14:29:57,,
5124408,846,194,2026-04-06 14:29:57,,
5124409,846,194,2026-04-06 14:29:57,,
5124410,846,194,2026-04-06 14:29:57,,
5124411,846,194,2026-04-06 14:29:57,,
5124412,846,194,2026-04-06 14:29:57,,
5124413,846,194,2026-04-06 14:29:57,,
5124414,846,194,2026-04-06 14:29:57,,
5124415,846,194,2026-04-06 14:29:57,,
5124416,846,194,2026-04-06 14:29:57,,
5124417,846,194,2026-04-06 14:29:57,,
5124418,846,194,2026-04-06 14:29:57,,
5124419,846,194,2026-04-06 14:29:57,,
5124420,846,194,2026-04-06 14:29:57,,
5124421,846,194,2026-04-06 14:29:57,,
5124422,846,194,2026-04-06 14:29:57,,
5124423,846,194,2026-04-06 14:29:57,,
5124424,846,194,2026-04-06 14:29:57,,
5124425,846,194,2026-04-06 14:29:57,,
5124426,846,194,2026-04-06 14:29:57,,
5124427,846,194,2026-04-06 14:29:57,,
5124428,846,194,2026-04-06 14:29:57,,
5124429,846,194,2026-04-06 14:29:57,,
5124430,846,194,2026-04-06 14:29:57,,
5124431,846,194,2026-04-06 14:29:57,,
5124432,846,194,2026-04-06 14:29:57,,
5124433,846,194,2026-04-06 14:29:57,,
5124434,846,194,2026-04-06 14:29:57,,
5124435,846,194,2026-04-06 14:29:57,,
5124436,846,194,2026-04-06 14:29:57,,
5124437,846,194,2026-04-06 14:29:57,,
5124438,846,194,2026-04-06 14:29:57,,
5124439,846,194,2026-04-06 14:29:57,,
5124440,846,194,2026-04-06 14:29:57,,
5124441,846,194,2026-04-06 14:29:57,,
5124442,846,194,2026-04-06 14:29:57,,
5124443,846,194,2026-04-06 14:29:57,,
5124444,846,194,2026-04-06 14:29:57,,
5124445,846,194,2026-04-06 14:29:57,,
5124446,846,194,2026-04-06 14:29:57,,
5124447,846,194,2026-04-06 14:29:57,,
5124448,846,194,2026-04-06 14:29:57,,
5124449,846,194,2026-04-06 14:29:57,,
5124450,846,194,2026-04-06 14:29:57,,
5124451,846,194,2026-04-06 14:29:57,,
5124452,846,194,2026-04-06 14:29:57,,
5124453,846,194,2026-04-06 14:29:57,,
5124454,846,194,2026-04-06 14:29:57,,
5124455,846,194,2026-04-06 14:29:57,,
5124456,846,194,2026-04-06 14:29:57,,
5124457,846,194,2026-04-06 14:29:57,,
5124458,846,194,2026-04-06 14:29:57,,
5124459,846,194,2026-04-06 14:29:57,,
5124460,846,194,2026-04-06 14:29:57,,
5124461,846,194,2026-04-06 14:29:57,,
5124462,846,194,2026-04-06 14:29:57,,
5124463,846,194,2026-04-06 14:29:57,,
5124464,846,194,2026-04-06 14:29:57,,
5124465,846,194,2026-04-06 14:29:57,,
5124466,846,194,2026-04-06 14:29:57,,
5124467,846,194,2026-04-06 14:29:57,,
5124468,846,194,2026-04-06 14:29:57,,
5124469,846,194,2026-04-06 14:29:57,,
5124470,846,194,2026-04-06 14:29:57,,
5124471,846,194,2026-04-06 14:29:57,,
5124472,846,194,2026-04-06 14:29:57,,
5124473,846,194,2026-04-06 14:29:57,,
5124474,846,194,2026-04-06 14:29:57,,
5124475,846,194,2026-04-06 14:29:57,,
5124476,846,194,2026-04-06 14:29:57,,
5124477,846,194,2026-04-06 14:29:57,,
5124478,846,194,2026-04-06 14:29:57,,
5124479,846,194,2026-04-06 14:29:57,,
5124480,846,194,2026-04-06 14:29:57,,
5124481,846,194,2026-04-06 14:29:57,,
5124482,846,194,2026-04-06 14:29:57,,
5124483,846,194,2026-04-06 14:29:57,,
5124484,846,194,2026-04-06 14:29:57,,
5124485,846,194,2026-04-06 14:29:57,,
5124486,846,194,2026-04-06 14:29:57,,
5124487,846,194,2026-04-06 14:29:57,,
5124488,846,194,2026-04-06 14:29:57,,
5124489,846,194,2026-04-06 14:29:57,,
5124490,846,194,2026-04-06 14:29:57,,
5124491,846,194,2026-04-06 14:29:57,,
5124492,846,194,2026-04-06 14:29:57,,
5124493,846,194,2026-04-06 14:29:57,,
5124494,846,194,2026-04-06 14:29:57,,
5124495,846,194,2026-04-06 14:29:57,,
5123696,846,194,2026-04-06 14:29:57,,
5123697,846,194,2026-04-06 14:29:57,,
5123698,846,194,2026-04-06 14:29:57,,
5123699,846,194,2026-04-06 14:29:57,,
5123700,846,194,2026-04-06 14:29:57,,
5123701,846,194,2026-04-06 14:29:57,,
5123702,846,194,2026-04-06 14:29:57,,
5123703,846,194,2026-04-06 14:29:57,,
5123704,846,194,2026-04-06 14:29:57,,
5123705,846,194,2026-04-06 14:29:57,,
5123706,846,194,2026-04-06 14:29:57,,
5123707,846,194,2026-04-06 14:29:57,,
5123708,846,194,2026-04-06 14:29:57,,
5123709,846,194,2026-04-06 14:29:57,,
5123710,846,194,2026-04-06 14:29:57,,
5123711,846,194,2026-04-06 14:29:57,,
5123712,846,194,2026-04-06 14:29:57,,
5123713,846,194,2026-04-06 14:29:57,,
5123714,846,194,2026-04-06 14:29:57,,
5123715,846,194,2026-04-06 14:29:57,,
5123716,846,194,2026-04-06 14:29:57,,
5123717,846,194,2026-04-06 14:29:57,,
5123718,846,194,2026-04-06 14:29:57,,
5123719,846,194,2026-04-06 14:29:57,,
5123720,846,194,2026-04-06 14:29:57,,
5123721,846,194,2026-04-06 14:29:57,,
5123722,846,194,2026-04-06 14:29:57,,
5123723,846,194,2026-04-06 14:29:57,,
5123724,846,194,2026-04-06 14:29:57,,
5123725,846,194,2026-04-06 14:29:57,,
5123726,846,194,2026-04-06 14:29:57,,
5123727,846,194,2026-04-06 14:29:57,,
5123728,846,194,2026-04-06 14:29:57,,
5123729,846,194,2026-04-06 14:29:57,,
5123730,846,194,2026-04-06 14:29:57,,
5123731,846,194,2026-04-06 14:29:57,,
5123732,846,194,2026-04-06 14:29:57,,
5123733,846,194,2026-04-06 14:29:57,,
5123734,846,194,2026-04-06 14:29:57,,
5123735,846,194,2026-04-06 14:29:57,,
5123736,846,194,2026-04-06 14:29:57,,
5123737,846,194,2026-04-06 14:29:57,,
5123738,846,194,2026-04-06 14:29:57,,
5123739,846,194,2026-04-06 14:29:57,,
5123740,846,194,2026-04-06 14:29:57,,
5123741,846,194,2026-04-06 14:29:57,,
5123742,846,194,2026-04-06 14:29:57,,
5123743,846,194,2026-04-06 14:29:57,,
5123744,846,194,2026-04-06 14:29:57,,
5123745,846,194,2026-04-06 14:29:57,,
5123746,846,194,2026-04-06 14:29:57,,
5123747,846,194,2026-04-06 14:29:57,,
5123748,846,194,2026-04-06 14:29:57,,
5123749,846,194,2026-04-06 14:29:57,,
5123750,846,194,2026-04-06 14:29:57,,
5123751,846,194,2026-04-06 14:29:57,,
5123752,846,194,2026-04-06 14:29:57,,
5123753,846,194,2026-04-06 14:29:57,,
5123754,846,194,2026-04-06 14:29:57,,
5123755,846,194,2026-04-06 14:29:57,,
5123756,846,194,2026-04-06 14:29:57,,
5123757,846,194,2026-04-06 14:29:57,,
5123758,846,194,2026-04-06 14:29:57,,
5123759,846,194,2026-04-06 14:29:57,,
5123760,846,194,2026-04-06 14:29:57,,
5123761,846,194,2026-04-06 14:29:57,,
5123762,846,194,2026-04-06 14:29:57,,
5123763,846,194,2026-04-06 14:29:57,,
5123764,846,194,2026-04-06 14:29:57,,
5123765,846,194,2026-04-06 14:29:57,,
5123766,846,194,2026-04-06 14:29:57,,
5123767,846,194,2026-04-06 14:29:57,,
5123768,846,194,2026-04-06 14:29:57,,
5123769,846,194,2026-04-06 14:29:57,,
5123770,846,194,2026-04-06 14:29:57,,
5123771,846,194,2026-04-06 14:29:57,,
5123772,846,194,2026-04-06 14:29:57,,
5123773,846,194,2026-04-06 14:29:57,,
5123774,846,194,2026-04-06 14:29:57,,
5123775,846,194,2026-04-06 14:29:57,,
5123776,846,194,2026-04-06 14:29:57,,
5123777,846,194,2026-04-06 14:29:57,,
5123778,846,194,2026-04-06 14:29:57,,
5123779,846,194,2026-04-06 14:29:57,,
5123780,846,194,2026-04-06 14:29:57,,
5123781,846,194,2026-04-06 14:29:57,,
5123782,846,194,2026-04-06 14:29:57,,
5123783,846,194,2026-04-06 14:29:57,,
5123784,846,194,2026-04-06 14:29:57,,
5123785,846,194,2026-04-06 14:29:57,,
5123786,846,194,2026-04-06 14:29:57,,
5123787,846,194,2026-04-06 14:29:57,,
5123788,846,194,2026-04-06 14:29:57,,
5123789,846,194,2026-04-06 14:29:57,,
5123790,846,194,2026-04-06 14:29:57,,
5123791,846,194,2026-04-06 14:29:57,,
5123792,846,194,2026-04-06 14:29:57,,
5123793,846,194,2026-04-06 14:29:57,,
5123794,846,194,2026-04-06 14:29:57,,
5123795,846,194,2026-04-06 14:29:57,,
5123796,846,194,2026-04-06 14:29:57,,
5123797,846,194,2026-04-06 14:29:57,,
5123798,846,194,2026-04-06 14:29:57,,
5123799,846,194,2026-04-06 14:29:57,,
5123800,846,194,2026-04-06 14:29:57,,
5123801,846,194,2026-04-06 14:29:57,,
5123802,846,194,2026-04-06 14:29:57,,
5123803,846,194,2026-04-06 14:29:57,,
5123804,846,194,2026-04-06 14:29:57,,
5123805,846,194,2026-04-06 14:29:57,,
5123806,846,194,2026-04-06 14:29:57,,
5123807,846,194,2026-04-06 14:29:57,,
5123808,846,194,2026-04-06 14:29:57,,
5123809,846,194,2026-04-06 14:29:57,,
5123810,846,194,2026-04-06 14:29:57,,
5123811,846,194,2026-04-06 14:29:57,,
5123812,846,194,2026-04-06 14:29:57,,
5123813,846,194,2026-04-06 14:29:57,,
5123814,846,194,2026-04-06 14:29:57,,
5123815,846,194,2026-04-06 14:29:57,,
5123816,846,194,2026-04-06 14:29:57,,
5123817,846,194,2026-04-06 14:29:57,,
5123818,846,194,2026-04-06 14:29:57,,
5123819,846,194,2026-04-06 14:29:57,,
5123820,846,194,2026-04-06 14:29:57,,
5123821,846,194,2026-04-06 14:29:57,,
5123822,846,194,2026-04-06 14:29:57,,
5123823,846,194,2026-04-06 14:29:57,,
5123824,846,194,2026-04-06 14:29:57,,
5123825,846,194,2026-04-06 14:29:57,,
5123826,846,194,2026-04-06 14:29:57,,
5123827,846,194,2026-04-06 14:29:57,,
5123828,846,194,2026-04-06 14:29:57,,
5123829,846,194,2026-04-06 14:29:57,,
5123830,846,194,2026-04-06 14:29:57,,
5123831,846,194,2026-04-06 14:29:57,,
5123832,846,194,2026-04-06 14:29:57,,
5123833,846,194,2026-04-06 14:29:57,,
5123834,846,194,2026-04-06 14:29:57,,
5123835,846,194,2026-04-06 14:29:57,,
5123836,846,194,2026-04-06 14:29:57,,
5123837,846,194,2026-04-06 14:29:57,,
5123838,846,194,2026-04-06 14:29:57,,
5123839,846,194,2026-04-06 14:29:57,,
5123840,846,194,2026-04-06 14:29:57,,
5123841,846,194,2026-04-06 14:29:57,,
5123842,846,194,2026-04-06 14:29:57,,
5123843,846,194,2026-04-06 14:29:57,,
5123844,846,194,2026-04-06 14:29:57,,
5123845,846,194,2026-04-06 14:29:57,,
5123846,846,194,2026-04-06 14:29:57,,
5123847,846,194,2026-04-06 14:29:57,,
5123848,846,194,2026-04-06 14:29:57,,
5123849,846,194,2026-04-06 14:29:57,,
5123850,846,194,2026-04-06 14:29:57,,
5123851,846,194,2026-04-06 14:29:57,,
5123852,846,194,2026-04-06 14:29:57,,
5123853,846,194,2026-04-06 14:29:57,,
5123854,846,194,2026-04-06 14:29:57,,
5123855,846,194,2026-04-06 14:29:57,,
5123856,846,194,2026-04-06 14:29:57,,
5123857,846,194,2026-04-06 14:29:57,,
5123858,846,194,2026-04-06 14:29:57,,
5123859,846,194,2026-04-06 14:29:57,,
5123860,846,194,2026-04-06 14:29:57,,
5123861,846,194,2026-04-06 14:29:57,,
5123862,846,194,2026-04-06 14:29:57,,
5123863,846,194,2026-04-06 14:29:57,,
5123864,846,194,2026-04-06 14:29:57,,
5123865,846,194,2026-04-06 14:29:57,,
5123866,846,194,2026-04-06 14:29:57,,
5123867,846,194,2026-04-06 14:29:57,,
5123868,846,194,2026-04-06 14:29:57,,
5123869,846,194,2026-04-06 14:29:57,,
5123870,846,194,2026-04-06 14:29:57,,
5123871,846,194,2026-04-06 14:29:57,,
5123872,846,194,2026-04-06 14:29:57,,
5123873,846,194,2026-04-06 14:29:57,,
5123874,846,194,2026-04-06 14:29:57,,
5123875,846,194,2026-04-06 14:29:57,,
5123876,846,194,2026-04-06 14:29:57,,
5123877,846,194,2026-04-06 14:29:57,,
5123878,846,194,2026-04-06 14:29:57,,
5123879,846,194,2026-04-06 14:29:57,,
5123880,846,194,2026-04-06 14:29:57,,
5123881,846,194,2026-04-06 14:29:57,,
5123882,846,194,2026-04-06 14:29:57,,
5123883,846,194,2026-04-06 14:29:57,,
5123884,846,194,2026-04-06 14:29:57,,
5123885,846,194,2026-04-06 14:29:57,,
5123886,846,194,2026-04-06 14:29:57,,
5123887,846,194,2026-04-06 14:29:57,,
5123888,846,194,2026-04-06 14:29:57,,
5123889,846,194,2026-04-06 14:29:57,,
5123890,846,194,2026-04-06 14:29:57,,
5123891,846,194,2026-04-06 14:29:57,,
5123892,846,194,2026-04-06 14:29:57,,
5123893,846,194,2026-04-06 14:29:57,,
5123894,846,194,2026-04-06 14:29:57,,
5123895,846,194,2026-04-06 14:29:57,,
5124896,846,194,2026-04-06 14:29:57,,
5124897,846,194,2026-04-06 14:29:57,,
5124898,846,194,2026-04-06 14:29:57,,
5124899,846,194,2026-04-06 14:29:57,,
5124900,846,194,2026-04-06 14:29:57,,
5124901,846,194,2026-04-06 14:29:57,,
5124902,846,194,2026-04-06 14:29:57,,
5124903,846,194,2026-04-06 14:29:57,,
5124904,846,194,2026-04-06 14:29:57,,
5124905,846,194,2026-04-06 14:29:57,,
5124906,846,194,2026-04-06 14:29:57,,
5124907,846,194,2026-04-06 14:29:57,,
5124908,846,194,2026-04-06 14:29:57,,
5124909,846,194,2026-04-06 14:29:57,,
5124910,846,194,2026-04-06 14:29:57,,
5124911,846,194,2026-04-06 14:29:57,,
5124912,846,194,2026-04-06 14:29:57,,
5124913,846,194,2026-04-06 14:29:57,,
5124914,846,194,2026-04-06 14:29:57,,
5124915,846,194,2026-04-06 14:29:57,,
5124916,846,194,2026-04-06 14:29:57,,
5124917,846,194,2026-04-06 14:29:57,,
5124918,846,194,2026-04-06 14:29:57,,
5124919,846,194,2026-04-06 14:29:57,,
5124920,846,194,2026-04-06 14:29:57,,
5124921,846,194,2026-04-06 14:29:57,,
5124922,846,194,2026-04-06 14:29:57,,
5124923,846,194,2026-04-06 14:29:57,,
5124924,846,194,2026-04-06 14:29:57,,
5124925,846,194,2026-04-06 14:29:57,,
5124926,846,194,2026-04-06 14:29:57,,
5124927,846,194,2026-04-06 14:29:57,,
5124928,846,194,2026-04-06 14:29:57,,
5124929,846,194,2026-04-06 14:29:57,,
5124930,846,194,2026-04-06 14:29:57,,
5124931,846,194,2026-04-06 14:29:57,,
5124932,846,194,2026-04-06 14:29:57,,
5124933,846,194,2026-04-06 14:29:57,,
5124934,846,194,2026-04-06 14:29:57,,
5124935,846,194,2026-04-06 14:29:57,,
5124936,846,194,2026-04-06 14:29:57,,
5124937,846,194,2026-04-06 14:29:57,,
5124938,846,194,2026-04-06 14:29:57,,
5124939,846,194,2026-04-06 14:29:57,,
5124940,846,194,2026-04-06 14:29:57,,
5124941,846,194,2026-04-06 14:29:57,,
5124942,846,194,2026-04-06 14:29:57,,
5124943,846,194,2026-04-06 14:29:57,,
5124944,846,194,2026-04-06 14:29:57,,
5124945,846,194,2026-04-06 14:29:57,,
5124946,846,194,2026-04-06 14:29:57,,
5124947,846,194,2026-04-06 14:29:57,,
5124948,846,194,2026-04-06 14:29:57,,
5124949,846,194,2026-04-06 14:29:57,,
5124950,846,194,2026-04-06 14:29:57,,
5124951,846,194,2026-04-06 14:29:57,,
5124952,846,194,2026-04-06 14:29:57,,
5124953,846,194,2026-04-06 14:29:57,,
5124954,846,194,2026-04-06 14:29:57,,
5124955,846,194,2026-04-06 14:29:57,,
5124956,846,194,2026-04-06 14:29:57,,
5124957,846,194,2026-04-06 14:29:57,,
5124958,846,194,2026-04-06 14:29:57,,
5124959,846,194,2026-04-06 14:29:57,,
5124960,846,194,2026-04-06 14:29:57,,
5124961,846,194,2026-04-06 14:29:57,,
5124962,846,194,2026-04-06 14:29:57,,
5124963,846,194,2026-04-06 14:29:57,,
5124964,846,194,2026-04-06 14:29:57,,
5124965,846,194,2026-04-06 14:29:57,,
5124966,846,194,2026-04-06 14:29:57,,
5124967,846,194,2026-04-06 14:29:57,,
5124968,846,194,2026-04-06 14:29:57,,
5124969,846,194,2026-04-06 14:29:57,,
5124970,846,194,2026-04-06 14:29:57,,
5124971,846,194,2026-04-06 14:29:57,,
5124972,846,194,2026-04-06 14:29:57,,
5124973,846,194,2026-04-06 14:29:57,,
5124974,846,194,2026-04-06 14:29:57,,
5124975,846,194,2026-04-06 14:29:57,,
5124976,846,194,2026-04-06 14:29:57,,
5124977,846,194,2026-04-06 14:29:57,,
5124978,846,194,2026-04-06 14:29:57,,
5124979,846,194,2026-04-06 14:29:57,,
5124980,846,194,2026-04-06 14:29:57,,
5124981,846,194,2026-04-06 14:29:57,,
5124982,846,194,2026-04-06 14:29:57,,
5124983,846,194,2026-04-06 14:29:57,,
5124984,846,194,2026-04-06 14:29:57,,
5124985,846,194,2026-04-06 14:29:57,,
5124986,846,194,2026-04-06 14:29:57,,
5124987,846,194,2026-04-06 14:29:57,,
5124988,846,194,2026-04-06 14:29:57,,
5124989,846,194,2026-04-06 14:29:57,,
5124990,846,194,2026-04-06 14:29:57,,
5124991,846,194,2026-04-06 14:29:57,,
5124992,846,194,2026-04-06 14:29:57,,
5124993,846,194,2026-04-06 14:29:57,,
5124994,846,194,2026-04-06 14:29:57,,
5124995,846,194,2026-04-06 14:29:57,,
5124996,846,194,2026-04-06 14:29:57,,
5124997,846,194,2026-04-06 14:29:57,,
5124998,846,194,2026-04-06 14:29:57,,
5124999,846,194,2026-04-06 14:29:57,,
5125000,846,194,2026-04-06 14:29:57,,
5125001,846,194,2026-04-06 14:29:57,,
5125002,846,194,2026-04-06 14:29:57,,
5125003,846,194,2026-04-06 14:29:57,,
5125004,846,194,2026-04-06 14:29:57,,
5125005,846,194,2026-04-06 14:29:57,,
5125006,846,194,2026-04-06 14:29:57,,
5125007,846,194,2026-04-06 14:29:57,,
5125008,846,194,2026-04-06 14:29:57,,
5125009,846,194,2026-04-06 14:29:57,,
5125010,846,194,2026-04-06 14:29:57,,
5125011,846,194,2026-04-06 14:29:57,,
5125012,846,194,2026-04-06 14:29:57,,
5125013,846,194,2026-04-06 14:29:57,,
5125014,846,194,2026-04-06 14:29:57,,
5125015,846,194,2026-04-06 14:29:57,,
5125016,846,194,2026-04-06 14:29:57,,
5125017,846,194,2026-04-06 14:29:57,,
5125018,846,194,2026-04-06 14:29:57,,
5125019,846,194,2026-04-06 14:29:57,,
5125020,846,194,2026-04-06 14:29:57,,
5125021,846,194,2026-04-06 14:29:57,,
5125022,846,194,2026-04-06 14:29:57,,
5125023,846,194,2026-04-06 14:29:57,,
5125024,846,194,2026-04-06 14:29:57,,
5125025,846,194,2026-04-06 14:29:57,,
5125026,846,194,2026-04-06 14:29:57,,
5125027,846,194,2026-04-06 14:29:57,,
5125028,846,194,2026-04-06 14:29:57,,
5125029,846,194,2026-04-06 14:29:57,,
5125030,846,194,2026-04-06 14:29:57,,
5125031,846,194,2026-04-06 14:29:57,,
5125032,846,194,2026-04-06 14:29:57,,
5125033,846,194,2026-04-06 14:29:57,,
5125034,846,194,2026-04-06 14:29:57,,
5125035,846,194,2026-04-06 14:29:57,,
5125036,846,194,2026-04-06 14:29:57,,
5125037,846,194,2026-04-06 14:29:57,,
5125038,846,194,2026-04-06 14:29:57,,
5125039,846,194,2026-04-06 14:29:57,,
5125040,846,194,2026-04-06 14:29:57,,
5125041,846,194,2026-04-06 14:29:57,,
5125042,846,194,2026-04-06 14:29:57,,
5125043,846,194,2026-04-06 14:29:57,,
5125044,846,194,2026-04-06 14:29:57,,
5125045,846,194,2026-04-06 14:29:57,,
5125046,846,194,2026-04-06 14:29:57,,
5125047,846,194,2026-04-06 14:29:57,,
5125048,846,194,2026-04-06 14:29:57,,
5125049,846,194,2026-04-06 14:29:57,,
5125050,846,194,2026-04-06 14:29:57,,
5125051,846,194,2026-04-06 14:29:57,,
5125052,846,194,2026-04-06 14:29:57,,
5125053,846,194,2026-04-06 14:29:57,,
5125054,846,194,2026-04-06 14:29:57,,
5125055,846,194,2026-04-06 14:29:57,,
5125056,846,194,2026-04-06 14:29:57,,
5125057,846,194,2026-04-06 14:29:57,,
5125058,846,194,2026-04-06 14:29:57,,
5125059,846,194,2026-04-06 14:29:57,,
5125060,846,194,2026-04-06 14:29:57,,
5125061,846,194,2026-04-06 14:29:57,,
5125062,846,194,2026-04-06 14:29:57,,
5125063,846,194,2026-04-06 14:29:57,,
5125064,846,194,2026-04-06 14:29:57,,
5125065,846,194,2026-04-06 14:29:57,,
5125066,846,194,2026-04-06 14:29:57,,
5125067,846,194,2026-04-06 14:29:57,,
5125068,846,194,2026-04-06 14:29:57,,
5125069,846,194,2026-04-06 14:29:57,,
5125070,846,194,2026-04-06 14:29:57,,
5125071,846,194,2026-04-06 14:29:57,,
5125072,846,194,2026-04-06 14:29:57,,
5125073,846,194,2026-04-06 14:29:57,,
5125074,846,194,2026-04-06 14:29:57,,
5125075,846,194,2026-04-06 14:29:57,,
5125076,846,194,2026-04-06 14:29:57,,
5125077,846,194,2026-04-06 14:29:57,,
5125078,846,194,2026-04-06 14:29:57,,
5125079,846,194,2026-04-06 14:29:57,,
5125080,846,194,2026-04-06 14:29:57,,
5125081,846,194,2026-04-06 14:29:57,,
5125082,846,194,2026-04-06 14:29:57,,
5125083,846,194,2026-04-06 14:29:57,,
5125084,846,194,2026-04-06 14:29:57,,
5125085,846,194,2026-04-06 14:29:57,,
5125086,846,194,2026-04-06 14:29:57,,
5125087,846,194,2026-04-06 14:29:57,,
5125088,846,194,2026-04-06 14:29:57,,
5125089,846,194,2026-04-06 14:29:57,,
5125090,846,194,2026-04-06 14:29:57,,
5125091,846,194,2026-04-06 14:29:57,,
5125092,846,194,2026-04-06 14:29:57,,
5125093,846,194,2026-04-06 14:29:57,,
5125094,846,194,2026-04-06 14:29:57,,
5125095,846,194,2026-04-06 14:29:57,,
5125096,846,194,2026-04-06 14:29:57,,
5125097,846,194,2026-04-06 14:29:57,,
5125098,846,194,2026-04-06 14:29:57,,
5125099,846,194,2026-04-06 14:29:57,,
5125100,846,194,2026-04-06 14:29:57,,
5125101,846,194,2026-04-06 14:29:57,,
5125102,846,194,2026-04-06 14:29:57,,
5125103,846,194,2026-04-06 14:29:57,,
5125104,846,194,2026-04-06 14:29:57,,
5125105,846,194,2026-04-06 14:29:57,,
5125106,846,194,2026-04-06 14:29:57,,
5125107,846,194,2026-04-06 14:29:57,,
5125108,846,194,2026-04-06 14:29:57,,
5125109,846,194,2026-04-06 14:29:57,,
5125110,846,194,2026-04-06 14:29:57,,
5125111,846,194,2026-04-06 14:29:57,,
5125112,846,194,2026-04-06 14:29:57,,
5125113,846,194,2026-04-06 14:29:57,,
5125114,846,194,2026-04-06 14:29:57,,
5125115,846,194,2026-04-06 14:29:57,,
5125116,846,194,2026-04-06 14:29:57,,
5125117,846,194,2026-04-06 14:29:57,,
5125118,846,194,2026-04-06 14:29:57,,
5125119,846,194,2026-04-06 14:29:57,,
5125120,846,194,2026-04-06 14:29:57,,
5125121,846,194,2026-04-06 14:29:57,,
5125122,846,194,2026-04-06 14:29:57,,
5125123,846,194,2026-04-06 14:29:57,,
5125124,846,194,2026-04-06 14:29:57,,
5125125,846,194,2026-04-06 14:29:57,,
5125126,846,194,2026-04-06 14:29:57,,
5125127,846,194,2026-04-06 14:29:57,,
5125128,846,194,2026-04-06 14:29:57,,
5125129,846,194,2026-04-06 14:29:57,,
5125130,846,194,2026-04-06 14:29:57,,
5125131,846,194,2026-04-06 14:29:57,,
5125132,846,194,2026-04-06 14:29:57,,
5125133,846,194,2026-04-06 14:29:57,,
5125134,846,194,2026-04-06 14:29:57,,
5125135,846,194,2026-04-06 14:29:57,,
5125136,846,194,2026-04-06 14:29:57,,
5125137,846,194,2026-04-06 14:29:57,,
5125138,846,194,2026-04-06 14:29:57,,
5125139,846,194,2026-04-06 14:29:57,,
5125140,846,194,2026-04-06 14:29:57,,
5125141,846,194,2026-04-06 14:29:57,,
5125142,846,194,2026-04-06 14:29:57,,
5125143,846,194,2026-04-06 14:29:57,,
5125144,846,194,2026-04-06 14:29:57,,
5125145,846,194,2026-04-06 14:29:57,,
5125146,846,194,2026-04-06 14:29:57,,
5125147,846,194,2026-04-06 14:29:57,,
5125148,846,194,2026-04-06 14:29:57,,
5125149,846,194,2026-04-06 14:29:57,,
5125150,846,194,2026-04-06 14:29:57,,
5125151,846,194,2026-04-06 14:29:57,,
5125152,846,194,2026-04-06 14:29:57,,
5125153,846,194,2026-04-06 14:29:57,,
5125154,846,194,2026-04-06 14:29:57,,
5125155,846,194,2026-04-06 14:29:57,,
5125156,846,194,2026-04-06 14:29:57,,
5125157,846,194,2026-04-06 14:29:57,,
5125158,846,194,2026-04-06 14:29:57,,
5125159,846,194,2026-04-06 14:29:57,,
5125160,846,194,2026-04-06 14:29:57,,
5125161,846,194,2026-04-06 14:29:57,,
5125162,846,194,2026-04-06 14:29:57,,
5125163,846,194,2026-04-06 14:29:57,,
5125164,846,194,2026-04-06 14:29:57,,
5125165,846,194,2026-04-06 14:29:57,,
5125166,846,194,2026-04-06 14:29:57,,
5125167,846,194,2026-04-06 14:29:57,,
5125168,846,194,2026-04-06 14:29:57,,
5125169,846,194,2026-04-06 14:29:57,,
5125170,846,194,2026-04-06 14:29:57,,
5125171,846,194,2026-04-06 14:29:57,,
5125172,846,194,2026-04-06 14:29:57,,
5125173,846,194,2026-04-06 14:29:57,,
5125174,846,194,2026-04-06 14:29:57,,
5125175,846,194,2026-04-06 14:29:57,,
5125176,846,194,2026-04-06 14:29:57,,
5125177,846,194,2026-04-06 14:29:57,,
5125178,846,194,2026-04-06 14:29:57,,
5125179,846,194,2026-04-06 14:29:57,,
5125180,846,194,2026-04-06 14:29:57,,
5125181,846,194,2026-04-06 14:29:57,,
5125182,846,194,2026-04-06 14:29:57,,
5125183,846,194,2026-04-06 14:29:57,,
5125184,846,194,2026-04-06 14:29:57,,
5125185,846,194,2026-04-06 14:29:57,,
5125186,846,194,2026-04-06 14:29:57,,
5125187,846,194,2026-04-06 14:29:57,,
5125188,846,194,2026-04-06 14:29:57,,
5125189,846,194,2026-04-06 14:29:57,,
5125190,846,194,2026-04-06 14:29:57,,
5125191,846,194,2026-04-06 14:29:57,,
5125192,846,194,2026-04-06 14:29:57,,
5125193,846,194,2026-04-06 14:29:57,,
5125194,846,194,2026-04-06 14:29:57,,
5125195,846,194,2026-04-06 14:29:57,,
5125196,846,194,2026-04-06 14:29:57,,
5125197,846,194,2026-04-06 14:29:57,,
5125198,846,194,2026-04-06 14:29:57,,
5125199,846,194,2026-04-06 14:29:57,,
5125200,846,194,2026-04-06 14:29:57,,
5125201,846,194,2026-04-06 14:29:57,,
5125202,846,194,2026-04-06 14:29:57,,
5125203,846,194,2026-04-06 14:29:57,,
5125204,846,194,2026-04-06 14:29:57,,
5125205,846,194,2026-04-06 14:29:57,,
5125206,846,194,2026-04-06 14:29:57,,
5125207,846,194,2026-04-06 14:29:57,,
5125208,846,194,2026-04-06 14:29:57,,
5125209,846,194,2026-04-06 14:29:57,,
5125210,846,194,2026-04-06 14:29:57,,
5125211,846,194,2026-04-06 14:29:57,,
5125212,846,194,2026-04-06 14:29:57,,
5125213,846,194,2026-04-06 14:29:57,,
5125214,846,194,2026-04-06 14:29:57,,
5125215,846,194,2026-04-06 14:29:57,,
5125216,846,194,2026-04-06 14:29:57,,
5125217,846,194,2026-04-06 14:29:57,,
5125218,846,194,2026-04-06 14:29:57,,
5125219,846,194,2026-04-06 14:29:57,,
5125220,846,194,2026-04-06 14:29:57,,
5125221,846,194,2026-04-06 14:29:57,,
5125222,846,194,2026-04-06 14:29:57,,
5125223,846,194,2026-04-06 14:29:57,,
5125224,846,194,2026-04-06 14:29:57,,
5125225,846,194,2026-04-06 14:29:57,,
5125226,846,194,2026-04-06 14:29:57,,
5125227,846,194,2026-04-06 14:29:57,,
5125228,846,194,2026-04-06 14:29:57,,
5125229,846,194,2026-04-06 14:29:57,,
5125230,846,194,2026-04-06 14:29:57,,
5125231,846,194,2026-04-06 14:29:57,,
5125232,846,194,2026-04-06 14:29:57,,
5125233,846,194,2026-04-06 14:29:57,,
5125234,846,194,2026-04-06 14:29:57,,
5125235,846,194,2026-04-06 14:29:57,,
5125236,846,194,2026-04-06 14:29:57,,
5125237,846,194,2026-04-06 14:29:57,,
5125238,846,194,2026-04-06 14:29:57,,
5125239,846,194,2026-04-06 14:29:57,,
5125240,846,194,2026-04-06 14:29:57,,
5125241,846,194,2026-04-06 14:29:57,,
5125242,846,194,2026-04-06 14:29:57,,
5125243,846,194,2026-04-06 14:29:57,,
5125244,846,194,2026-04-06 14:29:57,,
5125245,846,194,2026-04-06 14:29:57,,
5125246,846,194,2026-04-06 14:29:57,,
5125247,846,194,2026-04-06 14:29:57,,
5125248,846,194,2026-04-06 14:29:57,,
5125249,846,194,2026-04-06 14:29:57,,
5125250,846,194,2026-04-06 14:29:57,,
5125251,846,194,2026-04-06 14:29:57,,
5125252,846,194,2026-04-06 14:29:57,,
5125253,846,194,2026-04-06 14:29:57,,
5125254,846,194,2026-04-06 14:29:57,,
5125255,846,194,2026-04-06 14:29:57,,
5125256,846,194,2026-04-06 14:29:57,,
5125257,846,194,2026-04-06 14:29:57,,
5125258,846,194,2026-04-06 14:29:57,,
5125259,846,194,2026-04-06 14:29:57,,
5125260,846,194,2026-04-06 14:29:57,,
5125261,846,194,2026-04-06 14:29:57,,
5125262,846,194,2026-04-06 14:29:57,,
5125263,846,194,2026-04-06 14:29:57,,
5125264,846,194,2026-04-06 14:29:57,,
5125265,846,194,2026-04-06 14:29:57,,
5125266,846,194,2026-04-06 14:29:57,,
5125267,846,194,2026-04-06 14:29:57,,
5125268,846,194,2026-04-06 14:29:57,,
5125269,846,194,2026-04-06 14:29:57,,
5125270,846,194,2026-04-06 14:29:57,,
5125271,846,194,2026-04-06 14:29:57,,
5125272,846,194,2026-04-06 14:29:57,,
5125273,846,194,2026-04-06 14:29:57,,
5125274,846,194,2026-04-06 14:29:57,,
5125275,846,194,2026-04-06 14:29:57,,
5125276,846,194,2026-04-06 14:29:57,,
5125277,846,194,2026-04-06 14:29:57,,
5125278,846,194,2026-04-06 14:29:57,,
5125279,846,194,2026-04-06 14:29:57,,
5125280,846,194,2026-04-06 14:29:57,,
5125281,846,194,2026-04-06 14:29:57,,
5125282,846,194,2026-04-06 14:29:57,,
5125283,846,194,2026-04-06 14:29:57,,
5125284,846,194,2026-04-06 14:29:57,,
5125285,846,194,2026-04-06 14:29:57,,
5125286,846,194,2026-04-06 14:29:57,,
5125287,846,194,2026-04-06 14:29:57,,
5125288,846,194,2026-04-06 14:29:57,,
5125289,846,194,2026-04-06 14:29:57,,
5125290,846,194,2026-04-06 14:29:57,,
5125291,846,194,2026-04-06 14:29:57,,
5125292,846,194,2026-04-06 14:29:57,,
5125293,846,194,2026-04-06 14:29:57,,
5125294,846,194,2026-04-06 14:29:57,,
5125295,846,194,2026-04-06 14:29:57,,
5123896,846,194,2026-04-06 14:29:57,,
5123897,846,194,2026-04-06 14:29:57,,
5123898,846,194,2026-04-06 14:29:57,,
5123899,846,194,2026-04-06 14:29:57,,
5123900,846,194,2026-04-06 14:29:57,,
5123901,846,194,2026-04-06 14:29:57,,
5123902,846,194,2026-04-06 14:29:57,,
5123903,846,194,2026-04-06 14:29:57,,
5123904,846,194,2026-04-06 14:29:57,,
5123905,846,194,2026-04-06 14:29:57,,
5123906,846,194,2026-04-06 14:29:57,,
5123907,846,194,2026-04-06 14:29:57,,
5123908,846,194,2026-04-06 14:29:57,,
5123909,846,194,2026-04-06 14:29:57,,
5123910,846,194,2026-04-06 14:29:57,,
5123911,846,194,2026-04-06 14:29:57,,
5123912,846,194,2026-04-06 14:29:57,,
5123913,846,194,2026-04-06 14:29:57,,
5123914,846,194,2026-04-06 14:29:57,,
5123915,846,194,2026-04-06 14:29:57,,
5123916,846,194,2026-04-06 14:29:57,,
5123917,846,194,2026-04-06 14:29:57,,
5123918,846,194,2026-04-06 14:29:57,,
5123919,846,194,2026-04-06 14:29:57,,
5123920,846,194,2026-04-06 14:29:57,,
5123921,846,194,2026-04-06 14:29:57,,
5123922,846,194,2026-04-06 14:29:57,,
5123923,846,194,2026-04-06 14:29:57,,
5123924,846,194,2026-04-06 14:29:57,,
5123925,846,194,2026-04-06 14:29:57,,
5123926,846,194,2026-04-06 14:29:57,,
5123927,846,194,2026-04-06 14:29:57,,
5123928,846,194,2026-04-06 14:29:57,,
5123929,846,194,2026-04-06 14:29:57,,
5123930,846,194,2026-04-06 14:29:57,,
5123931,846,194,2026-04-06 14:29:57,,
5123932,846,194,2026-04-06 14:29:57,,
5123933,846,194,2026-04-06 14:29:57,,
5123934,846,194,2026-04-06 14:29:57,,
5123935,846,194,2026-04-06 14:29:57,,
5123936,846,194,2026-04-06 14:29:57,,
5123937,846,194,2026-04-06 14:29:57,,
5123938,846,194,2026-04-06 14:29:57,,
5123939,846,194,2026-04-06 14:29:57,,
5123940,846,194,2026-04-06 14:29:57,,
5123941,846,194,2026-04-06 14:29:57,,
5123942,846,194,2026-04-06 14:29:57,,
5123943,846,194,2026-04-06 14:29:57,,
5123944,846,194,2026-04-06 14:29:57,,
5123945,846,194,2026-04-06 14:29:57,,
5123946,846,194,2026-04-06 14:29:57,,
5123947,846,194,2026-04-06 14:29:57,,
5123948,846,194,2026-04-06 14:29:57,,
5123949,846,194,2026-04-06 14:29:57,,
5123950,846,194,2026-04-06 14:29:57,,
5123951,846,194,2026-04-06 14:29:57,,
5123952,846,194,2026-04-06 14:29:57,,
5123953,846,194,2026-04-06 14:29:57,,
5123954,846,194,2026-04-06 14:29:57,,
5123955,846,194,2026-04-06 14:29:57,,
5123956,846,194,2026-04-06 14:29:57,,
5123957,846,194,2026-04-06 14:29:57,,
5123958,846,194,2026-04-06 14:29:57,,
5123959,846,194,2026-04-06 14:29:57,,
5123960,846,194,2026-04-06 14:29:57,,
5123961,846,194,2026-04-06 14:29:57,,
5123962,846,194,2026-04-06 14:29:57,,
5123963,846,194,2026-04-06 14:29:57,,
5123964,846,194,2026-04-06 14:29:57,,
5123965,846,194,2026-04-06 14:29:57,,
5123966,846,194,2026-04-06 14:29:57,,
5123967,846,194,2026-04-06 14:29:57,,
5123968,846,194,2026-04-06 14:29:57,,
5123969,846,194,2026-04-06 14:29:57,,
5123970,846,194,2026-04-06 14:29:57,,
5123971,846,194,2026-04-06 14:29:57,,
5123972,846,194,2026-04-06 14:29:57,,
5123973,846,194,2026-04-06 14:29:57,,
5123974,846,194,2026-04-06 14:29:57,,
5123975,846,194,2026-04-06 14:29:57,,
5123976,846,194,2026-04-06 14:29:57,,
5123977,846,194,2026-04-06 14:29:57,,
5123978,846,194,2026-04-06 14:29:57,,
5123979,846,194,2026-04-06 14:29:57,,
5123980,846,194,2026-04-06 14:29:57,,
5123981,846,194,2026-04-06 14:29:57,,
5123982,846,194,2026-04-06 14:29:57,,
5123983,846,194,2026-04-06 14:29:57,,
5123984,846,194,2026-04-06 14:29:57,,
5123985,846,194,2026-04-06 14:29:57,,
5123986,846,194,2026-04-06 14:29:57,,
5123987,846,194,2026-04-06 14:29:57,,
5123988,846,194,2026-04-06 14:29:57,,
5123989,846,194,2026-04-06 14:29:57,,
5123990,846,194,2026-04-06 14:29:57,,
5123991,846,194,2026-04-06 14:29:57,,
5123992,846,194,2026-04-06 14:29:57,,
5123993,846,194,2026-04-06 14:29:57,,
5123994,846,194,2026-04-06 14:29:57,,
5123995,846,194,2026-04-06 14:29:57,,
5123996,846,194,2026-04-06 14:29:57,,
5123997,846,194,2026-04-06 14:29:57,,
5123998,846,194,2026-04-06 14:29:57,,
5123999,846,194,2026-04-06 14:29:57,,
5124000,846,194,2026-04-06 14:29:57,,
5124001,846,194,2026-04-06 14:29:57,,
5124002,846,194,2026-04-06 14:29:57,,
5124003,846,194,2026-04-06 14:29:57,,
5124004,846,194,2026-04-06 14:29:57,,
5124005,846,194,2026-04-06 14:29:57,,
5124006,846,194,2026-04-06 14:29:57,,
5124007,846,194,2026-04-06 14:29:57,,
5124008,846,194,2026-04-06 14:29:57,,
5124009,846,194,2026-04-06 14:29:57,,
5124010,846,194,2026-04-06 14:29:57,,
5124011,846,194,2026-04-06 14:29:57,,
5124012,846,194,2026-04-06 14:29:57,,
5124013,846,194,2026-04-06 14:29:57,,
5124014,846,194,2026-04-06 14:29:57,,
5124015,846,194,2026-04-06 14:29:57,,
5124016,846,194,2026-04-06 14:29:57,,
5124017,846,194,2026-04-06 14:29:57,,
5124018,846,194,2026-04-06 14:29:57,,
5124019,846,194,2026-04-06 14:29:57,,
5124020,846,194,2026-04-06 14:29:57,,
5124021,846,194,2026-04-06 14:29:57,,
5124022,846,194,2026-04-06 14:29:57,,
5124023,846,194,2026-04-06 14:29:57,,
5124024,846,194,2026-04-06 14:29:57,,
5124025,846,194,2026-04-06 14:29:57,,
5124026,846,194,2026-04-06 14:29:57,,
5124027,846,194,2026-04-06 14:29:57,,
5124028,846,194,2026-04-06 14:29:57,,
5124029,846,194,2026-04-06 14:29:57,,
5124030,846,194,2026-04-06 14:29:57,,
5124031,846,194,2026-04-06 14:29:57,,
5124072,846,194,2026-04-06 14:29:57,,
5124032,846,194,2026-04-06 14:29:57,,
5124033,846,194,2026-04-06 14:29:57,,
5124034,846,194,2026-04-06 14:29:57,,
5124035,846,194,2026-04-06 14:29:57,,
5124036,846,194,2026-04-06 14:29:57,,
5124037,846,194,2026-04-06 14:29:57,,
5124038,846,194,2026-04-06 14:29:57,,
5124039,846,194,2026-04-06 14:29:57,,
5124040,846,194,2026-04-06 14:29:57,,
5124041,846,194,2026-04-06 14:29:57,,
5124042,846,194,2026-04-06 14:29:57,,
5124043,846,194,2026-04-06 14:29:57,,
5124044,846,194,2026-04-06 14:29:57,,
5124045,846,194,2026-04-06 14:29:57,,
5124046,846,194,2026-04-06 14:29:57,,
5124047,846,194,2026-04-06 14:29:57,,
5124048,846,194,2026-04-06 14:29:57,,
5124049,846,194,2026-04-06 14:29:57,,
5124050,846,194,2026-04-06 14:29:57,,
5124051,846,194,2026-04-06 14:29:57,,
5124052,846,194,2026-04-06 14:29:57,,
5124053,846,194,2026-04-06 14:29:57,,
5124054,846,194,2026-04-06 14:29:57,,
5124055,846,194,2026-04-06 14:29:57,,
5124056,846,194,2026-04-06 14:29:57,,
5124057,846,194,2026-04-06 14:29:57,,
5124058,846,194,2026-04-06 14:29:57,,
5124059,846,194,2026-04-06 14:29:57,,
5124060,846,194,2026-04-06 14:29:57,,
5124061,846,194,2026-04-06 14:29:57,,
5124062,846,194,2026-04-06 14:29:57,,
5124063,846,194,2026-04-06 14:29:57,,
5124064,846,194,2026-04-06 14:29:57,,
5124065,846,194,2026-04-06 14:29:57,,
5124066,846,194,2026-04-06 14:29:57,,
5124067,846,194,2026-04-06 14:29:57,,
5124068,846,194,2026-04-06 14:29:57,,
5124069,846,194,2026-04-06 14:29:57,,
5124070,846,194,2026-04-06 14:29:57,,
5124071,846,194,2026-04-06 14:29:57,,
5124073,846,194,2026-04-06 14:29:57,,
5124074,846,194,2026-04-06 14:29:57,,
5124075,846,194,2026-04-06 14:29:57,,
5124076,846,194,2026-04-06 14:29:57,,
5124077,846,194,2026-04-06 14:29:57,,
5124078,846,194,2026-04-06 14:29:57,,
5124079,846,194,2026-04-06 14:29:57,,
5124080,846,194,2026-04-06 14:29:57,,
5124081,846,194,2026-04-06 14:29:57,,
5124082,846,194,2026-04-06 14:29:57,,
5124083,846,194,2026-04-06 14:29:57,,
5124084,846,194,2026-04-06 14:29:57,,
5124085,846,194,2026-04-06 14:29:57,,
5124086,846,194,2026-04-06 14:29:57,,
5124087,846,194,2026-04-06 14:29:57,,
5124088,846,194,2026-04-06 14:29:57,,
5124089,846,194,2026-04-06 14:29:57,,
5124090,846,194,2026-04-06 14:29:57,,
5124091,846,194,2026-04-06 14:29:57,,
5124092,846,194,2026-04-06 14:29:57,,
5124093,846,194,2026-04-06 14:29:57,,
5124094,846,194,2026-04-06 14:29:57,,
5124095,846,194,2026-04-06 14:29:57,,
5124096,846,194,2026-04-06 14:29:57,,
5124097,846,194,2026-04-06 14:29:57,,
5124098,846,194,2026-04-06 14:29:57,,
5124099,846,194,2026-04-06 14:29:57,,
5124100,846,194,2026-04-06 14:29:57,,
5124101,846,194,2026-04-06 14:29:57,,
5124102,846,194,2026-04-06 14:29:57,,
5124103,846,194,2026-04-06 14:29:57,,
5124104,846,194,2026-04-06 14:29:57,,
5124105,846,194,2026-04-06 14:29:57,,
5124106,846,194,2026-04-06 14:29:57,,
5124107,846,194,2026-04-06 14:29:57,,
5124108,846,194,2026-04-06 14:29:57,,
5124109,846,194,2026-04-06 14:29:57,,
5124110,846,194,2026-04-06 14:29:57,,
5124111,846,194,2026-04-06 14:29:57,,
5124112,846,194,2026-04-06 14:29:57,,
5124113,846,194,2026-04-06 14:29:57,,
5124114,846,194,2026-04-06 14:29:57,,
5124115,846,194,2026-04-06 14:29:57,,
5124116,846,194,2026-04-06 14:29:57,,
5124117,846,194,2026-04-06 14:29:57,,
5124118,846,194,2026-04-06 14:29:57,,
5124119,846,194,2026-04-06 14:29:57,,
5124120,846,194,2026-04-06 14:29:57,,
5124121,846,194,2026-04-06 14:29:57,,
5124122,846,194,2026-04-06 14:29:57,,
5124123,846,194,2026-04-06 14:29:57,,
5124124,846,194,2026-04-06 14:29:57,,
5124125,846,194,2026-04-06 14:29:57,,
5124126,846,194,2026-04-06 14:29:57,,
5124127,846,194,2026-04-06 14:29:57,,
5124128,846,194,2026-04-06 14:29:57,,
5124129,846,194,2026-04-06 14:29:57,,
5124130,846,194,2026-04-06 14:29:57,,
5124131,846,194,2026-04-06 14:29:57,,
5124132,846,194,2026-04-06 14:29:57,,
5124133,846,194,2026-04-06 14:29:57,,
5124134,846,194,2026-04-06 14:29:57,,
5124135,846,194,2026-04-06 14:29:57,,
5124136,846,194,2026-04-06 14:29:57,,
5124137,846,194,2026-04-06 14:29:57,,
5124138,846,194,2026-04-06 14:29:57,,
5124139,846,194,2026-04-06 14:29:57,,
5124140,846,194,2026-04-06 14:29:57,,
5124141,846,194,2026-04-06 14:29:57,,
5124142,846,194,2026-04-06 14:29:57,,
5124143,846,194,2026-04-06 14:29:57,,
5124144,846,194,2026-04-06 14:29:57,,
5124145,846,194,2026-04-06 14:29:57,,
5124146,846,194,2026-04-06 14:29:57,,
5124147,846,194,2026-04-06 14:29:57,,
5124148,846,194,2026-04-06 14:29:57,,
5124149,846,194,2026-04-06 14:29:57,,
5124150,846,194,2026-04-06 14:29:57,,
5124151,846,194,2026-04-06 14:29:57,,
5124152,846,194,2026-04-06 14:29:57,,
5124153,846,194,2026-04-06 14:29:57,,
5124154,846,194,2026-04-06 14:29:57,,
5124155,846,194,2026-04-06 14:29:57,,
5124156,846,194,2026-04-06 14:29:57,,
5124157,846,194,2026-04-06 14:29:57,,
5124158,846,194,2026-04-06 14:29:57,,
5124159,846,194,2026-04-06 14:29:57,,
5124160,846,194,2026-04-06 14:29:57,,
5124161,846,194,2026-04-06 14:29:57,,
5124162,846,194,2026-04-06 14:29:57,,
5124163,846,194,2026-04-06 14:29:57,,
5124164,846,194,2026-04-06 14:29:57,,
5124165,846,194,2026-04-06 14:29:57,,
5124166,846,194,2026-04-06 14:29:57,,
5124167,846,194,2026-04-06 14:29:57,,
5124168,846,194,2026-04-06 14:29:57,,
5124169,846,194,2026-04-06 14:29:57,,
5124170,846,194,2026-04-06 14:29:57,,
5124171,846,194,2026-04-06 14:29:57,,
5124172,846,194,2026-04-06 14:29:57,,
5124173,846,194,2026-04-06 14:29:57,,
5124174,846,194,2026-04-06 14:29:57,,
5124175,846,194,2026-04-06 14:29:57,,
5124176,846,194,2026-04-06 14:29:57,,
5124177,846,194,2026-04-06 14:29:57,,
5124178,846,194,2026-04-06 14:29:57,,
5124179,846,194,2026-04-06 14:29:57,,
5124180,846,194,2026-04-06 14:29:57,,
5124181,846,194,2026-04-06 14:29:57,,
5124182,846,194,2026-04-06 14:29:57,,
5124183,846,194,2026-04-06 14:29:57,,
5124184,846,194,2026-04-06 14:29:57,,
5124185,846,194,2026-04-06 14:29:57,,
5124186,846,194,2026-04-06 14:29:57,,
5124187,846,194,2026-04-06 14:29:57,,
5124188,846,194,2026-04-06 14:29:57,,
5124189,846,194,2026-04-06 14:29:57,,
5124190,846,194,2026-04-06 14:29:57,,
5124191,846,194,2026-04-06 14:29:57,,
5124192,846,194,2026-04-06 14:29:57,,
5124193,846,194,2026-04-06 14:29:57,,
5124194,846,194,2026-04-06 14:29:57,,
5124195,846,194,2026-04-06 14:29:57,,
5124196,846,194,2026-04-06 14:29:57,,
5124197,846,194,2026-04-06 14:29:57,,
5124198,846,194,2026-04-06 14:29:57,,
5124199,846,194,2026-04-06 14:29:57,,
5124200,846,194,2026-04-06 14:29:57,,
5124201,846,194,2026-04-06 14:29:57,,
5124202,846,194,2026-04-06 14:29:57,,
5124203,846,194,2026-04-06 14:29:57,,
5124204,846,194,2026-04-06 14:29:57,,
5124205,846,194,2026-04-06 14:29:57,,
5124206,846,194,2026-04-06 14:29:57,,
5124207,846,194,2026-04-06 14:29:57,,
5124208,846,194,2026-04-06 14:29:57,,
5124209,846,194,2026-04-06 14:29:57,,
5124210,846,194,2026-04-06 14:29:57,,
5124211,846,194,2026-04-06 14:29:57,,
5124212,846,194,2026-04-06 14:29:57,,
5124213,846,194,2026-04-06 14:29:57,,
5124214,846,194,2026-04-06 14:29:57,,
5124215,846,194,2026-04-06 14:29:57,,
5124216,846,194,2026-04-06 14:29:57,,
5124217,846,194,2026-04-06 14:29:57,,
5124218,846,194,2026-04-06 14:29:57,,
5124219,846,194,2026-04-06 14:29:57,,
5124220,846,194,2026-04-06 14:29:57,,
5124221,846,194,2026-04-06 14:29:57,,
5124222,846,194,2026-04-06 14:29:57,,
5124223,846,194,2026-04-06 14:29:57,,
5124224,846,194,2026-04-06 14:29:57,,
5124225,846,194,2026-04-06 14:29:57,,
5124226,846,194,2026-04-06 14:29:57,,
5124227,846,194,2026-04-06 14:29:57,,
5124228,846,194,2026-04-06 14:29:57,,
5124229,846,194,2026-04-06 14:29:57,,
5124230,846,194,2026-04-06 14:29:57,,
5124231,846,194,2026-04-06 14:29:57,,
5124232,846,194,2026-04-06 14:29:57,,
5124233,846,194,2026-04-06 14:29:57,,
5124234,846,194,2026-04-06 14:29:57,,
5124235,846,194,2026-04-06 14:29:57,,
5124236,846,194,2026-04-06 14:29:57,,
5124237,846,194,2026-04-06 14:29:57,,
5124238,846,194,2026-04-06 14:29:57,,
5124239,846,194,2026-04-06 14:29:57,,
5124240,846,194,2026-04-06 14:29:57,,
5124241,846,194,2026-04-06 14:29:57,,
5124242,846,194,2026-04-06 14:29:57,,
5124243,846,194,2026-04-06 14:29:57,,
5124244,846,194,2026-04-06 14:29:57,,
5124245,846,194,2026-04-06 14:29:57,,
5124246,846,194,2026-04-06 14:29:57,,
5124247,846,194,2026-04-06 14:29:57,,
5124248,846,194,2026-04-06 14:29:57,,
5124249,846,194,2026-04-06 14:29:57,,
5124250,846,194,2026-04-06 14:29:57,,
5124251,846,194,2026-04-06 14:29:57,,
5124252,846,194,2026-04-06 14:29:57,,
5124253,846,194,2026-04-06 14:29:57,,
5124254,846,194,2026-04-06 14:29:57,,
5124255,846,194,2026-04-06 14:29:57,,
5124256,846,194,2026-04-06 14:29:57,,
5124257,846,194,2026-04-06 14:29:57,,
5124258,846,194,2026-04-06 14:29:57,,
5124259,846,194,2026-04-06 14:29:57,,
5124260,846,194,2026-04-06 14:29:57,,
5124261,846,194,2026-04-06 14:29:57,,
5124262,846,194,2026-04-06 14:29:57,,
5124263,846,194,2026-04-06 14:29:57,,
5124264,846,194,2026-04-06 14:29:57,,
5124265,846,194,2026-04-06 14:29:57,,
5124266,846,194,2026-04-06 14:29:57,,
5124267,846,194,2026-04-06 14:29:57,,
5124268,846,194,2026-04-06 14:29:57,,
5124269,846,194,2026-04-06 14:29:57,,
5124270,846,194,2026-04-06 14:29:57,,
5124271,846,194,2026-04-06 14:29:57,,
5124272,846,194,2026-04-06 14:29:57,,
5124273,846,194,2026-04-06 14:29:57,,
5124274,846,194,2026-04-06 14:29:57,,
5124275,846,194,2026-04-06 14:29:57,,
5124276,846,194,2026-04-06 14:29:57,,
5124277,846,194,2026-04-06 14:29:57,,
5124278,846,194,2026-04-06 14:29:57,,
5124279,846,194,2026-04-06 14:29:57,,
5124280,846,194,2026-04-06 14:29:57,,
5124281,846,194,2026-04-06 14:29:57,,
5124282,846,194,2026-04-06 14:29:57,,
5124283,846,194,2026-04-06 14:29:57,,
5124284,846,194,2026-04-06 14:29:57,,
5124285,846,194,2026-04-06 14:29:57,,
5124286,846,194,2026-04-06 14:29:57,,
5124287,846,194,2026-04-06 14:29:57,,
5124288,846,194,2026-04-06 14:29:57,,
5124289,846,194,2026-04-06 14:29:57,,
5124290,846,194,2026-04-06 14:29:57,,
5124291,846,194,2026-04-06 14:29:57,,
5124292,846,194,2026-04-06 14:29:57,,
5124293,846,194,2026-04-06 14:29:57,,
5124294,846,194,2026-04-06 14:29:57,,
5124295,846,194,2026-04-06 14:29:57,,
5124696,846,194,2026-04-06 14:29:57,,
5124697,846,194,2026-04-06 14:29:57,,
5124698,846,194,2026-04-06 14:29:57,,
5124699,846,194,2026-04-06 14:29:57,,
5124700,846,194,2026-04-06 14:29:57,,
5124701,846,194,2026-04-06 14:29:57,,
5124702,846,194,2026-04-06 14:29:57,,
5124703,846,194,2026-04-06 14:29:57,,
5124704,846,194,2026-04-06 14:29:57,,
5124705,846,194,2026-04-06 14:29:57,,
5124706,846,194,2026-04-06 14:29:57,,
5124707,846,194,2026-04-06 14:29:57,,
5124708,846,194,2026-04-06 14:29:57,,
5124709,846,194,2026-04-06 14:29:57,,
5124710,846,194,2026-04-06 14:29:57,,
5124711,846,194,2026-04-06 14:29:57,,
5124712,846,194,2026-04-06 14:29:57,,
5124713,846,194,2026-04-06 14:29:57,,
5124714,846,194,2026-04-06 14:29:57,,
5124715,846,194,2026-04-06 14:29:57,,
5124716,846,194,2026-04-06 14:29:57,,
5124717,846,194,2026-04-06 14:29:57,,
5124718,846,194,2026-04-06 14:29:57,,
5124719,846,194,2026-04-06 14:29:57,,
5124720,846,194,2026-04-06 14:29:57,,
5124721,846,194,2026-04-06 14:29:57,,
5124722,846,194,2026-04-06 14:29:57,,
5124723,846,194,2026-04-06 14:29:57,,
5124724,846,194,2026-04-06 14:29:57,,
5124725,846,194,2026-04-06 14:29:57,,
5124726,846,194,2026-04-06 14:29:57,,
5124727,846,194,2026-04-06 14:29:57,,
5124728,846,194,2026-04-06 14:29:57,,
5124729,846,194,2026-04-06 14:29:57,,
5124730,846,194,2026-04-06 14:29:57,,
5124731,846,194,2026-04-06 14:29:57,,
5124732,846,194,2026-04-06 14:29:57,,
5124733,846,194,2026-04-06 14:29:57,,
5124734,846,194,2026-04-06 14:29:57,,
5124735,846,194,2026-04-06 14:29:57,,
5124736,846,194,2026-04-06 14:29:57,,
5124737,846,194,2026-04-06 14:29:57,,
5124738,846,194,2026-04-06 14:29:57,,
5124739,846,194,2026-04-06 14:29:57,,
5124740,846,194,2026-04-06 14:29:57,,
5124741,846,194,2026-04-06 14:29:57,,
5124742,846,194,2026-04-06 14:29:57,,
5124743,846,194,2026-04-06 14:29:57,,
5124744,846,194,2026-04-06 14:29:57,,
5124745,846,194,2026-04-06 14:29:57,,
5124746,846,194,2026-04-06 14:29:57,,
5124747,846,194,2026-04-06 14:29:57,,
5124748,846,194,2026-04-06 14:29:57,,
5124749,846,194,2026-04-06 14:29:57,,
5124750,846,194,2026-04-06 14:29:57,,
5124751,846,194,2026-04-06 14:29:57,,
5124752,846,194,2026-04-06 14:29:57,,
5124753,846,194,2026-04-06 14:29:57,,
5124754,846,194,2026-04-06 14:29:57,,
5124755,846,194,2026-04-06 14:29:57,,
5124756,846,194,2026-04-06 14:29:57,,
5124757,846,194,2026-04-06 14:29:57,,
5124758,846,194,2026-04-06 14:29:57,,
5124759,846,194,2026-04-06 14:29:57,,
5124760,846,194,2026-04-06 14:29:57,,
5124761,846,194,2026-04-06 14:29:57,,
5124762,846,194,2026-04-06 14:29:57,,
5124763,846,194,2026-04-06 14:29:57,,
5124764,846,194,2026-04-06 14:29:57,,
5124765,846,194,2026-04-06 14:29:57,,
5124766,846,194,2026-04-06 14:29:57,,
5124767,846,194,2026-04-06 14:29:57,,
5124768,846,194,2026-04-06 14:29:57,,
5124769,846,194,2026-04-06 14:29:57,,
5124770,846,194,2026-04-06 14:29:57,,
5124771,846,194,2026-04-06 14:29:57,,
5124772,846,194,2026-04-06 14:29:57,,
5124773,846,194,2026-04-06 14:29:57,,
5124774,846,194,2026-04-06 14:29:57,,
5124775,846,194,2026-04-06 14:29:57,,
5124776,846,194,2026-04-06 14:29:57,,
5124777,846,194,2026-04-06 14:29:57,,
5124778,846,194,2026-04-06 14:29:57,,
5124779,846,194,2026-04-06 14:29:57,,
5124780,846,194,2026-04-06 14:29:57,,
5124781,846,194,2026-04-06 14:29:57,,
5124782,846,194,2026-04-06 14:29:57,,
5124783,846,194,2026-04-06 14:29:57,,
5124784,846,194,2026-04-06 14:29:57,,
5124785,846,194,2026-04-06 14:29:57,,
5124786,846,194,2026-04-06 14:29:57,,
5124787,846,194,2026-04-06 14:29:57,,
5124788,846,194,2026-04-06 14:29:57,,
5124789,846,194,2026-04-06 14:29:57,,
5124790,846,194,2026-04-06 14:29:57,,
5124791,846,194,2026-04-06 14:29:57,,
5124792,846,194,2026-04-06 14:29:57,,
5124793,846,194,2026-04-06 14:29:57,,
5124794,846,194,2026-04-06 14:29:57,,
5124795,846,194,2026-04-06 14:29:57,,
5124796,846,194,2026-04-06 14:29:57,,
5124797,846,194,2026-04-06 14:29:57,,
5124798,846,194,2026-04-06 14:29:57,,
5124799,846,194,2026-04-06 14:29:57,,
5124800,846,194,2026-04-06 14:29:57,,
5124801,846,194,2026-04-06 14:29:57,,
5124802,846,194,2026-04-06 14:29:57,,
5124803,846,194,2026-04-06 14:29:57,,
5124804,846,194,2026-04-06 14:29:57,,
5124805,846,194,2026-04-06 14:29:57,,
5124806,846,194,2026-04-06 14:29:57,,
5124807,846,194,2026-04-06 14:29:57,,
5124808,846,194,2026-04-06 14:29:57,,
5124809,846,194,2026-04-06 14:29:57,,
5124810,846,194,2026-04-06 14:29:57,,
5124811,846,194,2026-04-06 14:29:57,,
5124812,846,194,2026-04-06 14:29:57,,
5124813,846,194,2026-04-06 14:29:57,,
5124814,846,194,2026-04-06 14:29:57,,
5124815,846,194,2026-04-06 14:29:57,,
5124816,846,194,2026-04-06 14:29:57,,
5124817,846,194,2026-04-06 14:29:57,,
5124818,846,194,2026-04-06 14:29:57,,
5124819,846,194,2026-04-06 14:29:57,,
5124820,846,194,2026-04-06 14:29:57,,
5124821,846,194,2026-04-06 14:29:57,,
5124822,846,194,2026-04-06 14:29:57,,
5124823,846,194,2026-04-06 14:29:57,,
5124824,846,194,2026-04-06 14:29:57,,
5124825,846,194,2026-04-06 14:29:57,,
5124826,846,194,2026-04-06 14:29:57,,
5124827,846,194,2026-04-06 14:29:57,,
5124828,846,194,2026-04-06 14:29:57,,
5124829,846,194,2026-04-06 14:29:57,,
5124830,846,194,2026-04-06 14:29:57,,
5124831,846,194,2026-04-06 14:29:57,,
5124832,846,194,2026-04-06 14:29:57,,
5124833,846,194,2026-04-06 14:29:57,,
5124834,846,194,2026-04-06 14:29:57,,
5124835,846,194,2026-04-06 14:29:57,,
5124836,846,194,2026-04-06 14:29:57,,
5124837,846,194,2026-04-06 14:29:57,,
5124838,846,194,2026-04-06 14:29:57,,
5124839,846,194,2026-04-06 14:29:57,,
5124840,846,194,2026-04-06 14:29:57,,
5124841,846,194,2026-04-06 14:29:57,,
5124842,846,194,2026-04-06 14:29:57,,
5124843,846,194,2026-04-06 14:29:57,,
5124844,846,194,2026-04-06 14:29:57,,
5124845,846,194,2026-04-06 14:29:57,,
5124846,846,194,2026-04-06 14:29:57,,
5124847,846,194,2026-04-06 14:29:57,,
5124848,846,194,2026-04-06 14:29:57,,
5124849,846,194,2026-04-06 14:29:57,,
5124850,846,194,2026-04-06 14:29:57,,
5124851,846,194,2026-04-06 14:29:57,,
5124852,846,194,2026-04-06 14:29:57,,
5124853,846,194,2026-04-06 14:29:57,,
5124854,846,194,2026-04-06 14:29:57,,
5124855,846,194,2026-04-06 14:29:57,,
5124856,846,194,2026-04-06 14:29:57,,
5124857,846,194,2026-04-06 14:29:57,,
5124858,846,194,2026-04-06 14:29:57,,
5124859,846,194,2026-04-06 14:29:57,,
5124860,846,194,2026-04-06 14:29:57,,
5124861,846,194,2026-04-06 14:29:57,,
5124862,846,194,2026-04-06 14:29:57,,
5124863,846,194,2026-04-06 14:29:57,,
5124864,846,194,2026-04-06 14:29:57,,
5124865,846,194,2026-04-06 14:29:57,,
5124866,846,194,2026-04-06 14:29:57,,
5124867,846,194,2026-04-06 14:29:57,,
5124868,846,194,2026-04-06 14:29:57,,
5124869,846,194,2026-04-06 14:29:57,,
5124870,846,194,2026-04-06 14:29:57,,
5124871,846,194,2026-04-06 14:29:57,,
5124872,846,194,2026-04-06 14:29:57,,
5124873,846,194,2026-04-06 14:29:57,,
5124874,846,194,2026-04-06 14:29:57,,
5124875,846,194,2026-04-06 14:29:57,,
5124876,846,194,2026-04-06 14:29:57,,
5124877,846,194,2026-04-06 14:29:57,,
5124878,846,194,2026-04-06 14:29:57,,
5124879,846,194,2026-04-06 14:29:57,,
5124880,846,194,2026-04-06 14:29:57,,
5124881,846,194,2026-04-06 14:29:57,,
5124882,846,194,2026-04-06 14:29:57,,
5124883,846,194,2026-04-06 14:29:57,,
5124884,846,194,2026-04-06 14:29:57,,
5124885,846,194,2026-04-06 14:29:57,,
5124886,846,194,2026-04-06 14:29:57,,
5124887,846,194,2026-04-06 14:29:57,,
5124888,846,194,2026-04-06 14:29:57,,
5124889,846,194,2026-04-06 14:29:57,,
5124890,846,194,2026-04-06 14:29:57,,
5124891,846,194,2026-04-06 14:29:57,,
5124892,846,194,2026-04-06 14:29:57,,
5124893,846,194,2026-04-06 14:29:57,,
5124894,846,194,2026-04-06 14:29:57,,
5124895,846,194,2026-04-06 14:29:57,,
5125296,846,194,2026-04-06 14:29:57,,
5125297,846,194,2026-04-06 14:29:57,,
5125298,846,194,2026-04-06 14:29:57,,
5125299,846,194,2026-04-06 14:29:57,,
5125300,846,194,2026-04-06 14:29:57,,
5125301,846,194,2026-04-06 14:29:57,,
5125302,846,194,2026-04-06 14:29:57,,
5125303,846,194,2026-04-06 14:29:57,,
5125304,846,194,2026-04-06 14:29:57,,
5125305,846,194,2026-04-06 14:29:57,,
5125306,846,194,2026-04-06 14:29:57,,
5125307,846,194,2026-04-06 14:29:57,,
5125308,846,194,2026-04-06 14:29:57,,
5125309,846,194,2026-04-06 14:29:57,,
5125310,846,194,2026-04-06 14:29:57,,
5125311,846,194,2026-04-06 14:29:57,,
5125312,846,194,2026-04-06 14:29:57,,
5125313,846,194,2026-04-06 14:29:57,,
5125314,846,194,2026-04-06 14:29:57,,
5125315,846,194,2026-04-06 14:29:57,,
5125316,846,194,2026-04-06 14:29:57,,
5125317,846,194,2026-04-06 14:29:57,,
5125318,846,194,2026-04-06 14:29:57,,
5125319,846,194,2026-04-06 14:29:57,,
5125320,846,194,2026-04-06 14:29:57,,
5125321,846,194,2026-04-06 14:29:57,,
5125322,846,194,2026-04-06 14:29:57,,
5125323,846,194,2026-04-06 14:29:57,,
5125324,846,194,2026-04-06 14:29:57,,
5125325,846,194,2026-04-06 14:29:57,,
5125326,846,194,2026-04-06 14:29:57,,
5125327,846,194,2026-04-06 14:29:57,,
5125328,846,194,2026-04-06 14:29:57,,
5125329,846,194,2026-04-06 14:29:57,,
5125330,846,194,2026-04-06 14:29:57,,
5125331,846,194,2026-04-06 14:29:57,,
5125332,846,194,2026-04-06 14:29:57,,
5125333,846,194,2026-04-06 14:29:57,,
5125334,846,194,2026-04-06 14:29:57,,
5125335,846,194,2026-04-06 14:29:57,,
5125336,846,194,2026-04-06 14:29:57,,
5125337,846,194,2026-04-06 14:29:57,,
5125338,846,194,2026-04-06 14:29:57,,
5125339,846,194,2026-04-06 14:29:57,,
5125340,846,194,2026-04-06 14:29:57,,
5125341,846,194,2026-04-06 14:29:57,,
5125342,846,194,2026-04-06 14:29:57,,
5125343,846,194,2026-04-06 14:29:57,,
5125344,846,194,2026-04-06 14:29:57,,
5125345,846,194,2026-04-06 14:29:57,,
5125346,846,194,2026-04-06 14:29:57,,
5125347,846,194,2026-04-06 14:29:57,,
5125348,846,194,2026-04-06 14:29:57,,
5125349,846,194,2026-04-06 14:29:57,,
5125350,846,194,2026-04-06 14:29:57,,
5125351,846,194,2026-04-06 14:29:57,,
5125352,846,194,2026-04-06 14:29:57,,
5125353,846,194,2026-04-06 14:29:57,,
5125354,846,194,2026-04-06 14:29:57,,
5125355,846,194,2026-04-06 14:29:57,,
5125356,846,194,2026-04-06 14:29:57,,
5125357,846,194,2026-04-06 14:29:57,,
5125358,846,194,2026-04-06 14:29:57,,
5125359,846,194,2026-04-06 14:29:57,,
5125360,846,194,2026-04-06 14:29:57,,
5125361,846,194,2026-04-06 14:29:57,,
5125362,846,194,2026-04-06 14:29:57,,
5125363,846,194,2026-04-06 14:29:57,,
5125364,846,194,2026-04-06 14:29:57,,
5125365,846,194,2026-04-06 14:29:57,,
5125366,846,194,2026-04-06 14:29:57,,
5125367,846,194,2026-04-06 14:29:57,,
5125368,846,194,2026-04-06 14:29:57,,
5125369,846,194,2026-04-06 14:29:57,,
5125370,846,194,2026-04-06 14:29:57,,
5125371,846,194,2026-04-06 14:29:57,,
5125372,846,194,2026-04-06 14:29:57,,
5125373,846,194,2026-04-06 14:29:57,,
5125374,846,194,2026-04-06 14:29:57,,
5125375,846,194,2026-04-06 14:29:57,,
5125376,846,194,2026-04-06 14:29:57,,
5125377,846,194,2026-04-06 14:29:57,,
5125378,846,194,2026-04-06 14:29:57,,
5125379,846,194,2026-04-06 14:29:57,,
5125380,846,194,2026-04-06 14:29:57,,
5125381,846,194,2026-04-06 14:29:57,,
5125382,846,194,2026-04-06 14:29:57,,
5125383,846,194,2026-04-06 14:29:57,,
5125384,846,194,2026-04-06 14:29:57,,
5125385,846,194,2026-04-06 14:29:57,,
5125386,846,194,2026-04-06 14:29:57,,
5125387,846,194,2026-04-06 14:29:57,,
5125388,846,194,2026-04-06 14:29:57,,
5125389,846,194,2026-04-06 14:29:57,,
5125390,846,194,2026-04-06 14:29:57,,
5125391,846,194,2026-04-06 14:29:57,,
5125392,846,194,2026-04-06 14:29:57,,
5125393,846,194,2026-04-06 14:29:57,,
5125394,846,194,2026-04-06 14:29:57,,
5125395,846,194,2026-04-06 14:29:57,,
5125396,846,194,2026-04-06 14:29:57,,
5125397,846,194,2026-04-06 14:29:57,,
5125398,846,194,2026-04-06 14:29:57,,
5125399,846,194,2026-04-06 14:29:57,,
5125400,846,194,2026-04-06 14:29:57,,
5125401,846,194,2026-04-06 14:29:57,,
5125402,846,194,2026-04-06 14:29:57,,
5125403,846,194,2026-04-06 14:29:57,,
5125404,846,194,2026-04-06 14:29:57,,
5125405,846,194,2026-04-06 14:29:57,,
5125406,846,194,2026-04-06 14:29:57,,
5125407,846,194,2026-04-06 14:29:57,,
5125408,846,194,2026-04-06 14:29:57,,
5125409,846,194,2026-04-06 14:29:57,,
5125410,846,194,2026-04-06 14:29:57,,
5125411,846,194,2026-04-06 14:29:57,,
5125412,846,194,2026-04-06 14:29:57,,
5125413,846,194,2026-04-06 14:29:57,,
5125414,846,194,2026-04-06 14:29:57,,
5125415,846,194,2026-04-06 14:29:57,,
5125416,846,194,2026-04-06 14:29:57,,
5125417,846,194,2026-04-06 14:29:57,,
5125418,846,194,2026-04-06 14:29:57,,
5125419,846,194,2026-04-06 14:29:57,,
5125420,846,194,2026-04-06 14:29:57,,
5125421,846,194,2026-04-06 14:29:57,,
5125422,846,194,2026-04-06 14:29:57,,
5125423,846,194,2026-04-06 14:29:57,,
5125424,846,194,2026-04-06 14:29:57,,
5125425,846,194,2026-04-06 14:29:57,,
5125426,846,194,2026-04-06 14:29:57,,
5125427,846,194,2026-04-06 14:29:57,,
5125428,846,194,2026-04-06 14:29:57,,
5125429,846,194,2026-04-06 14:29:57,,
5125430,846,194,2026-04-06 14:29:57,,
5125431,846,194,2026-04-06 14:29:57,,
5125432,846,194,2026-04-06 14:29:57,,
5125433,846,194,2026-04-06 14:29:57,,
5125434,846,194,2026-04-06 14:29:57,,
5125435,846,194,2026-04-06 14:29:57,,
5125436,846,194,2026-04-06 14:29:57,,
5125437,846,194,2026-04-06 14:29:57,,
5125438,846,194,2026-04-06 14:29:57,,
5125439,846,194,2026-04-06 14:29:57,,
5125440,846,194,2026-04-06 14:29:57,,
5125441,846,194,2026-04-06 14:29:57,,
5125442,846,194,2026-04-06 14:29:57,,
5125443,846,194,2026-04-06 14:29:57,,
5125444,846,194,2026-04-06 14:29:57,,
5125445,846,194,2026-04-06 14:29:57,,
5125446,846,194,2026-04-06 14:29:57,,
5125447,846,194,2026-04-06 14:29:57,,
5125448,846,194,2026-04-06 14:29:57,,
5125449,846,194,2026-04-06 14:29:57,,
5125450,846,194,2026-04-06 14:29:57,,
5125451,846,194,2026-04-06 14:29:57,,
5125452,846,194,2026-04-06 14:29:57,,
5125453,846,194,2026-04-06 14:29:57,,
5125454,846,194,2026-04-06 14:29:57,,
5125455,846,194,2026-04-06 14:29:57,,
5125456,846,194,2026-04-06 14:29:57,,
5125457,846,194,2026-04-06 14:29:57,,
5125458,846,194,2026-04-06 14:29:57,,
5125459,846,194,2026-04-06 14:29:57,,
5125460,846,194,2026-04-06 14:29:57,,
5125461,846,194,2026-04-06 14:29:57,,
5125462,846,194,2026-04-06 14:29:57,,
5125463,846,194,2026-04-06 14:29:57,,
5125464,846,194,2026-04-06 14:29:57,,
5125465,846,194,2026-04-06 14:29:57,,
5125466,846,194,2026-04-06 14:29:57,,
5125467,846,194,2026-04-06 14:29:57,,
5125468,846,194,2026-04-06 14:29:57,,
5125469,846,194,2026-04-06 14:29:57,,
5125470,846,194,2026-04-06 14:29:57,,
5125471,846,194,2026-04-06 14:29:57,,
5125472,846,194,2026-04-06 14:29:57,,
5125473,846,194,2026-04-06 14:29:57,,
5125474,846,194,2026-04-06 14:29:57,,
5125475,846,194,2026-04-06 14:29:57,,
5125476,846,194,2026-04-06 14:29:57,,
5125477,846,194,2026-04-06 14:29:57,,
5125478,846,194,2026-04-06 14:29:57,,
5125479,846,194,2026-04-06 14:29:57,,
5125480,846,194,2026-04-06 14:29:57,,
5125481,846,194,2026-04-06 14:29:57,,
5125482,846,194,2026-04-06 14:29:57,,
5125483,846,194,2026-04-06 14:29:57,,
5125484,846,194,2026-04-06 14:29:57,,
5125485,846,194,2026-04-06 14:29:57,,
5125486,846,194,2026-04-06 14:29:57,,
5125487,846,194,2026-04-06 14:29:57,,
5125488,846,194,2026-04-06 14:29:57,,
5125489,846,194,2026-04-06 14:29:57,,
5125490,846,194,2026-04-06 14:29:57,,
5125491,846,194,2026-04-06 14:29:57,,
5125492,846,194,2026-04-06 14:29:57,,
5125493,846,194,2026-04-06 14:29:57,,
5125494,846,194,2026-04-06 14:29:57,,
5125495,846,194,2026-04-06 14:29:57,,
5125496,846,194,2026-04-06 14:29:57,,
5125497,846,194,2026-04-06 14:29:57,,
5125498,846,194,2026-04-06 14:29:57,,
5125499,846,194,2026-04-06 14:29:57,,
5125500,846,194,2026-04-06 14:29:57,,
5125501,846,194,2026-04-06 14:29:57,,
5125502,846,194,2026-04-06 14:29:57,,
5125503,846,194,2026-04-06 14:29:57,,
5125504,846,194,2026-04-06 14:29:57,,
5125505,846,194,2026-04-06 14:29:57,,
5125506,846,194,2026-04-06 14:29:57,,
5125507,846,194,2026-04-06 14:29:57,,
5125508,846,194,2026-04-06 14:29:57,,
5125509,846,194,2026-04-06 14:29:57,,
5125510,846,194,2026-04-06 14:29:57,,
5125511,846,194,2026-04-06 14:29:57,,
5125512,846,194,2026-04-06 14:29:57,,
5125513,846,194,2026-04-06 14:29:57,,
5125514,846,194,2026-04-06 14:29:57,,
5125515,846,194,2026-04-06 14:29:57,,
5125516,846,194,2026-04-06 14:29:57,,
5125517,846,194,2026-04-06 14:29:57,,
5125518,846,194,2026-04-06 14:29:57,,
5125519,846,194,2026-04-06 14:29:57,,
5125520,846,194,2026-04-06 14:29:57,,
5125521,846,194,2026-04-06 14:29:57,,
5125522,846,194,2026-04-06 14:29:57,,
5125523,846,194,2026-04-06 14:29:57,,
5125524,846,194,2026-04-06 14:29:57,,
5125525,846,194,2026-04-06 14:29:57,,
5125526,846,194,2026-04-06 14:29:57,,
5125527,846,194,2026-04-06 14:29:57,,
5125528,846,194,2026-04-06 14:29:57,,
5125529,846,194,2026-04-06 14:29:57,,
5125530,846,194,2026-04-06 14:29:57,,
5125531,846,194,2026-04-06 14:29:57,,
5125532,846,194,2026-04-06 14:29:57,,
5125533,846,194,2026-04-06 14:29:57,,
5125534,846,194,2026-04-06 14:29:57,,
5125535,846,194,2026-04-06 14:29:57,,
5125536,846,194,2026-04-06 14:29:57,,
5125537,846,194,2026-04-06 14:29:57,,
5125538,846,194,2026-04-06 14:29:57,,
5125539,846,194,2026-04-06 14:29:57,,
5125540,846,194,2026-04-06 14:29:57,,
5125541,846,194,2026-04-06 14:29:57,,
5125542,846,194,2026-04-06 14:29:57,,
5125543,846,194,2026-04-06 14:29:57,,
5125544,846,194,2026-04-06 14:29:57,,
5125545,846,194,2026-04-06 14:29:57,,
5125546,846,194,2026-04-06 14:29:57,,
5125547,846,194,2026-04-06 14:29:57,,
5125548,846,194,2026-04-06 14:29:57,,
5125549,846,194,2026-04-06 14:29:57,,
5125550,846,194,2026-04-06 14:29:57,,
5125551,846,194,2026-04-06 14:29:57,,
5125552,846,194,2026-04-06 14:29:57,,
5125553,846,194,2026-04-06 14:29:57,,
5125554,846,194,2026-04-06 14:29:57,,
5125555,846,194,2026-04-06 14:29:57,,
5125556,846,194,2026-04-06 14:29:57,,
5125557,846,194,2026-04-06 14:29:57,,
5125558,846,194,2026-04-06 14:29:57,,
5125559,846,194,2026-04-06 14:29:57,,
5125560,846,194,2026-04-06 14:29:57,,
5125561,846,194,2026-04-06 14:29:57,,
5125562,846,194,2026-04-06 14:29:57,,
5125563,846,194,2026-04-06 14:29:57,,
5125564,846,194,2026-04-06 14:29:57,,
5125565,846,194,2026-04-06 14:29:57,,
5125566,846,194,2026-04-06 14:29:57,,
5125567,846,194,2026-04-06 14:29:57,,
5125568,846,194,2026-04-06 14:29:57,,
5125569,846,194,2026-04-06 14:29:57,,
5125570,846,194,2026-04-06 14:29:57,,
5125571,846,194,2026-04-06 14:29:57,,
5125572,846,194,2026-04-06 14:29:57,,
5125573,846,194,2026-04-06 14:29:57,,
5125574,846,194,2026-04-06 14:29:57,,
5125575,846,194,2026-04-06 14:29:57,,
5125576,846,194,2026-04-06 14:29:57,,
5125577,846,194,2026-04-06 14:29:57,,
5125578,846,194,2026-04-06 14:29:57,,
5125579,846,194,2026-04-06 14:29:57,,
5125580,846,194,2026-04-06 14:29:57,,
5125581,846,194,2026-04-06 14:29:57,,
5125582,846,194,2026-04-06 14:29:57,,
5125583,846,194,2026-04-06 14:29:57,,
5125584,846,194,2026-04-06 14:29:57,,
5125585,846,194,2026-04-06 14:29:57,,
5125586,846,194,2026-04-06 14:29:57,,
5125587,846,194,2026-04-06 14:29:57,,
5125588,846,194,2026-04-06 14:29:57,,
5125589,846,194,2026-04-06 14:29:57,,
5125590,846,194,2026-04-06 14:29:57,,
5125591,846,194,2026-04-06 14:29:57,,
5125592,846,194,2026-04-06 14:29:57,,
5125593,846,194,2026-04-06 14:29:57,,
5125594,846,194,2026-04-06 14:29:57,,
5125595,846,194,2026-04-06 14:29:57,,
5125596,846,194,2026-04-06 14:29:57,,
5125597,846,194,2026-04-06 14:29:57,,
5125598,846,194,2026-04-06 14:29:57,,
5125599,846,194,2026-04-06 14:29:57,,
5125600,846,194,2026-04-06 14:29:57,,
5125601,846,194,2026-04-06 14:29:57,,
5125602,846,194,2026-04-06 14:29:57,,
5125603,846,194,2026-04-06 14:29:57,,
5125604,846,194,2026-04-06 14:29:57,,
5125605,846,194,2026-04-06 14:29:57,,
5125606,846,194,2026-04-06 14:29:57,,
5125607,846,194,2026-04-06 14:29:57,,
5125608,846,194,2026-04-06 14:29:57,,
5125609,846,194,2026-04-06 14:29:57,,
5125610,846,194,2026-04-06 14:29:57,,
5125611,846,194,2026-04-06 14:29:57,,
5125612,846,194,2026-04-06 14:29:57,,
5125613,846,194,2026-04-06 14:29:57,,
5125614,846,194,2026-04-06 14:29:57,,
5125615,846,194,2026-04-06 14:29:57,,
5125616,846,194,2026-04-06 14:29:57,,
5125617,846,194,2026-04-06 14:29:57,,
5125618,846,194,2026-04-06 14:29:57,,
5125619,846,194,2026-04-06 14:29:57,,
5125620,846,194,2026-04-06 14:29:57,,
5125621,846,194,2026-04-06 14:29:57,,
5125622,846,194,2026-04-06 14:29:57,,
5125623,846,194,2026-04-06 14:29:57,,
5125624,846,194,2026-04-06 14:29:57,,
5125625,846,194,2026-04-06 14:29:57,,
5125626,846,194,2026-04-06 14:29:57,,
5125627,846,194,2026-04-06 14:29:57,,
5125628,846,194,2026-04-06 14:29:57,,
5125629,846,194,2026-04-06 14:29:57,,
5125630,846,194,2026-04-06 14:29:57,,
5125631,846,194,2026-04-06 14:29:57,,
5125632,846,194,2026-04-06 14:29:57,,
5125633,846,194,2026-04-06 14:29:57,,
5125634,846,194,2026-04-06 14:29:57,,
5125635,846,194,2026-04-06 14:29:57,,
5125636,846,194,2026-04-06 14:29:57,,
5125637,846,194,2026-04-06 14:29:57,,
5125638,846,194,2026-04-06 14:29:57,,
5125639,846,194,2026-04-06 14:29:57,,
5125640,846,194,2026-04-06 14:29:57,,
5125641,846,194,2026-04-06 14:29:57,,
5125642,846,194,2026-04-06 14:29:57,,
5125643,846,194,2026-04-06 14:29:57,,
5125644,846,194,2026-04-06 14:29:57,,
5125645,846,194,2026-04-06 14:29:57,,
5125646,846,194,2026-04-06 14:29:57,,
5125647,846,194,2026-04-06 14:29:57,,
5125648,846,194,2026-04-06 14:29:57,,
5125649,846,194,2026-04-06 14:29:57,,
5125650,846,194,2026-04-06 14:29:57,,
5125651,846,194,2026-04-06 14:29:57,,
5125652,846,194,2026-04-06 14:29:57,,
5125653,846,194,2026-04-06 14:29:57,,
5125654,846,194,2026-04-06 14:29:57,,
5125655,846,194,2026-04-06 14:29:57,,
5125656,846,194,2026-04-06 14:29:57,,
5125657,846,194,2026-04-06 14:29:57,,
5125658,846,194,2026-04-06 14:29:57,,
5125659,846,194,2026-04-06 14:29:57,,
5125660,846,194,2026-04-06 14:29:57,,
5125661,846,194,2026-04-06 14:29:57,,
5125662,846,194,2026-04-06 14:29:57,,
5125663,846,194,2026-04-06 14:29:57,,
5125664,846,194,2026-04-06 14:29:57,,
5125665,846,194,2026-04-06 14:29:57,,
5125666,846,194,2026-04-06 14:29:57,,
5125667,846,194,2026-04-06 14:29:57,,
5125668,846,194,2026-04-06 14:29:57,,
5125669,846,194,2026-04-06 14:29:57,,
5125670,846,194,2026-04-06 14:29:57,,
5125671,846,194,2026-04-06 14:29:57,,
5125672,846,194,2026-04-06 14:29:57,,
5125673,846,194,2026-04-06 14:29:57,,
5125674,846,194,2026-04-06 14:29:57,,
5125675,846,194,2026-04-06 14:29:57,,
5125676,846,194,2026-04-06 14:29:57,,
5125677,846,194,2026-04-06 14:29:57,,
5125678,846,194,2026-04-06 14:29:57,,
5125679,846,194,2026-04-06 14:29:57,,
5125680,846,194,2026-04-06 14:29:57,,
5125681,846,194,2026-04-06 14:29:57,,
5125682,846,194,2026-04-06 14:29:57,,
5125683,846,194,2026-04-06 14:29:57,,
5125684,846,194,2026-04-06 14:29:57,,
5125685,846,194,2026-04-06 14:29:57,,
5125686,846,194,2026-04-06 14:29:57,,
5125687,846,194,2026-04-06 14:29:57,,
5125688,846,194,2026-04-06 14:29:57,,
5125689,846,194,2026-04-06 14:29:57,,
5125690,846,194,2026-04-06 14:29:57,,
5125691,846,194,2026-04-06 14:29:57,,
5125692,846,194,2026-04-06 14:29:57,,
5125693,846,194,2026-04-06 14:29:57,,
5125694,846,194,2026-04-06 14:29:57,,
5125695,846,194,2026-04-06 14:29:57,,
5125696,846,194,2026-04-06 14:29:57,,
5125697,846,194,2026-04-06 14:29:57,,
5125698,846,194,2026-04-06 14:29:57,,
5125699,846,194,2026-04-06 14:29:57,,
5125700,846,194,2026-04-06 14:29:57,,
5125701,846,194,2026-04-06 14:29:57,,
5125702,846,194,2026-04-06 14:29:57,,
5125703,846,194,2026-04-06 14:29:57,,
5125704,846,194,2026-04-06 14:29:57,,
5125705,846,194,2026-04-06 14:29:57,,
5125706,846,194,2026-04-06 14:29:57,,
5125707,846,194,2026-04-06 14:29:57,,
5125708,846,194,2026-04-06 14:29:57,,
5125709,846,194,2026-04-06 14:29:57,,
5125710,846,194,2026-04-06 14:29:57,,
5125711,846,194,2026-04-06 14:29:57,,
5125712,846,194,2026-04-06 14:29:57,,
5125713,846,194,2026-04-06 14:29:57,,
5125714,846,194,2026-04-06 14:29:57,,
5125715,846,194,2026-04-06 14:29:57,,
5125716,846,194,2026-04-06 14:29:57,,
5125717,846,194,2026-04-06 14:29:57,,
5125718,846,194,2026-04-06 14:29:57,,
5125719,846,194,2026-04-06 14:29:57,,
5125720,846,194,2026-04-06 14:29:57,,
5125721,846,194,2026-04-06 14:29:57,,
5125722,846,194,2026-04-06 14:29:57,,
5125723,846,194,2026-04-06 14:29:57,,
5125724,846,194,2026-04-06 14:29:57,,
5125725,846,194,2026-04-06 14:29:57,,
5125726,846,194,2026-04-06 14:29:57,,
5125727,846,194,2026-04-06 14:29:57,,
5125728,846,194,2026-04-06 14:29:57,,
5125729,846,194,2026-04-06 14:29:57,,
5125730,846,194,2026-04-06 14:29:57,,
5125731,846,194,2026-04-06 14:29:57,,
5125732,846,194,2026-04-06 14:29:57,,
5125733,846,194,2026-04-06 14:29:57,,
5125734,846,194,2026-04-06 14:29:57,,
5125735,846,194,2026-04-06 14:29:57,,
5125736,846,194,2026-04-06 14:29:57,,
5125737,846,194,2026-04-06 14:29:57,,
5125738,846,194,2026-04-06 14:29:57,,
5125739,846,194,2026-04-06 14:29:57,,
5125740,846,194,2026-04-06 14:29:57,,
5125741,846,194,2026-04-06 14:29:57,,
5125742,846,194,2026-04-06 14:29:57,,
5125743,846,194,2026-04-06 14:29:57,,
5125744,846,194,2026-04-06 14:29:57,,
5125745,846,194,2026-04-06 14:29:57,,
5125746,846,194,2026-04-06 14:29:57,,
5125747,846,194,2026-04-06 14:29:57,,
5125748,846,194,2026-04-06 14:29:57,,
5125749,846,194,2026-04-06 14:29:57,,
5125750,846,194,2026-04-06 14:29:57,,
5125751,846,194,2026-04-06 14:29:57,,
5125752,846,194,2026-04-06 14:29:57,,
5125753,846,194,2026-04-06 14:29:57,,
5125754,846,194,2026-04-06 14:29:57,,
5125755,846,194,2026-04-06 14:29:57,,
5125756,846,194,2026-04-06 14:29:57,,
5125757,846,194,2026-04-06 14:29:57,,
5125758,846,194,2026-04-06 14:29:57,,
5125759,846,194,2026-04-06 14:29:57,,
5125760,846,194,2026-04-06 14:29:57,,
5125761,846,194,2026-04-06 14:29:57,,
5125762,846,194,2026-04-06 14:29:57,,
5125763,846,194,2026-04-06 14:29:57,,
5125764,846,194,2026-04-06 14:29:57,,
5125765,846,194,2026-04-06 14:29:57,,
5125766,846,194,2026-04-06 14:29:57,,
5125767,846,194,2026-04-06 14:29:57,,
5125768,846,194,2026-04-06 14:29:57,,
5125769,846,194,2026-04-06 14:29:57,,
5125770,846,194,2026-04-06 14:29:57,,
5125771,846,194,2026-04-06 14:29:57,,
5125772,846,194,2026-04-06 14:29:57,,
5125773,846,194,2026-04-06 14:29:57,,
5125774,846,194,2026-04-06 14:29:57,,
5125775,846,194,2026-04-06 14:29:57,,
5125776,846,194,2026-04-06 14:29:57,,
5125777,846,194,2026-04-06 14:29:57,,
5125778,846,194,2026-04-06 14:29:57,,
5125779,846,194,2026-04-06 14:29:57,,
5125780,846,194,2026-04-06 14:29:57,,
5125781,846,194,2026-04-06 14:29:57,,
5125782,846,194,2026-04-06 14:29:57,,
5125783,846,194,2026-04-06 14:29:57,,
5125784,846,194,2026-04-06 14:29:57,,
5125785,846,194,2026-04-06 14:29:57,,
5125786,846,194,2026-04-06 14:29:57,,
5125787,846,194,2026-04-06 14:29:57,,
5125788,846,194,2026-04-06 14:29:57,,
5125789,846,194,2026-04-06 14:29:57,,
5125790,846,194,2026-04-06 14:29:57,,
5125791,846,194,2026-04-06 14:29:57,,
5125792,846,194,2026-04-06 14:29:57,,
5125793,846,194,2026-04-06 14:29:57,,
5125794,846,194,2026-04-06 14:29:57,,
5125795,846,194,2026-04-06 14:29:57,,
5125796,846,194,2026-04-06 14:29:57,,
5125797,846,194,2026-04-06 14:29:57,,
5125798,846,194,2026-04-06 14:29:57,,
5125799,846,194,2026-04-06 14:29:57,,
5125800,846,194,2026-04-06 14:29:57,,
5125801,846,194,2026-04-06 14:29:57,,
5125802,846,194,2026-04-06 14:29:57,,
5125803,846,194,2026-04-06 14:29:57,,
5125804,846,194,2026-04-06 14:29:57,,
5125805,846,194,2026-04-06 14:29:57,,
5125806,846,194,2026-04-06 14:29:57,,
5125807,846,194,2026-04-06 14:29:57,,
5125808,846,194,2026-04-06 14:29:57,,
5125809,846,194,2026-04-06 14:29:57,,
5125810,846,194,2026-04-06 14:29:57,,
5125811,846,194,2026-04-06 14:29:57,,
5125812,846,194,2026-04-06 14:29:57,,
5125813,846,194,2026-04-06 14:29:57,,
5125814,846,194,2026-04-06 14:29:57,,
5125815,846,194,2026-04-06 14:29:57,,
5125816,846,194,2026-04-06 14:29:57,,
5125817,846,194,2026-04-06 14:29:57,,
5125818,846,194,2026-04-06 14:29:57,,
5125819,846,194,2026-04-06 14:29:57,,
5125820,846,194,2026-04-06 14:29:57,,
5125821,846,194,2026-04-06 14:29:57,,
5125822,846,194,2026-04-06 14:29:57,,
5125823,846,194,2026-04-06 14:29:57,,
5125824,846,194,2026-04-06 14:29:57,,
5125825,846,194,2026-04-06 14:29:57,,
5125826,846,194,2026-04-06 14:29:57,,
5125827,846,194,2026-04-06 14:29:57,,
5125828,846,194,2026-04-06 14:29:57,,
5125829,846,194,2026-04-06 14:29:57,,
5125830,846,194,2026-04-06 14:29:57,,
5125831,846,194,2026-04-06 14:29:57,,
5125832,846,194,2026-04-06 14:29:57,,
5125833,846,194,2026-04-06 14:29:57,,
5125834,846,194,2026-04-06 14:29:57,,
5125835,846,194,2026-04-06 14:29:57,,
5125836,846,194,2026-04-06 14:29:57,,
5125837,846,194,2026-04-06 14:29:57,,
5125838,846,194,2026-04-06 14:29:57,,
5125839,846,194,2026-04-06 14:29:57,,
5125840,846,194,2026-04-06 14:29:57,,
5125841,846,194,2026-04-06 14:29:57,,
5125842,846,194,2026-04-06 14:29:57,,
5125843,846,194,2026-04-06 14:29:57,,
5125844,846,194,2026-04-06 14:29:57,,
5125845,846,194,2026-04-06 14:29:57,,
5125846,846,194,2026-04-06 14:29:57,,
5125847,846,194,2026-04-06 14:29:57,,
5125848,846,194,2026-04-06 14:29:57,,
5125849,846,194,2026-04-06 14:29:57,,
5125850,846,194,2026-04-06 14:29:57,,
5125851,846,194,2026-04-06 14:29:57,,
5125852,846,194,2026-04-06 14:29:57,,
5125853,846,194,2026-04-06 14:29:57,,
5125854,846,194,2026-04-06 14:29:57,,
5125855,846,194,2026-04-06 14:29:57,,
5125856,846,194,2026-04-06 14:29:57,,
5125857,846,194,2026-04-06 14:29:57,,
5125858,846,194,2026-04-06 14:29:57,,
5125859,846,194,2026-04-06 14:29:57,,
5125860,846,194,2026-04-06 14:29:57,,
5125861,846,194,2026-04-06 14:29:57,,
5125862,846,194,2026-04-06 14:29:57,,
5125863,846,194,2026-04-06 14:29:57,,
5125864,846,194,2026-04-06 14:29:57,,
5125865,846,194,2026-04-06 14:29:57,,
5125866,846,194,2026-04-06 14:29:57,,
5125867,846,194,2026-04-06 14:29:57,,
5125868,846,194,2026-04-06 14:29:57,,
5125869,846,194,2026-04-06 14:29:57,,
5125870,846,194,2026-04-06 14:29:57,,
5125871,846,194,2026-04-06 14:29:57,,
5125872,846,194,2026-04-06 14:29:57,,
5125873,846,194,2026-04-06 14:29:57,,
5125874,846,194,2026-04-06 14:29:57,,
5125875,846,194,2026-04-06 14:29:57,,
5125876,846,194,2026-04-06 14:29:57,,
5125877,846,194,2026-04-06 14:29:57,,
5125878,846,194,2026-04-06 14:29:57,,
5125879,846,194,2026-04-06 14:29:57,,
5125880,846,194,2026-04-06 14:29:57,,
5125881,846,194,2026-04-06 14:29:57,,
5125882,846,194,2026-04-06 14:29:57,,
5125883,846,194,2026-04-06 14:29:57,,
5125884,846,194,2026-04-06 14:29:57,,
5125885,846,194,2026-04-06 14:29:57,,
5125886,846,194,2026-04-06 14:29:57,,
5125887,846,194,2026-04-06 14:29:57,,
5125888,846,194,2026-04-06 14:29:57,,
5125889,846,194,2026-04-06 14:29:57,,
5125890,846,194,2026-04-06 14:29:57,,
5125891,846,194,2026-04-06 14:29:57,,
5125892,846,194,2026-04-06 14:29:57,,
5125893,846,194,2026-04-06 14:29:57,,
5125894,846,194,2026-04-06 14:29:57,,
5125895,846,194,2026-04-06 14:29:57,,
5125896,846,194,2026-04-06 14:29:57,,
5125897,846,194,2026-04-06 14:29:57,,
5125898,846,194,2026-04-06 14:29:57,,
5125899,846,194,2026-04-06 14:29:57,,
5125900,846,194,2026-04-06 14:29:57,,
5125901,846,194,2026-04-06 14:29:57,,
5125902,846,194,2026-04-06 14:29:57,,
5125903,846,194,2026-04-06 14:29:57,,
5125904,846,194,2026-04-06 14:29:57,,
5125905,846,194,2026-04-06 14:29:57,,
5125906,846,194,2026-04-06 14:29:57,,
5125907,846,194,2026-04-06 14:29:57,,
5125908,846,194,2026-04-06 14:29:57,,
5125909,846,194,2026-04-06 14:29:57,,
5125910,846,194,2026-04-06 14:29:57,,
5125911,846,194,2026-04-06 14:29:57,,
5125912,846,194,2026-04-06 14:29:57,,
5125913,846,194,2026-04-06 14:29:57,,
5125914,846,194,2026-04-06 14:29:57,,
5125915,846,194,2026-04-06 14:29:57,,
5125916,846,194,2026-04-06 14:29:57,,
5125917,846,194,2026-04-06 14:29:57,,
5125918,846,194,2026-04-06 14:29:57,,
5125919,846,194,2026-04-06 14:29:57,,
5125920,846,194,2026-04-06 14:29:57,,
5125921,846,194,2026-04-06 14:29:57,,
5125922,846,194,2026-04-06 14:29:57,,
5125923,846,194,2026-04-06 14:29:57,,
5125924,846,194,2026-04-06 14:29:57,,
5125925,846,194,2026-04-06 14:29:57,,
5125926,846,194,2026-04-06 14:29:57,,
5125927,846,194,2026-04-06 14:29:57,,
5125928,846,194,2026-04-06 14:29:57,,
5125929,846,194,2026-04-06 14:29:57,,
5125930,846,194,2026-04-06 14:29:57,,
5125931,846,194,2026-04-06 14:29:57,,
5125932,846,194,2026-04-06 14:29:57,,
5125933,846,194,2026-04-06 14:29:57,,
5125934,846,194,2026-04-06 14:29:57,,
5125935,846,194,2026-04-06 14:29:57,,
5125936,846,194,2026-04-06 14:29:57,,
5125937,846,194,2026-04-06 14:29:57,,
5125938,846,194,2026-04-06 14:29:57,,
5125939,846,194,2026-04-06 14:29:57,,
5125940,846,194,2026-04-06 14:29:57,,
5125941,846,194,2026-04-06 14:29:57,,
5125942,846,194,2026-04-06 14:29:57,,
5125943,846,194,2026-04-06 14:29:57,,
5125944,846,194,2026-04-06 14:29:57,,
5125945,846,194,2026-04-06 14:29:57,,
5125946,846,194,2026-04-06 14:29:57,,
5125947,846,194,2026-04-06 14:29:57,,
5125948,846,194,2026-04-06 14:29:57,,
5125949,846,194,2026-04-06 14:29:57,,
5125950,846,194,2026-04-06 14:29:57,,
5125951,846,194,2026-04-06 14:29:57,,
5125952,846,194,2026-04-06 14:29:57,,
5125953,846,194,2026-04-06 14:29:57,,
5125954,846,194,2026-04-06 14:29:57,,
5125955,846,194,2026-04-06 14:29:57,,
5125956,846,194,2026-04-06 14:29:57,,
5125957,846,194,2026-04-06 14:29:57,,
5125958,846,194,2026-04-06 14:29:57,,
5125959,846,194,2026-04-06 14:29:57,,
5125960,846,194,2026-04-06 14:29:57,,
5125961,846,194,2026-04-06 14:29:57,,
5125962,846,194,2026-04-06 14:29:57,,
5125963,846,194,2026-04-06 14:29:57,,
5125964,846,194,2026-04-06 14:29:57,,
5125965,846,194,2026-04-06 14:29:57,,
5125966,846,194,2026-04-06 14:29:57,,
5125967,846,194,2026-04-06 14:29:57,,
5125968,846,194,2026-04-06 14:29:57,,
5125969,846,194,2026-04-06 14:29:57,,
5125970,846,194,2026-04-06 14:29:57,,
5125971,846,194,2026-04-06 14:29:57,,
5125972,846,194,2026-04-06 14:29:57,,
5125973,846,194,2026-04-06 14:29:57,,
5125974,846,194,2026-04-06 14:29:57,,
5125975,846,194,2026-04-06 14:29:57,,
5125976,846,194,2026-04-06 14:29:57,,
5125977,846,194,2026-04-06 14:29:57,,
5125978,846,194,2026-04-06 14:29:57,,
5125979,846,194,2026-04-06 14:29:57,,
5125980,846,194,2026-04-06 14:29:57,,
5125981,846,194,2026-04-06 14:29:57,,
5125982,846,194,2026-04-06 14:29:57,,
5125983,846,194,2026-04-06 14:29:57,,
5125984,846,194,2026-04-06 14:29:57,,
5125985,846,194,2026-04-06 14:29:57,,
5125986,846,194,2026-04-06 14:29:57,,
5125987,846,194,2026-04-06 14:29:57,,
5125988,846,194,2026-04-06 14:29:57,,
5125989,846,194,2026-04-06 14:29:57,,
5125990,846,194,2026-04-06 14:29:57,,
5125991,846,194,2026-04-06 14:29:57,,
5125992,846,194,2026-04-06 14:29:57,,
5125993,846,194,2026-04-06 14:29:57,,
5125994,846,194,2026-04-06 14:29:57,,
5125995,846,194,2026-04-06 14:29:57,,
5125996,846,194,2026-04-06 14:29:57,,
5125997,846,194,2026-04-06 14:29:57,,
5125998,846,194,2026-04-06 14:29:57,,
5125999,846,194,2026-04-06 14:29:57,,
5126000,846,194,2026-04-06 14:29:57,,
5126001,846,194,2026-04-06 14:29:57,,
5126002,846,194,2026-04-06 14:29:57,,
5126003,846,194,2026-04-06 14:29:57,,
5126004,846,194,2026-04-06 14:29:57,,
5126005,846,194,2026-04-06 14:29:57,,
5126006,846,194,2026-04-06 14:29:57,,
5126007,846,194,2026-04-06 14:29:57,,
5126008,846,194,2026-04-06 14:29:57,,
5126009,846,194,2026-04-06 14:29:57,,
5126010,846,194,2026-04-06 14:29:57,,
5126011,846,194,2026-04-06 14:29:57,,
5126012,846,194,2026-04-06 14:29:57,,
5126013,846,194,2026-04-06 14:29:57,,
5126014,846,194,2026-04-06 14:29:57,,
5126015,846,194,2026-04-06 14:29:57,,
5126016,846,194,2026-04-06 14:29:57,,
5126017,846,194,2026-04-06 14:29:57,,
5126018,846,194,2026-04-06 14:29:57,,
5126019,846,194,2026-04-06 14:29:57,,
5126020,846,194,2026-04-06 14:29:57,,
5126021,846,194,2026-04-06 14:29:57,,
5126022,846,194,2026-04-06 14:29:57,,
5126023,846,194,2026-04-06 14:29:57,,
5126024,846,194,2026-04-06 14:29:57,,
5126025,846,194,2026-04-06 14:29:57,,
5126026,846,194,2026-04-06 14:29:57,,
5126027,846,194,2026-04-06 14:29:57,,
5126028,846,194,2026-04-06 14:29:57,,
5126029,846,194,2026-04-06 14:29:57,,
5126030,846,194,2026-04-06 14:29:57,,
5126031,846,194,2026-04-06 14:29:57,,
5126032,846,194,2026-04-06 14:29:57,,
5126033,846,194,2026-04-06 14:29:57,,
5126034,846,194,2026-04-06 14:29:57,,
5126035,846,194,2026-04-06 14:29:57,,
5126036,846,194,2026-04-06 14:29:57,,
5126037,846,194,2026-04-06 14:29:57,,
5126038,846,194,2026-04-06 14:29:57,,
5126039,846,194,2026-04-06 14:29:57,,
5126040,846,194,2026-04-06 14:29:57,,
5126041,846,194,2026-04-06 14:29:57,,
5126042,846,194,2026-04-06 14:29:57,,
5126043,846,194,2026-04-06 14:29:57,,
5126044,846,194,2026-04-06 14:29:57,,
5126045,846,194,2026-04-06 14:29:57,,
5126046,846,194,2026-04-06 14:29:57,,
5126047,846,194,2026-04-06 14:29:57,,
5126048,846,194,2026-04-06 14:29:57,,
5126049,846,194,2026-04-06 14:29:57,,
5126050,846,194,2026-04-06 14:29:57,,
5126051,846,194,2026-04-06 14:29:57,,
5126052,846,194,2026-04-06 14:29:57,,
5126053,846,194,2026-04-06 14:29:57,,
5126054,846,194,2026-04-06 14:29:57,,
5126055,846,194,2026-04-06 14:29:57,,
5126056,846,194,2026-04-06 14:29:57,,
5126057,846,194,2026-04-06 14:29:57,,
5126058,846,194,2026-04-06 14:29:57,,
5126059,846,194,2026-04-06 14:29:57,,
5126060,846,194,2026-04-06 14:29:57,,
5126061,846,194,2026-04-06 14:29:57,,
5126062,846,194,2026-04-06 14:29:57,,
5126063,846,194,2026-04-06 14:29:57,,
5126064,846,194,2026-04-06 14:29:57,,
5126065,846,194,2026-04-06 14:29:57,,
5126066,846,194,2026-04-06 14:29:57,,
5126067,846,194,2026-04-06 14:29:57,,
5126068,846,194,2026-04-06 14:29:57,,
5126069,846,194,2026-04-06 14:29:57,,
5126070,846,194,2026-04-06 14:29:57,,
5126071,846,194,2026-04-06 14:29:57,,
5126072,846,194,2026-04-06 14:29:57,,
5126073,846,194,2026-04-06 14:29:57,,
5126074,846,194,2026-04-06 14:29:57,,
5126075,846,194,2026-04-06 14:29:57,,
5126076,846,194,2026-04-06 14:29:57,,
5126077,846,194,2026-04-06 14:29:57,,
5126078,846,194,2026-04-06 14:29:57,,
5126079,846,194,2026-04-06 14:29:57,,
5126080,846,194,2026-04-06 14:29:57,,
5126081,846,194,2026-04-06 14:29:57,,
5126082,846,194,2026-04-06 14:29:57,,
5126083,846,194,2026-04-06 14:29:57,,
5126084,846,194,2026-04-06 14:29:57,,
5126085,846,194,2026-04-06 14:29:57,,
5126086,846,194,2026-04-06 14:29:57,,
5126087,846,194,2026-04-06 14:29:57,,
5126088,846,194,2026-04-06 14:29:57,,
5126089,846,194,2026-04-06 14:29:57,,
5126090,846,194,2026-04-06 14:29:57,,
5126091,846,194,2026-04-06 14:29:57,,
5126092,846,194,2026-04-06 14:29:57,,
5126093,846,194,2026-04-06 14:29:57,,
5126094,846,194,2026-04-06 14:29:57,,
5126095,846,194,2026-04-06 14:29:57,,
5126096,846,194,2026-04-06 14:29:57,,
5126097,846,194,2026-04-06 14:29:57,,
5126098,846,194,2026-04-06 14:29:57,,
5126099,846,194,2026-04-06 14:29:57,,
5126100,846,194,2026-04-06 14:29:57,,
5126101,846,194,2026-04-06 14:29:57,,
5126102,846,194,2026-04-06 14:29:57,,
5126103,846,194,2026-04-06 14:29:57,,
5126104,846,194,2026-04-06 14:29:57,,
5126105,846,194,2026-04-06 14:29:57,,
5126106,846,194,2026-04-06 14:29:57,,
5126107,846,194,2026-04-06 14:29:57,,
5126108,846,194,2026-04-06 14:29:57,,
5126109,846,194,2026-04-06 14:29:57,,
5126110,846,194,2026-04-06 14:29:57,,
5126111,846,194,2026-04-06 14:29:57,,
5126112,846,194,2026-04-06 14:29:57,,
5126113,846,194,2026-04-06 14:29:57,,
5126114,846,194,2026-04-06 14:29:57,,
5126115,846,194,2026-04-06 14:29:57,,
5126116,846,194,2026-04-06 14:29:57,,
5126117,846,194,2026-04-06 14:29:57,,
5126118,846,194,2026-04-06 14:29:57,,
5126119,846,194,2026-04-06 14:29:57,,
5126120,846,194,2026-04-06 14:29:57,,
5126121,846,194,2026-04-06 14:29:57,,
5126122,846,194,2026-04-06 14:29:57,,
5126123,846,194,2026-04-06 14:29:57,,
5126124,846,194,2026-04-06 14:29:57,,
5126125,846,194,2026-04-06 14:29:57,,
5126126,846,194,2026-04-06 14:29:57,,
5126127,846,194,2026-04-06 14:29:57,,
5126128,846,194,2026-04-06 14:29:57,,
5126129,846,194,2026-04-06 14:29:57,,
5126130,846,194,2026-04-06 14:29:57,,
5126131,846,194,2026-04-06 14:29:57,,
5126132,846,194,2026-04-06 14:29:57,,
5126133,846,194,2026-04-06 14:29:57,,
5126134,846,194,2026-04-06 14:29:57,,
5126135,846,194,2026-04-06 14:29:57,,
5126136,846,194,2026-04-06 14:29:57,,
5126137,846,194,2026-04-06 14:29:57,,
5126138,846,194,2026-04-06 14:29:57,,
5126139,846,194,2026-04-06 14:29:57,,
5126140,846,194,2026-04-06 14:29:57,,
5126141,846,194,2026-04-06 14:29:57,,
5126142,846,194,2026-04-06 14:29:57,,
5126143,846,194,2026-04-06 14:29:57,,
5126144,846,194,2026-04-06 14:29:57,,
5126145,846,194,2026-04-06 14:29:57,,
5126146,846,194,2026-04-06 14:29:57,,
5126147,846,194,2026-04-06 14:29:57,,
5126148,846,194,2026-04-06 14:29:57,,
5126149,846,194,2026-04-06 14:29:57,,
5126150,846,194,2026-04-06 14:29:57,,
5126151,846,194,2026-04-06 14:29:57,,
5126152,846,194,2026-04-06 14:29:57,,
5126153,846,194,2026-04-06 14:29:57,,
5126154,846,194,2026-04-06 14:29:57,,
5126155,846,194,2026-04-06 14:29:57,,
5126156,846,194,2026-04-06 14:29:57,,
5126157,846,194,2026-04-06 14:29:57,,
5126158,846,194,2026-04-06 14:29:57,,
5126159,846,194,2026-04-06 14:29:57,,
5126160,846,194,2026-04-06 14:29:57,,
5126161,846,194,2026-04-06 14:29:57,,
5126162,846,194,2026-04-06 14:29:57,,
5126163,846,194,2026-04-06 14:29:57,,
5126164,846,194,2026-04-06 14:29:57,,
5126165,846,194,2026-04-06 14:29:57,,
5126166,846,194,2026-04-06 14:29:57,,
5126167,846,194,2026-04-06 14:29:57,,
5126168,846,194,2026-04-06 14:29:57,,
5126169,846,194,2026-04-06 14:29:57,,
5126170,846,194,2026-04-06 14:29:57,,
5126171,846,194,2026-04-06 14:29:57,,
5126172,846,194,2026-04-06 14:29:57,,
5126173,846,194,2026-04-06 14:29:57,,
5126174,846,194,2026-04-06 14:29:57,,
5126175,846,194,2026-04-06 14:29:57,,
5126176,846,194,2026-04-06 14:29:57,,
5126177,846,194,2026-04-06 14:29:57,,
5126178,846,194,2026-04-06 14:29:57,,
5126179,846,194,2026-04-06 14:29:57,,
5126180,846,194,2026-04-06 14:29:57,,
5126181,846,194,2026-04-06 14:29:57,,
5126182,846,194,2026-04-06 14:29:57,,
5126183,846,194,2026-04-06 14:29:57,,
5126184,846,194,2026-04-06 14:29:57,,
5126185,846,194,2026-04-06 14:29:57,,
5126186,846,194,2026-04-06 14:29:57,,
5126187,846,194,2026-04-06 14:29:57,,
5126188,846,194,2026-04-06 14:29:57,,
5126189,846,194,2026-04-06 14:29:57,,
5126190,846,194,2026-04-06 14:29:57,,
5126191,846,194,2026-04-06 14:29:57,,
5126192,846,194,2026-04-06 14:29:57,,
5126193,846,194,2026-04-06 14:29:57,,
5126194,846,194,2026-04-06 14:29:57,,
5126195,846,194,2026-04-06 14:29:57,,
5126196,846,194,2026-04-06 14:29:57,,
5126197,846,194,2026-04-06 14:29:57,,
5126198,846,194,2026-04-06 14:29:57,,
5126199,846,194,2026-04-06 14:29:57,,
5126200,846,194,2026-04-06 14:29:57,,
5126201,846,194,2026-04-06 14:29:57,,
5126202,846,194,2026-04-06 14:29:57,,
5126203,846,194,2026-04-06 14:29:57,,
5126204,846,194,2026-04-06 14:29:57,,
5126205,846,194,2026-04-06 14:29:57,,
5126206,846,194,2026-04-06 14:29:57,,
5126207,846,194,2026-04-06 14:29:57,,
5126208,846,194,2026-04-06 14:29:57,,
5126209,846,194,2026-04-06 14:29:57,,
5126210,846,194,2026-04-06 14:29:57,,
5126211,846,194,2026-04-06 14:29:57,,
5126212,846,194,2026-04-06 14:29:57,,
5126213,846,194,2026-04-06 14:29:57,,
5126214,846,194,2026-04-06 14:29:57,,
5126215,846,194,2026-04-06 14:29:57,,
5126216,846,194,2026-04-06 14:29:57,,
5126217,846,194,2026-04-06 14:29:57,,
5126218,846,194,2026-04-06 14:29:57,,
5126219,846,194,2026-04-06 14:29:57,,
5126220,846,194,2026-04-06 14:29:57,,
5126221,846,194,2026-04-06 14:29:57,,
5126222,846,194,2026-04-06 14:29:57,,
5126223,846,194,2026-04-06 14:29:57,,
5126224,846,194,2026-04-06 14:29:57,,
5126225,846,194,2026-04-06 14:29:57,,
5126226,846,194,2026-04-06 14:29:57,,
5126227,846,194,2026-04-06 14:29:57,,
5126228,846,194,2026-04-06 14:29:57,,
5126229,846,194,2026-04-06 14:29:57,,
5126230,846,194,2026-04-06 14:29:57,,
5126231,846,194,2026-04-06 14:29:57,,
5126232,846,194,2026-04-06 14:29:57,,
5126233,846,194,2026-04-06 14:29:57,,
5126234,846,194,2026-04-06 14:29:57,,
5126235,846,194,2026-04-06 14:29:57,,
5126236,846,194,2026-04-06 14:29:57,,
5126237,846,194,2026-04-06 14:29:57,,
5126238,846,194,2026-04-06 14:29:57,,
5126239,846,194,2026-04-06 14:29:57,,
5126240,846,194,2026-04-06 14:29:57,,
5126241,846,194,2026-04-06 14:29:57,,
5126242,846,194,2026-04-06 14:29:57,,
5126243,846,194,2026-04-06 14:29:57,,
5126244,846,194,2026-04-06 14:29:57,,
5126245,846,194,2026-04-06 14:29:57,,
5126246,846,194,2026-04-06 14:29:57,,
5126247,846,194,2026-04-06 14:29:57,,
5126248,846,194,2026-04-06 14:29:57,,
5126249,846,194,2026-04-06 14:29:57,,
5126250,846,194,2026-04-06 14:29:57,,
5126251,846,194,2026-04-06 14:29:57,,
5126252,846,194,2026-04-06 14:29:57,,
5126253,846,194,2026-04-06 14:29:57,,
5126254,846,194,2026-04-06 14:29:57,,
5126255,846,194,2026-04-06 14:29:57,,
5126256,846,194,2026-04-06 14:29:57,,
5126257,846,194,2026-04-06 14:29:57,,
5126258,846,194,2026-04-06 14:29:57,,
5126259,846,194,2026-04-06 14:29:57,,
5126260,846,194,2026-04-06 14:29:57,,
5126261,846,194,2026-04-06 14:29:57,,
5126262,846,194,2026-04-06 14:29:57,,
5126263,846,194,2026-04-06 14:29:57,,
5126264,846,194,2026-04-06 14:29:57,,
5126265,846,194,2026-04-06 14:29:57,,
5126266,846,194,2026-04-06 14:29:57,,
5126267,846,194,2026-04-06 14:29:57,,
5126268,846,194,2026-04-06 14:29:57,,
5126269,846,194,2026-04-06 14:29:57,,
5126270,846,194,2026-04-06 14:29:57,,
5126271,846,194,2026-04-06 14:29:57,,
5126272,846,194,2026-04-06 14:29:57,,
5126273,846,194,2026-04-06 14:29:57,,
5126274,846,194,2026-04-06 14:29:57,,
5126275,846,194,2026-04-06 14:29:57,,
5126276,846,194,2026-04-06 14:29:57,,
5126277,846,194,2026-04-06 14:29:57,,
5126278,846,194,2026-04-06 14:29:57,,
5126279,846,194,2026-04-06 14:29:57,,
5126280,846,194,2026-04-06 14:29:57,,
5126281,846,194,2026-04-06 14:29:57,,
5126282,846,194,2026-04-06 14:29:57,,
5126283,846,194,2026-04-06 14:29:57,,
5126284,846,194,2026-04-06 14:29:57,,
5126285,846,194,2026-04-06 14:29:57,,
5126286,846,194,2026-04-06 14:29:57,,
5126287,846,194,2026-04-06 14:29:57,,
5126288,846,194,2026-04-06 14:29:57,,
5126289,846,194,2026-04-06 14:29:57,,
5126290,846,194,2026-04-06 14:29:57,,
5126291,846,194,2026-04-06 14:29:57,,
5126292,846,194,2026-04-06 14:29:57,,
5126293,846,194,2026-04-06 14:29:57,,
5126294,846,194,2026-04-06 14:29:57,,
5126295,846,194,2026-04-06 14:29:57,,
5126896,846,194,2026-04-06 14:29:57,,
5126897,846,194,2026-04-06 14:29:57,,
5126898,846,194,2026-04-06 14:29:57,,
5126899,846,194,2026-04-06 14:29:57,,
5126900,846,194,2026-04-06 14:29:57,,
5126901,846,194,2026-04-06 14:29:57,,
5126902,846,194,2026-04-06 14:29:57,,
5126903,846,194,2026-04-06 14:29:57,,
5126904,846,194,2026-04-06 14:29:57,,
5126905,846,194,2026-04-06 14:29:57,,
5126906,846,194,2026-04-06 14:29:57,,
5126907,846,194,2026-04-06 14:29:57,,
5126908,846,194,2026-04-06 14:29:57,,
5126909,846,194,2026-04-06 14:29:57,,
5126910,846,194,2026-04-06 14:29:57,,
5126911,846,194,2026-04-06 14:29:57,,
5126912,846,194,2026-04-06 14:29:57,,
5126913,846,194,2026-04-06 14:29:57,,
5126914,846,194,2026-04-06 14:29:57,,
5126915,846,194,2026-04-06 14:29:57,,
5126916,846,194,2026-04-06 14:29:57,,
5126917,846,194,2026-04-06 14:29:57,,
5126918,846,194,2026-04-06 14:29:57,,
5126919,846,194,2026-04-06 14:29:57,,
5126920,846,194,2026-04-06 14:29:57,,
5126921,846,194,2026-04-06 14:29:57,,
5126922,846,194,2026-04-06 14:29:57,,
5126923,846,194,2026-04-06 14:29:57,,
5126924,846,194,2026-04-06 14:29:57,,
5126925,846,194,2026-04-06 14:29:57,,
5126926,846,194,2026-04-06 14:29:57,,
5126927,846,194,2026-04-06 14:29:57,,
5126928,846,194,2026-04-06 14:29:57,,
5126929,846,194,2026-04-06 14:29:57,,
5126930,846,194,2026-04-06 14:29:57,,
5126931,846,194,2026-04-06 14:29:57,,
5126932,846,194,2026-04-06 14:29:57,,
5126933,846,194,2026-04-06 14:29:57,,
5126934,846,194,2026-04-06 14:29:57,,
5126935,846,194,2026-04-06 14:29:57,,
5126936,846,194,2026-04-06 14:29:57,,
5126937,846,194,2026-04-06 14:29:57,,
5126938,846,194,2026-04-06 14:29:57,,
5126939,846,194,2026-04-06 14:29:57,,
5126940,846,194,2026-04-06 14:29:57,,
5126941,846,194,2026-04-06 14:29:57,,
5126942,846,194,2026-04-06 14:29:57,,
5126943,846,194,2026-04-06 14:29:57,,
5126944,846,194,2026-04-06 14:29:57,,
5126945,846,194,2026-04-06 14:29:57,,
5126946,846,194,2026-04-06 14:29:57,,
5126947,846,194,2026-04-06 14:29:57,,
5126948,846,194,2026-04-06 14:29:57,,
5126949,846,194,2026-04-06 14:29:57,,
5126950,846,194,2026-04-06 14:29:57,,
5126951,846,194,2026-04-06 14:29:57,,
5126952,846,194,2026-04-06 14:29:57,,
5126953,846,194,2026-04-06 14:29:57,,
5126954,846,194,2026-04-06 14:29:57,,
5126955,846,194,2026-04-06 14:29:57,,
5126956,846,194,2026-04-06 14:29:57,,
5126957,846,194,2026-04-06 14:29:57,,
5126958,846,194,2026-04-06 14:29:57,,
5126959,846,194,2026-04-06 14:29:57,,
5126960,846,194,2026-04-06 14:29:57,,
5126961,846,194,2026-04-06 14:29:57,,
5126962,846,194,2026-04-06 14:29:57,,
5126963,846,194,2026-04-06 14:29:57,,
5126964,846,194,2026-04-06 14:29:57,,
5126965,846,194,2026-04-06 14:29:57,,
5126966,846,194,2026-04-06 14:29:57,,
5126967,846,194,2026-04-06 14:29:57,,
5126968,846,194,2026-04-06 14:29:57,,
5126969,846,194,2026-04-06 14:29:57,,
5126970,846,194,2026-04-06 14:29:57,,
5126971,846,194,2026-04-06 14:29:57,,
5126972,846,194,2026-04-06 14:29:57,,
5126973,846,194,2026-04-06 14:29:57,,
5126974,846,194,2026-04-06 14:29:57,,
5126975,846,194,2026-04-06 14:29:57,,
5126976,846,194,2026-04-06 14:29:57,,
5126977,846,194,2026-04-06 14:29:57,,
5126978,846,194,2026-04-06 14:29:57,,
5126979,846,194,2026-04-06 14:29:57,,
5126980,846,194,2026-04-06 14:29:57,,
5126981,846,194,2026-04-06 14:29:57,,
5126982,846,194,2026-04-06 14:29:57,,
5126983,846,194,2026-04-06 14:29:57,,
5126984,846,194,2026-04-06 14:29:57,,
5126985,846,194,2026-04-06 14:29:57,,
5126986,846,194,2026-04-06 14:29:57,,
5126987,846,194,2026-04-06 14:29:57,,
5126988,846,194,2026-04-06 14:29:57,,
5126989,846,194,2026-04-06 14:29:57,,
5126990,846,194,2026-04-06 14:29:57,,
5126991,846,194,2026-04-06 14:29:57,,
5126992,846,194,2026-04-06 14:29:57,,
5126993,846,194,2026-04-06 14:29:57,,
5126994,846,194,2026-04-06 14:29:57,,
5126995,846,194,2026-04-06 14:29:57,,
5126996,846,194,2026-04-06 14:29:57,,
5126997,846,194,2026-04-06 14:29:57,,
5126998,846,194,2026-04-06 14:29:57,,
5126999,846,194,2026-04-06 14:29:57,,
5127000,846,194,2026-04-06 14:29:57,,
5127001,846,194,2026-04-06 14:29:57,,
5127002,846,194,2026-04-06 14:29:57,,
5127003,846,194,2026-04-06 14:29:57,,
5127004,846,194,2026-04-06 14:29:57,,
5127005,846,194,2026-04-06 14:29:57,,
5127006,846,194,2026-04-06 14:29:57,,
5127007,846,194,2026-04-06 14:29:57,,
5127008,846,194,2026-04-06 14:29:57,,
5127009,846,194,2026-04-06 14:29:57,,
5127010,846,194,2026-04-06 14:29:57,,
5127011,846,194,2026-04-06 14:29:57,,
5127012,846,194,2026-04-06 14:29:57,,
5127013,846,194,2026-04-06 14:29:57,,
5127014,846,194,2026-04-06 14:29:57,,
5127015,846,194,2026-04-06 14:29:57,,
5127016,846,194,2026-04-06 14:29:57,,
5127017,846,194,2026-04-06 14:29:57,,
5127018,846,194,2026-04-06 14:29:57,,
5127019,846,194,2026-04-06 14:29:57,,
5127020,846,194,2026-04-06 14:29:57,,
5127021,846,194,2026-04-06 14:29:57,,
5127022,846,194,2026-04-06 14:29:57,,
5127023,846,194,2026-04-06 14:29:57,,
5127024,846,194,2026-04-06 14:29:57,,
5127025,846,194,2026-04-06 14:29:57,,
5127026,846,194,2026-04-06 14:29:57,,
5127027,846,194,2026-04-06 14:29:57,,
5127028,846,194,2026-04-06 14:29:57,,
5127029,846,194,2026-04-06 14:29:57,,
5127030,846,194,2026-04-06 14:29:57,,
5127031,846,194,2026-04-06 14:29:57,,
5127032,846,194,2026-04-06 14:29:57,,
5127033,846,194,2026-04-06 14:29:57,,
5127034,846,194,2026-04-06 14:29:57,,
5127035,846,194,2026-04-06 14:29:57,,
5127036,846,194,2026-04-06 14:29:57,,
5127037,846,194,2026-04-06 14:29:57,,
5127038,846,194,2026-04-06 14:29:57,,
5127039,846,194,2026-04-06 14:29:57,,
5127040,846,194,2026-04-06 14:29:57,,
5127041,846,194,2026-04-06 14:29:57,,
5127042,846,194,2026-04-06 14:29:57,,
5127043,846,194,2026-04-06 14:29:57,,
5127044,846,194,2026-04-06 14:29:57,,
5127045,846,194,2026-04-06 14:29:57,,
5127046,846,194,2026-04-06 14:29:57,,
5127047,846,194,2026-04-06 14:29:57,,
5127048,846,194,2026-04-06 14:29:57,,
5127049,846,194,2026-04-06 14:29:57,,
5127050,846,194,2026-04-06 14:29:57,,
5127051,846,194,2026-04-06 14:29:57,,
5127052,846,194,2026-04-06 14:29:57,,
5127053,846,194,2026-04-06 14:29:57,,
5127054,846,194,2026-04-06 14:29:57,,
5127055,846,194,2026-04-06 14:29:57,,
5127056,846,194,2026-04-06 14:29:57,,
5127057,846,194,2026-04-06 14:29:57,,
5127058,846,194,2026-04-06 14:29:57,,
5127059,846,194,2026-04-06 14:29:57,,
5127060,846,194,2026-04-06 14:29:57,,
5127061,846,194,2026-04-06 14:29:57,,
5127062,846,194,2026-04-06 14:29:57,,
5127063,846,194,2026-04-06 14:29:57,,
5127064,846,194,2026-04-06 14:29:57,,
5127065,846,194,2026-04-06 14:29:57,,
5127066,846,194,2026-04-06 14:29:57,,
5127067,846,194,2026-04-06 14:29:57,,
5127068,846,194,2026-04-06 14:29:57,,
5127069,846,194,2026-04-06 14:29:57,,
5127070,846,194,2026-04-06 14:29:57,,
5127071,846,194,2026-04-06 14:29:57,,
5127072,846,194,2026-04-06 14:29:57,,
5127073,846,194,2026-04-06 14:29:57,,
5127074,846,194,2026-04-06 14:29:57,,
5127075,846,194,2026-04-06 14:29:57,,
5127076,846,194,2026-04-06 14:29:57,,
5127077,846,194,2026-04-06 14:29:57,,
5127078,846,194,2026-04-06 14:29:57,,
5127079,846,194,2026-04-06 14:29:57,,
5127080,846,194,2026-04-06 14:29:57,,
5127081,846,194,2026-04-06 14:29:57,,
5127082,846,194,2026-04-06 14:29:57,,
5127083,846,194,2026-04-06 14:29:57,,
5127084,846,194,2026-04-06 14:29:57,,
5127085,846,194,2026-04-06 14:29:57,,
5127086,846,194,2026-04-06 14:29:57,,
5127087,846,194,2026-04-06 14:29:57,,
5127088,846,194,2026-04-06 14:29:57,,
5127089,846,194,2026-04-06 14:29:57,,
5127090,846,194,2026-04-06 14:29:57,,
5127091,846,194,2026-04-06 14:29:57,,
5127092,846,194,2026-04-06 14:29:57,,
5127093,846,194,2026-04-06 14:29:57,,
5127094,846,194,2026-04-06 14:29:57,,
5127095,846,194,2026-04-06 14:29:57,,
5126296,846,194,2026-04-06 14:29:57,,
5126297,846,194,2026-04-06 14:29:57,,
5126298,846,194,2026-04-06 14:29:57,,
5126299,846,194,2026-04-06 14:29:57,,
5126300,846,194,2026-04-06 14:29:57,,
5126301,846,194,2026-04-06 14:29:57,,
5126302,846,194,2026-04-06 14:29:57,,
5126303,846,194,2026-04-06 14:29:57,,
5126304,846,194,2026-04-06 14:29:57,,
5126305,846,194,2026-04-06 14:29:57,,
5126306,846,194,2026-04-06 14:29:57,,
5126307,846,194,2026-04-06 14:29:57,,
5126308,846,194,2026-04-06 14:29:57,,
5126309,846,194,2026-04-06 14:29:57,,
5126310,846,194,2026-04-06 14:29:57,,
5126311,846,194,2026-04-06 14:29:57,,
5126312,846,194,2026-04-06 14:29:57,,
5126313,846,194,2026-04-06 14:29:57,,
5126314,846,194,2026-04-06 14:29:57,,
5126315,846,194,2026-04-06 14:29:57,,
5126316,846,194,2026-04-06 14:29:57,,
5126317,846,194,2026-04-06 14:29:57,,
5126318,846,194,2026-04-06 14:29:57,,
5126319,846,194,2026-04-06 14:29:57,,
5126320,846,194,2026-04-06 14:29:57,,
5126321,846,194,2026-04-06 14:29:57,,
5126322,846,194,2026-04-06 14:29:57,,
5126323,846,194,2026-04-06 14:29:57,,
5126324,846,194,2026-04-06 14:29:57,,
5126325,846,194,2026-04-06 14:29:57,,
5126326,846,194,2026-04-06 14:29:57,,
5126327,846,194,2026-04-06 14:29:57,,
5126328,846,194,2026-04-06 14:29:57,,
5126329,846,194,2026-04-06 14:29:57,,
5126330,846,194,2026-04-06 14:29:57,,
5126331,846,194,2026-04-06 14:29:57,,
5126332,846,194,2026-04-06 14:29:57,,
5126333,846,194,2026-04-06 14:29:57,,
5126334,846,194,2026-04-06 14:29:57,,
5126335,846,194,2026-04-06 14:29:57,,
5126336,846,194,2026-04-06 14:29:57,,
5126337,846,194,2026-04-06 14:29:57,,
5126338,846,194,2026-04-06 14:29:57,,
5126339,846,194,2026-04-06 14:29:57,,
5126340,846,194,2026-04-06 14:29:57,,
5126341,846,194,2026-04-06 14:29:57,,
5126342,846,194,2026-04-06 14:29:57,,
5126343,846,194,2026-04-06 14:29:57,,
5126344,846,194,2026-04-06 14:29:57,,
5126345,846,194,2026-04-06 14:29:57,,
5126346,846,194,2026-04-06 14:29:57,,
5126347,846,194,2026-04-06 14:29:57,,
5126348,846,194,2026-04-06 14:29:57,,
5126349,846,194,2026-04-06 14:29:57,,
5126350,846,194,2026-04-06 14:29:57,,
5126351,846,194,2026-04-06 14:29:57,,
5126352,846,194,2026-04-06 14:29:57,,
5126353,846,194,2026-04-06 14:29:57,,
5126354,846,194,2026-04-06 14:29:57,,
5126355,846,194,2026-04-06 14:29:57,,
5126356,846,194,2026-04-06 14:29:57,,
5126357,846,194,2026-04-06 14:29:57,,
5126358,846,194,2026-04-06 14:29:57,,
5126359,846,194,2026-04-06 14:29:57,,
5126360,846,194,2026-04-06 14:29:57,,
5126361,846,194,2026-04-06 14:29:57,,
5126362,846,194,2026-04-06 14:29:57,,
5126363,846,194,2026-04-06 14:29:57,,
5126364,846,194,2026-04-06 14:29:57,,
5126365,846,194,2026-04-06 14:29:57,,
5126366,846,194,2026-04-06 14:29:57,,
5126367,846,194,2026-04-06 14:29:57,,
5126368,846,194,2026-04-06 14:29:57,,
5126369,846,194,2026-04-06 14:29:57,,
5126370,846,194,2026-04-06 14:29:57,,
5126371,846,194,2026-04-06 14:29:57,,
5126372,846,194,2026-04-06 14:29:57,,
5126373,846,194,2026-04-06 14:29:57,,
5126374,846,194,2026-04-06 14:29:57,,
5126375,846,194,2026-04-06 14:29:57,,
5126376,846,194,2026-04-06 14:29:57,,
5126377,846,194,2026-04-06 14:29:57,,
5126378,846,194,2026-04-06 14:29:57,,
5126379,846,194,2026-04-06 14:29:57,,
5126380,846,194,2026-04-06 14:29:57,,
5126381,846,194,2026-04-06 14:29:57,,
5126382,846,194,2026-04-06 14:29:57,,
5126383,846,194,2026-04-06 14:29:57,,
5126384,846,194,2026-04-06 14:29:57,,
5126385,846,194,2026-04-06 14:29:57,,
5126386,846,194,2026-04-06 14:29:57,,
5126387,846,194,2026-04-06 14:29:57,,
5126388,846,194,2026-04-06 14:29:57,,
5126389,846,194,2026-04-06 14:29:57,,
5126390,846,194,2026-04-06 14:29:57,,
5126391,846,194,2026-04-06 14:29:57,,
5126392,846,194,2026-04-06 14:29:57,,
5126393,846,194,2026-04-06 14:29:57,,
5126394,846,194,2026-04-06 14:29:57,,
5126395,846,194,2026-04-06 14:29:57,,
5126396,846,194,2026-04-06 14:29:57,,
5126397,846,194,2026-04-06 14:29:57,,
5126398,846,194,2026-04-06 14:29:57,,
5126399,846,194,2026-04-06 14:29:57,,
5126400,846,194,2026-04-06 14:29:57,,
5126401,846,194,2026-04-06 14:29:57,,
5126402,846,194,2026-04-06 14:29:57,,
5126403,846,194,2026-04-06 14:29:57,,
5126404,846,194,2026-04-06 14:29:57,,
5126405,846,194,2026-04-06 14:29:57,,
5126406,846,194,2026-04-06 14:29:57,,
5126407,846,194,2026-04-06 14:29:57,,
5126408,846,194,2026-04-06 14:29:57,,
5126409,846,194,2026-04-06 14:29:57,,
5126410,846,194,2026-04-06 14:29:57,,
5126411,846,194,2026-04-06 14:29:57,,
5126412,846,194,2026-04-06 14:29:57,,
5126413,846,194,2026-04-06 14:29:57,,
5126414,846,194,2026-04-06 14:29:57,,
5126415,846,194,2026-04-06 14:29:57,,
5126416,846,194,2026-04-06 14:29:57,,
5126417,846,194,2026-04-06 14:29:57,,
5126418,846,194,2026-04-06 14:29:57,,
5126419,846,194,2026-04-06 14:29:57,,
5126420,846,194,2026-04-06 14:29:57,,
5126421,846,194,2026-04-06 14:29:57,,
5126422,846,194,2026-04-06 14:29:57,,
5126423,846,194,2026-04-06 14:29:57,,
5126424,846,194,2026-04-06 14:29:57,,
5126425,846,194,2026-04-06 14:29:57,,
5126426,846,194,2026-04-06 14:29:57,,
5126427,846,194,2026-04-06 14:29:57,,
5126428,846,194,2026-04-06 14:29:57,,
5126429,846,194,2026-04-06 14:29:57,,
5126430,846,194,2026-04-06 14:29:57,,
5126431,846,194,2026-04-06 14:29:57,,
5126432,846,194,2026-04-06 14:29:57,,
5126433,846,194,2026-04-06 14:29:57,,
5126434,846,194,2026-04-06 14:29:57,,
5126435,846,194,2026-04-06 14:29:57,,
5126436,846,194,2026-04-06 14:29:57,,
5126437,846,194,2026-04-06 14:29:57,,
5126438,846,194,2026-04-06 14:29:57,,
5126439,846,194,2026-04-06 14:29:57,,
5126440,846,194,2026-04-06 14:29:57,,
5126441,846,194,2026-04-06 14:29:57,,
5126442,846,194,2026-04-06 14:29:57,,
5126443,846,194,2026-04-06 14:29:57,,
5126444,846,194,2026-04-06 14:29:57,,
5126445,846,194,2026-04-06 14:29:57,,
5126446,846,194,2026-04-06 14:29:57,,
5126447,846,194,2026-04-06 14:29:57,,
5126448,846,194,2026-04-06 14:29:57,,
5126449,846,194,2026-04-06 14:29:57,,
5126450,846,194,2026-04-06 14:29:57,,
5126451,846,194,2026-04-06 14:29:57,,
5126452,846,194,2026-04-06 14:29:57,,
5126453,846,194,2026-04-06 14:29:57,,
5126454,846,194,2026-04-06 14:29:57,,
5126455,846,194,2026-04-06 14:29:57,,
5126456,846,194,2026-04-06 14:29:57,,
5126457,846,194,2026-04-06 14:29:57,,
5126458,846,194,2026-04-06 14:29:57,,
5126459,846,194,2026-04-06 14:29:57,,
5126460,846,194,2026-04-06 14:29:57,,
5126461,846,194,2026-04-06 14:29:57,,
5126462,846,194,2026-04-06 14:29:57,,
5126463,846,194,2026-04-06 14:29:57,,
5126464,846,194,2026-04-06 14:29:57,,
5126465,846,194,2026-04-06 14:29:57,,
5126466,846,194,2026-04-06 14:29:57,,
5126467,846,194,2026-04-06 14:29:57,,
5126468,846,194,2026-04-06 14:29:57,,
5126469,846,194,2026-04-06 14:29:57,,
5126470,846,194,2026-04-06 14:29:57,,
5126471,846,194,2026-04-06 14:29:57,,
5126472,846,194,2026-04-06 14:29:57,,
5126473,846,194,2026-04-06 14:29:57,,
5126474,846,194,2026-04-06 14:29:57,,
5126475,846,194,2026-04-06 14:29:57,,
5126476,846,194,2026-04-06 14:29:57,,
5126477,846,194,2026-04-06 14:29:57,,
5126478,846,194,2026-04-06 14:29:57,,
5126479,846,194,2026-04-06 14:29:57,,
5126480,846,194,2026-04-06 14:29:57,,
5126481,846,194,2026-04-06 14:29:57,,
5126482,846,194,2026-04-06 14:29:57,,
5126483,846,194,2026-04-06 14:29:57,,
5126484,846,194,2026-04-06 14:29:57,,
5126485,846,194,2026-04-06 14:29:57,,
5126486,846,194,2026-04-06 14:29:57,,
5126487,846,194,2026-04-06 14:29:57,,
5126488,846,194,2026-04-06 14:29:57,,
5126489,846,194,2026-04-06 14:29:57,,
5126490,846,194,2026-04-06 14:29:57,,
5126491,846,194,2026-04-06 14:29:57,,
5126492,846,194,2026-04-06 14:29:57,,
5126493,846,194,2026-04-06 14:29:57,,
5126494,846,194,2026-04-06 14:29:57,,
5126495,846,194,2026-04-06 14:29:57,,
5127096,846,194,2026-04-06 14:29:57,,
5127097,846,194,2026-04-06 14:29:57,,
5127098,846,194,2026-04-06 14:29:57,,
5127099,846,194,2026-04-06 14:29:57,,
5127100,846,194,2026-04-06 14:29:57,,
5127101,846,194,2026-04-06 14:29:57,,
5127102,846,194,2026-04-06 14:29:57,,
5127103,846,194,2026-04-06 14:29:57,,
5127104,846,194,2026-04-06 14:29:57,,
5127105,846,194,2026-04-06 14:29:57,,
5127106,846,194,2026-04-06 14:29:57,,
5127107,846,194,2026-04-06 14:29:57,,
5127108,846,194,2026-04-06 14:29:57,,
5127109,846,194,2026-04-06 14:29:57,,
5127110,846,194,2026-04-06 14:29:57,,
5127111,846,194,2026-04-06 14:29:57,,
5127112,846,194,2026-04-06 14:29:57,,
5127113,846,194,2026-04-06 14:29:57,,
5127114,846,194,2026-04-06 14:29:57,,
5127115,846,194,2026-04-06 14:29:57,,
5127116,846,194,2026-04-06 14:29:57,,
5127117,846,194,2026-04-06 14:29:57,,
5127118,846,194,2026-04-06 14:29:57,,
5127119,846,194,2026-04-06 14:29:57,,
5127120,846,194,2026-04-06 14:29:57,,
5127121,846,194,2026-04-06 14:29:57,,
5127122,846,194,2026-04-06 14:29:57,,
5127123,846,194,2026-04-06 14:29:57,,
5127124,846,194,2026-04-06 14:29:57,,
5127125,846,194,2026-04-06 14:29:57,,
5127126,846,194,2026-04-06 14:29:57,,
5127127,846,194,2026-04-06 14:29:57,,
5127128,846,194,2026-04-06 14:29:57,,
5127129,846,194,2026-04-06 14:29:57,,
5127130,846,194,2026-04-06 14:29:57,,
5127131,846,194,2026-04-06 14:29:57,,
5127132,846,194,2026-04-06 14:29:57,,
5127133,846,194,2026-04-06 14:29:57,,
5127134,846,194,2026-04-06 14:29:57,,
5127135,846,194,2026-04-06 14:29:57,,
5127136,846,194,2026-04-06 14:29:57,,
5127137,846,194,2026-04-06 14:29:57,,
5127138,846,194,2026-04-06 14:29:57,,
5127139,846,194,2026-04-06 14:29:57,,
5127140,846,194,2026-04-06 14:29:57,,
5127141,846,194,2026-04-06 14:29:57,,
5127142,846,194,2026-04-06 14:29:57,,
5127143,846,194,2026-04-06 14:29:57,,
5127144,846,194,2026-04-06 14:29:57,,
5127145,846,194,2026-04-06 14:29:57,,
5127146,846,194,2026-04-06 14:29:57,,
5127147,846,194,2026-04-06 14:29:57,,
5127148,846,194,2026-04-06 14:29:57,,
5127149,846,194,2026-04-06 14:29:57,,
5127150,846,194,2026-04-06 14:29:57,,
5127151,846,194,2026-04-06 14:29:57,,
5127152,846,194,2026-04-06 14:29:57,,
5127153,846,194,2026-04-06 14:29:57,,
5127154,846,194,2026-04-06 14:29:57,,
5127155,846,194,2026-04-06 14:29:57,,
5127156,846,194,2026-04-06 14:29:57,,
5127157,846,194,2026-04-06 14:29:57,,
5127158,846,194,2026-04-06 14:29:57,,
5127159,846,194,2026-04-06 14:29:57,,
5127160,846,194,2026-04-06 14:29:57,,
5127161,846,194,2026-04-06 14:29:57,,
5127162,846,194,2026-04-06 14:29:57,,
5127163,846,194,2026-04-06 14:29:57,,
5127164,846,194,2026-04-06 14:29:57,,
5127165,846,194,2026-04-06 14:29:57,,
5127166,846,194,2026-04-06 14:29:57,,
5127167,846,194,2026-04-06 14:29:57,,
5127168,846,194,2026-04-06 14:29:57,,
5127169,846,194,2026-04-06 14:29:57,,
5127170,846,194,2026-04-06 14:29:57,,
5127171,846,194,2026-04-06 14:29:57,,
5127172,846,194,2026-04-06 14:29:57,,
5127173,846,194,2026-04-06 14:29:57,,
5127174,846,194,2026-04-06 14:29:57,,
5127175,846,194,2026-04-06 14:29:57,,
5127176,846,194,2026-04-06 14:29:57,,
5127177,846,194,2026-04-06 14:29:57,,
5127178,846,194,2026-04-06 14:29:57,,
5127179,846,194,2026-04-06 14:29:57,,
5127180,846,194,2026-04-06 14:29:57,,
5127181,846,194,2026-04-06 14:29:57,,
5127182,846,194,2026-04-06 14:29:57,,
5127183,846,194,2026-04-06 14:29:57,,
5127184,846,194,2026-04-06 14:29:57,,
5127185,846,194,2026-04-06 14:29:57,,
5127186,846,194,2026-04-06 14:29:57,,
5127187,846,194,2026-04-06 14:29:57,,
5127188,846,194,2026-04-06 14:29:57,,
5127189,846,194,2026-04-06 14:29:57,,
5127190,846,194,2026-04-06 14:29:57,,
5127191,846,194,2026-04-06 14:29:57,,
5127192,846,194,2026-04-06 14:29:57,,
5127193,846,194,2026-04-06 14:29:57,,
5127194,846,194,2026-04-06 14:29:57,,
5127195,846,194,2026-04-06 14:29:57,,
5127196,846,194,2026-04-06 14:29:57,,
5127197,846,194,2026-04-06 14:29:57,,
5127198,846,194,2026-04-06 14:29:57,,
5127199,846,194,2026-04-06 14:29:57,,
5127200,846,194,2026-04-06 14:29:57,,
5127201,846,194,2026-04-06 14:29:57,,
5127202,846,194,2026-04-06 14:29:57,,
5127203,846,194,2026-04-06 14:29:57,,
5127204,846,194,2026-04-06 14:29:57,,
5127205,846,194,2026-04-06 14:29:57,,
5127206,846,194,2026-04-06 14:29:57,,
5127207,846,194,2026-04-06 14:29:57,,
5127208,846,194,2026-04-06 14:29:57,,
5127209,846,194,2026-04-06 14:29:57,,
5127210,846,194,2026-04-06 14:29:57,,
5127211,846,194,2026-04-06 14:29:57,,
5127212,846,194,2026-04-06 14:29:57,,
5127213,846,194,2026-04-06 14:29:57,,
5127214,846,194,2026-04-06 14:29:57,,
5127215,846,194,2026-04-06 14:29:57,,
5127216,846,194,2026-04-06 14:29:57,,
5127217,846,194,2026-04-06 14:29:57,,
5127218,846,194,2026-04-06 14:29:57,,
5127219,846,194,2026-04-06 14:29:57,,
5127220,846,194,2026-04-06 14:29:57,,
5127221,846,194,2026-04-06 14:29:57,,
5127222,846,194,2026-04-06 14:29:57,,
5127223,846,194,2026-04-06 14:29:57,,
5127224,846,194,2026-04-06 14:29:57,,
5127225,846,194,2026-04-06 14:29:57,,
5127226,846,194,2026-04-06 14:29:57,,
5127227,846,194,2026-04-06 14:29:57,,
5127228,846,194,2026-04-06 14:29:57,,
5127229,846,194,2026-04-06 14:29:57,,
5127230,846,194,2026-04-06 14:29:57,,
5127231,846,194,2026-04-06 14:29:57,,
5127232,846,194,2026-04-06 14:29:57,,
5127233,846,194,2026-04-06 14:29:57,,
5127234,846,194,2026-04-06 14:29:57,,
5127235,846,194,2026-04-06 14:29:57,,
5127236,846,194,2026-04-06 14:29:57,,
5127237,846,194,2026-04-06 14:29:57,,
5127238,846,194,2026-04-06 14:29:57,,
5127239,846,194,2026-04-06 14:29:57,,
5127240,846,194,2026-04-06 14:29:57,,
5127241,846,194,2026-04-06 14:29:57,,
5127242,846,194,2026-04-06 14:29:57,,
5127243,846,194,2026-04-06 14:29:57,,
5127244,846,194,2026-04-06 14:29:57,,
5127245,846,194,2026-04-06 14:29:57,,
5127246,846,194,2026-04-06 14:29:57,,
5127247,846,194,2026-04-06 14:29:57,,
5127248,846,194,2026-04-06 14:29:57,,
5127249,846,194,2026-04-06 14:29:57,,
5127250,846,194,2026-04-06 14:29:57,,
5127251,846,194,2026-04-06 14:29:57,,
5127252,846,194,2026-04-06 14:29:57,,
5127253,846,194,2026-04-06 14:29:57,,
5127254,846,194,2026-04-06 14:29:57,,
5127255,846,194,2026-04-06 14:29:57,,
5127256,846,194,2026-04-06 14:29:57,,
5127257,846,194,2026-04-06 14:29:57,,
5127258,846,194,2026-04-06 14:29:57,,
5127259,846,194,2026-04-06 14:29:57,,
5127260,846,194,2026-04-06 14:29:57,,
5127261,846,194,2026-04-06 14:29:57,,
5127262,846,194,2026-04-06 14:29:57,,
5127263,846,194,2026-04-06 14:29:57,,
5127264,846,194,2026-04-06 14:29:57,,
5127265,846,194,2026-04-06 14:29:57,,
5127266,846,194,2026-04-06 14:29:57,,
5127267,846,194,2026-04-06 14:29:57,,
5127268,846,194,2026-04-06 14:29:57,,
5127269,846,194,2026-04-06 14:29:57,,
5127270,846,194,2026-04-06 14:29:57,,
5127271,846,194,2026-04-06 14:29:57,,
5127272,846,194,2026-04-06 14:29:57,,
5127273,846,194,2026-04-06 14:29:57,,
5127274,846,194,2026-04-06 14:29:57,,
5127275,846,194,2026-04-06 14:29:57,,
5127276,846,194,2026-04-06 14:29:57,,
5127277,846,194,2026-04-06 14:29:57,,
5127278,846,194,2026-04-06 14:29:57,,
5127279,846,194,2026-04-06 14:29:57,,
5127280,846,194,2026-04-06 14:29:57,,
5127281,846,194,2026-04-06 14:29:57,,
5127282,846,194,2026-04-06 14:29:57,,
5127283,846,194,2026-04-06 14:29:57,,
5127284,846,194,2026-04-06 14:29:57,,
5127285,846,194,2026-04-06 14:29:57,,
5127286,846,194,2026-04-06 14:29:57,,
5127287,846,194,2026-04-06 14:29:57,,
5127288,846,194,2026-04-06 14:29:57,,
5127289,846,194,2026-04-06 14:29:57,,
5127290,846,194,2026-04-06 14:29:57,,
5127291,846,194,2026-04-06 14:29:57,,
5127292,846,194,2026-04-06 14:29:57,,
5127293,846,194,2026-04-06 14:29:57,,
5127294,846,194,2026-04-06 14:29:57,,
5127295,846,194,2026-04-06 14:29:57,,
5127496,846,194,2026-04-06 14:29:57,,
5127497,846,194,2026-04-06 14:29:57,,
5127498,846,194,2026-04-06 14:29:57,,
5127499,846,194,2026-04-06 14:29:57,,
5127500,846,194,2026-04-06 14:29:57,,
5127501,846,194,2026-04-06 14:29:57,,
5127502,846,194,2026-04-06 14:29:57,,
5127503,846,194,2026-04-06 14:29:57,,
5127504,846,194,2026-04-06 14:29:57,,
5127505,846,194,2026-04-06 14:29:57,,
5127506,846,194,2026-04-06 14:29:57,,
5127507,846,194,2026-04-06 14:29:57,,
5127508,846,194,2026-04-06 14:29:57,,
5127509,846,194,2026-04-06 14:29:57,,
5127510,846,194,2026-04-06 14:29:57,,
5127511,846,194,2026-04-06 14:29:57,,
5127512,846,194,2026-04-06 14:29:57,,
5127513,846,194,2026-04-06 14:29:57,,
5127514,846,194,2026-04-06 14:29:57,,
5127515,846,194,2026-04-06 14:29:57,,
5127516,846,194,2026-04-06 14:29:57,,
5127517,846,194,2026-04-06 14:29:57,,
5127518,846,194,2026-04-06 14:29:57,,
5127519,846,194,2026-04-06 14:29:57,,
5127520,846,194,2026-04-06 14:29:57,,
5127521,846,194,2026-04-06 14:29:57,,
5127522,846,194,2026-04-06 14:29:57,,
5127523,846,194,2026-04-06 14:29:57,,
5127524,846,194,2026-04-06 14:29:57,,
5127525,846,194,2026-04-06 14:29:57,,
5127526,846,194,2026-04-06 14:29:57,,
5127527,846,194,2026-04-06 14:29:57,,
5127528,846,194,2026-04-06 14:29:57,,
5127529,846,194,2026-04-06 14:29:57,,
5127530,846,194,2026-04-06 14:29:57,,
5127531,846,194,2026-04-06 14:29:57,,
5127532,846,194,2026-04-06 14:29:57,,
5127533,846,194,2026-04-06 14:29:57,,
5127534,846,194,2026-04-06 14:29:57,,
5127535,846,194,2026-04-06 14:29:57,,
5127536,846,194,2026-04-06 14:29:57,,
5127537,846,194,2026-04-06 14:29:57,,
5127538,846,194,2026-04-06 14:29:57,,
5127539,846,194,2026-04-06 14:29:57,,
5127540,846,194,2026-04-06 14:29:57,,
5127541,846,194,2026-04-06 14:29:57,,
5127542,846,194,2026-04-06 14:29:57,,
5127543,846,194,2026-04-06 14:29:57,,
5127544,846,194,2026-04-06 14:29:57,,
5127545,846,194,2026-04-06 14:29:57,,
5127546,846,194,2026-04-06 14:29:57,,
5127547,846,194,2026-04-06 14:29:57,,
5127548,846,194,2026-04-06 14:29:57,,
5127549,846,194,2026-04-06 14:29:57,,
5127550,846,194,2026-04-06 14:29:57,,
5127551,846,194,2026-04-06 14:29:57,,
5127552,846,194,2026-04-06 14:29:57,,
5127553,846,194,2026-04-06 14:29:57,,
5127554,846,194,2026-04-06 14:29:57,,
5127555,846,194,2026-04-06 14:29:57,,
5127556,846,194,2026-04-06 14:29:57,,
5127557,846,194,2026-04-06 14:29:57,,
5127558,846,194,2026-04-06 14:29:57,,
5127559,846,194,2026-04-06 14:29:57,,
5127560,846,194,2026-04-06 14:29:57,,
5127561,846,194,2026-04-06 14:29:57,,
5127562,846,194,2026-04-06 14:29:57,,
5127563,846,194,2026-04-06 14:29:57,,
5127564,846,194,2026-04-06 14:29:57,,
5127565,846,194,2026-04-06 14:29:57,,
5127566,846,194,2026-04-06 14:29:57,,
5127567,846,194,2026-04-06 14:29:57,,
5127568,846,194,2026-04-06 14:29:57,,
5127569,846,194,2026-04-06 14:29:57,,
5127570,846,194,2026-04-06 14:29:57,,
5127571,846,194,2026-04-06 14:29:57,,
5127572,846,194,2026-04-06 14:29:57,,
5127573,846,194,2026-04-06 14:29:57,,
5127574,846,194,2026-04-06 14:29:57,,
5127575,846,194,2026-04-06 14:29:57,,
5127576,846,194,2026-04-06 14:29:57,,
5127577,846,194,2026-04-06 14:29:57,,
5127578,846,194,2026-04-06 14:29:57,,
5127579,846,194,2026-04-06 14:29:57,,
5127580,846,194,2026-04-06 14:29:57,,
5127581,846,194,2026-04-06 14:29:57,,
5127582,846,194,2026-04-06 14:29:57,,
5127583,846,194,2026-04-06 14:29:57,,
5127584,846,194,2026-04-06 14:29:57,,
5127585,846,194,2026-04-06 14:29:57,,
5127586,846,194,2026-04-06 14:29:57,,
5127587,846,194,2026-04-06 14:29:57,,
5127588,846,194,2026-04-06 14:29:57,,
5127589,846,194,2026-04-06 14:29:57,,
5127590,846,194,2026-04-06 14:29:57,,
5127591,846,194,2026-04-06 14:29:57,,
5127592,846,194,2026-04-06 14:29:57,,
5127593,846,194,2026-04-06 14:29:57,,
5127594,846,194,2026-04-06 14:29:57,,
5127595,846,194,2026-04-06 14:29:57,,
5127596,846,194,2026-04-06 14:29:57,,
5127597,846,194,2026-04-06 14:29:57,,
5127598,846,194,2026-04-06 14:29:57,,
5127599,846,194,2026-04-06 14:29:57,,
5127600,846,194,2026-04-06 14:29:57,,
5127601,846,194,2026-04-06 14:29:57,,
5127602,846,194,2026-04-06 14:29:57,,
5127603,846,194,2026-04-06 14:29:57,,
5127604,846,194,2026-04-06 14:29:57,,
5127605,846,194,2026-04-06 14:29:57,,
5127606,846,194,2026-04-06 14:29:57,,
5127607,846,194,2026-04-06 14:29:57,,
5127608,846,194,2026-04-06 14:29:57,,
5127609,846,194,2026-04-06 14:29:57,,
5127610,846,194,2026-04-06 14:29:57,,
5127611,846,194,2026-04-06 14:29:57,,
5127612,846,194,2026-04-06 14:29:57,,
5127613,846,194,2026-04-06 14:29:57,,
5127614,846,194,2026-04-06 14:29:57,,
5127615,846,194,2026-04-06 14:29:57,,
5127616,846,194,2026-04-06 14:29:57,,
5127617,846,194,2026-04-06 14:29:57,,
5127618,846,194,2026-04-06 14:29:57,,
5127619,846,194,2026-04-06 14:29:57,,
5127620,846,194,2026-04-06 14:29:57,,
5127621,846,194,2026-04-06 14:29:57,,
5127622,846,194,2026-04-06 14:29:57,,
5127623,846,194,2026-04-06 14:29:57,,
5127624,846,194,2026-04-06 14:29:57,,
5127625,846,194,2026-04-06 14:29:57,,
5127626,846,194,2026-04-06 14:29:57,,
5127627,846,194,2026-04-06 14:29:57,,
5127628,846,194,2026-04-06 14:29:57,,
5127629,846,194,2026-04-06 14:29:57,,
5127630,846,194,2026-04-06 14:29:57,,
5127631,846,194,2026-04-06 14:29:57,,
5127632,846,194,2026-04-06 14:29:57,,
5127633,846,194,2026-04-06 14:29:57,,
5127634,846,194,2026-04-06 14:29:57,,
5127635,846,194,2026-04-06 14:29:57,,
5127636,846,194,2026-04-06 14:29:57,,
5127637,846,194,2026-04-06 14:29:57,,
5127638,846,194,2026-04-06 14:29:57,,
5127639,846,194,2026-04-06 14:29:57,,
5127640,846,194,2026-04-06 14:29:57,,
5127641,846,194,2026-04-06 14:29:57,,
5127642,846,194,2026-04-06 14:29:57,,
5127643,846,194,2026-04-06 14:29:57,,
5127644,846,194,2026-04-06 14:29:57,,
5127645,846,194,2026-04-06 14:29:57,,
5127646,846,194,2026-04-06 14:29:57,,
5127647,846,194,2026-04-06 14:29:57,,
5127648,846,194,2026-04-06 14:29:57,,
5127649,846,194,2026-04-06 14:29:57,,
5127650,846,194,2026-04-06 14:29:57,,
5127651,846,194,2026-04-06 14:29:57,,
5127652,846,194,2026-04-06 14:29:57,,
5127653,846,194,2026-04-06 14:29:57,,
5127654,846,194,2026-04-06 14:29:57,,
5127655,846,194,2026-04-06 14:29:57,,
5127656,846,194,2026-04-06 14:29:57,,
5127657,846,194,2026-04-06 14:29:57,,
5127658,846,194,2026-04-06 14:29:57,,
5127659,846,194,2026-04-06 14:29:57,,
5127660,846,194,2026-04-06 14:29:57,,
5127661,846,194,2026-04-06 14:29:57,,
5127662,846,194,2026-04-06 14:29:57,,
5127663,846,194,2026-04-06 14:29:57,,
5127664,846,194,2026-04-06 14:29:57,,
5127665,846,194,2026-04-06 14:29:57,,
5127666,846,194,2026-04-06 14:29:57,,
5127667,846,194,2026-04-06 14:29:57,,
5127668,846,194,2026-04-06 14:29:57,,
5127669,846,194,2026-04-06 14:29:57,,
5127670,846,194,2026-04-06 14:29:57,,
5127671,846,194,2026-04-06 14:29:57,,
5127672,846,194,2026-04-06 14:29:57,,
5127673,846,194,2026-04-06 14:29:57,,
5127674,846,194,2026-04-06 14:29:57,,
5127675,846,194,2026-04-06 14:29:57,,
5127676,846,194,2026-04-06 14:29:57,,
5127677,846,194,2026-04-06 14:29:57,,
5127678,846,194,2026-04-06 14:29:57,,
5127679,846,194,2026-04-06 14:29:57,,
5127680,846,194,2026-04-06 14:29:57,,
5127681,846,194,2026-04-06 14:29:57,,
5127682,846,194,2026-04-06 14:29:57,,
5127683,846,194,2026-04-06 14:29:57,,
5127684,846,194,2026-04-06 14:29:57,,
5127685,846,194,2026-04-06 14:29:57,,
5127686,846,194,2026-04-06 14:29:57,,
5127687,846,194,2026-04-06 14:29:57,,
5127688,846,194,2026-04-06 14:29:57,,
5127689,846,194,2026-04-06 14:29:57,,
5127690,846,194,2026-04-06 14:29:57,,
5127691,846,194,2026-04-06 14:29:57,,
5127692,846,194,2026-04-06 14:29:57,,
5127693,846,194,2026-04-06 14:29:57,,
5127694,846,194,2026-04-06 14:29:57,,
5127695,846,194,2026-04-06 14:29:57,,
5127296,846,194,2026-04-06 14:29:57,,
5127297,846,194,2026-04-06 14:29:57,,
5127298,846,194,2026-04-06 14:29:57,,
5127299,846,194,2026-04-06 14:29:57,,
5127300,846,194,2026-04-06 14:29:57,,
5127301,846,194,2026-04-06 14:29:57,,
5127302,846,194,2026-04-06 14:29:57,,
5127303,846,194,2026-04-06 14:29:57,,
5127304,846,194,2026-04-06 14:29:57,,
5127305,846,194,2026-04-06 14:29:57,,
5127306,846,194,2026-04-06 14:29:57,,
5127307,846,194,2026-04-06 14:29:57,,
5127308,846,194,2026-04-06 14:29:57,,
5127309,846,194,2026-04-06 14:29:57,,
5127310,846,194,2026-04-06 14:29:57,,
5127311,846,194,2026-04-06 14:29:57,,
5127312,846,194,2026-04-06 14:29:57,,
5127313,846,194,2026-04-06 14:29:57,,
5127314,846,194,2026-04-06 14:29:57,,
5127315,846,194,2026-04-06 14:29:57,,
5127316,846,194,2026-04-06 14:29:57,,
5127317,846,194,2026-04-06 14:29:57,,
5127318,846,194,2026-04-06 14:29:57,,
5127319,846,194,2026-04-06 14:29:57,,
5127320,846,194,2026-04-06 14:29:57,,
5127321,846,194,2026-04-06 14:29:57,,
5127322,846,194,2026-04-06 14:29:57,,
5127323,846,194,2026-04-06 14:29:57,,
5127324,846,194,2026-04-06 14:29:57,,
5127325,846,194,2026-04-06 14:29:57,,
5127326,846,194,2026-04-06 14:29:57,,
5127327,846,194,2026-04-06 14:29:57,,
5127328,846,194,2026-04-06 14:29:57,,
5127329,846,194,2026-04-06 14:29:57,,
5127330,846,194,2026-04-06 14:29:57,,
5127331,846,194,2026-04-06 14:29:57,,
5127332,846,194,2026-04-06 14:29:57,,
5127333,846,194,2026-04-06 14:29:57,,
5127334,846,194,2026-04-06 14:29:57,,
5127335,846,194,2026-04-06 14:29:57,,
5127336,846,194,2026-04-06 14:29:57,,
5127337,846,194,2026-04-06 14:29:57,,
5127338,846,194,2026-04-06 14:29:57,,
5127339,846,194,2026-04-06 14:29:57,,
5127340,846,194,2026-04-06 14:29:57,,
5127341,846,194,2026-04-06 14:29:57,,
5127342,846,194,2026-04-06 14:29:57,,
5127343,846,194,2026-04-06 14:29:57,,
5127344,846,194,2026-04-06 14:29:57,,
5127345,846,194,2026-04-06 14:29:57,,
5127346,846,194,2026-04-06 14:29:57,,
5127347,846,194,2026-04-06 14:29:57,,
5127348,846,194,2026-04-06 14:29:57,,
5127349,846,194,2026-04-06 14:29:57,,
5127350,846,194,2026-04-06 14:29:57,,
5127351,846,194,2026-04-06 14:29:57,,
5127352,846,194,2026-04-06 14:29:57,,
5127353,846,194,2026-04-06 14:29:57,,
5127354,846,194,2026-04-06 14:29:57,,
5127355,846,194,2026-04-06 14:29:57,,
5127356,846,194,2026-04-06 14:29:57,,
5127357,846,194,2026-04-06 14:29:57,,
5127358,846,194,2026-04-06 14:29:57,,
5127359,846,194,2026-04-06 14:29:57,,
5127360,846,194,2026-04-06 14:29:57,,
5127361,846,194,2026-04-06 14:29:57,,
5127362,846,194,2026-04-06 14:29:57,,
5127363,846,194,2026-04-06 14:29:57,,
5127364,846,194,2026-04-06 14:29:57,,
5127365,846,194,2026-04-06 14:29:57,,
5127366,846,194,2026-04-06 14:29:57,,
5127367,846,194,2026-04-06 14:29:57,,
5127368,846,194,2026-04-06 14:29:57,,
5127369,846,194,2026-04-06 14:29:57,,
5127370,846,194,2026-04-06 14:29:57,,
5127371,846,194,2026-04-06 14:29:57,,
5127372,846,194,2026-04-06 14:29:57,,
5127373,846,194,2026-04-06 14:29:57,,
5127374,846,194,2026-04-06 14:29:57,,
5127375,846,194,2026-04-06 14:29:57,,
5127376,846,194,2026-04-06 14:29:57,,
5127377,846,194,2026-04-06 14:29:57,,
5127378,846,194,2026-04-06 14:29:57,,
5127379,846,194,2026-04-06 14:29:57,,
5127380,846,194,2026-04-06 14:29:57,,
5127381,846,194,2026-04-06 14:29:57,,
5127382,846,194,2026-04-06 14:29:57,,
5127383,846,194,2026-04-06 14:29:57,,
5127384,846,194,2026-04-06 14:29:57,,
5127385,846,194,2026-04-06 14:29:57,,
5127386,846,194,2026-04-06 14:29:57,,
5127387,846,194,2026-04-06 14:29:57,,
5127388,846,194,2026-04-06 14:29:57,,
5127389,846,194,2026-04-06 14:29:57,,
5127390,846,194,2026-04-06 14:29:57,,
5127391,846,194,2026-04-06 14:29:57,,
5127392,846,194,2026-04-06 14:29:57,,
5127393,846,194,2026-04-06 14:29:57,,
5127394,846,194,2026-04-06 14:29:57,,
5127395,846,194,2026-04-06 14:29:57,,
5127396,846,194,2026-04-06 14:29:57,,
5127397,846,194,2026-04-06 14:29:57,,
5127398,846,194,2026-04-06 14:29:57,,
5127399,846,194,2026-04-06 14:29:57,,
5127400,846,194,2026-04-06 14:29:57,,
5127401,846,194,2026-04-06 14:29:57,,
5127402,846,194,2026-04-06 14:29:57,,
5127403,846,194,2026-04-06 14:29:57,,
5127404,846,194,2026-04-06 14:29:57,,
5127405,846,194,2026-04-06 14:29:57,,
5127406,846,194,2026-04-06 14:29:57,,
5127407,846,194,2026-04-06 14:29:57,,
5127408,846,194,2026-04-06 14:29:57,,
5127409,846,194,2026-04-06 14:29:57,,
5127410,846,194,2026-04-06 14:29:57,,
5127411,846,194,2026-04-06 14:29:57,,
5127412,846,194,2026-04-06 14:29:57,,
5127413,846,194,2026-04-06 14:29:57,,
5127414,846,194,2026-04-06 14:29:57,,
5127415,846,194,2026-04-06 14:29:57,,
5127416,846,194,2026-04-06 14:29:57,,
5127417,846,194,2026-04-06 14:29:57,,
5127418,846,194,2026-04-06 14:29:57,,
5127419,846,194,2026-04-06 14:29:57,,
5127420,846,194,2026-04-06 14:29:57,,
5127421,846,194,2026-04-06 14:29:57,,
5127422,846,194,2026-04-06 14:29:57,,
5127423,846,194,2026-04-06 14:29:57,,
5127424,846,194,2026-04-06 14:29:57,,
5127425,846,194,2026-04-06 14:29:57,,
5127426,846,194,2026-04-06 14:29:57,,
5127427,846,194,2026-04-06 14:29:57,,
5127428,846,194,2026-04-06 14:29:57,,
5127429,846,194,2026-04-06 14:29:57,,
5127430,846,194,2026-04-06 14:29:57,,
5127431,846,194,2026-04-06 14:29:57,,
5127432,846,194,2026-04-06 14:29:57,,
5127433,846,194,2026-04-06 14:29:57,,
5127434,846,194,2026-04-06 14:29:57,,
5127435,846,194,2026-04-06 14:29:57,,
5127436,846,194,2026-04-06 14:29:57,,
5127437,846,194,2026-04-06 14:29:57,,
5127438,846,194,2026-04-06 14:29:57,,
5127439,846,194,2026-04-06 14:29:57,,
5127440,846,194,2026-04-06 14:29:57,,
5127441,846,194,2026-04-06 14:29:57,,
5127442,846,194,2026-04-06 14:29:57,,
5127443,846,194,2026-04-06 14:29:57,,
5127444,846,194,2026-04-06 14:29:57,,
5127445,846,194,2026-04-06 14:29:57,,
5127446,846,194,2026-04-06 14:29:57,,
5127447,846,194,2026-04-06 14:29:57,,
5127448,846,194,2026-04-06 14:29:57,,
5127449,846,194,2026-04-06 14:29:57,,
5127450,846,194,2026-04-06 14:29:57,,
5127451,846,194,2026-04-06 14:29:57,,
5127452,846,194,2026-04-06 14:29:57,,
5127453,846,194,2026-04-06 14:29:57,,
5127454,846,194,2026-04-06 14:29:57,,
5127455,846,194,2026-04-06 14:29:57,,
5127456,846,194,2026-04-06 14:29:57,,
5127457,846,194,2026-04-06 14:29:57,,
5127458,846,194,2026-04-06 14:29:57,,
5127459,846,194,2026-04-06 14:29:57,,
5127460,846,194,2026-04-06 14:29:57,,
5127461,846,194,2026-04-06 14:29:57,,
5127462,846,194,2026-04-06 14:29:57,,
5127463,846,194,2026-04-06 14:29:57,,
5127464,846,194,2026-04-06 14:29:57,,
5127465,846,194,2026-04-06 14:29:57,,
5127466,846,194,2026-04-06 14:29:57,,
5127467,846,194,2026-04-06 14:29:57,,
5127468,846,194,2026-04-06 14:29:57,,
5127469,846,194,2026-04-06 14:29:57,,
5127470,846,194,2026-04-06 14:29:57,,
5127471,846,194,2026-04-06 14:29:57,,
5127472,846,194,2026-04-06 14:29:57,,
5127473,846,194,2026-04-06 14:29:57,,
5127474,846,194,2026-04-06 14:29:57,,
5127475,846,194,2026-04-06 14:29:57,,
5127476,846,194,2026-04-06 14:29:57,,
5127477,846,194,2026-04-06 14:29:57,,
5127478,846,194,2026-04-06 14:29:57,,
5127479,846,194,2026-04-06 14:29:57,,
5127480,846,194,2026-04-06 14:29:57,,
5127481,846,194,2026-04-06 14:29:57,,
5127482,846,194,2026-04-06 14:29:57,,
5127483,846,194,2026-04-06 14:29:57,,
5127484,846,194,2026-04-06 14:29:57,,
5127485,846,194,2026-04-06 14:29:57,,
5127486,846,194,2026-04-06 14:29:57,,
5127487,846,194,2026-04-06 14:29:57,,
5127488,846,194,2026-04-06 14:29:57,,
5127489,846,194,2026-04-06 14:29:57,,
5127490,846,194,2026-04-06 14:29:57,,
5127491,846,194,2026-04-06 14:29:57,,
5127492,846,194,2026-04-06 14:29:57,,
5127493,846,194,2026-04-06 14:29:57,,
5127494,846,194,2026-04-06 14:29:57,,
5127495,846,194,2026-04-06 14:29:57,,
5127696,846,194,2026-04-06 14:29:57,,
5127697,846,194,2026-04-06 14:29:57,,
5127698,846,194,2026-04-06 14:29:57,,
5127699,846,194,2026-04-06 14:29:57,,
5127700,846,194,2026-04-06 14:29:57,,
5127701,846,194,2026-04-06 14:29:57,,
5127702,846,194,2026-04-06 14:29:57,,
5127703,846,194,2026-04-06 14:29:57,,
5127704,846,194,2026-04-06 14:29:57,,
5127705,846,194,2026-04-06 14:29:57,,
5127706,846,194,2026-04-06 14:29:57,,
5127707,846,194,2026-04-06 14:29:57,,
5127708,846,194,2026-04-06 14:29:57,,
5127709,846,194,2026-04-06 14:29:57,,
5127710,846,194,2026-04-06 14:29:57,,
5127711,846,194,2026-04-06 14:29:57,,
5127712,846,194,2026-04-06 14:29:57,,
5127713,846,194,2026-04-06 14:29:57,,
5127714,846,194,2026-04-06 14:29:57,,
5127715,846,194,2026-04-06 14:29:57,,
5127716,846,194,2026-04-06 14:29:57,,
5127717,846,194,2026-04-06 14:29:57,,
5127718,846,194,2026-04-06 14:29:57,,
5127719,846,194,2026-04-06 14:29:57,,
5127720,846,194,2026-04-06 14:29:57,,
5127721,846,194,2026-04-06 14:29:57,,
5127722,846,194,2026-04-06 14:29:57,,
5127723,846,194,2026-04-06 14:29:57,,
5127724,846,194,2026-04-06 14:29:57,,
5127725,846,194,2026-04-06 14:29:57,,
5127726,846,194,2026-04-06 14:29:57,,
5127727,846,194,2026-04-06 14:29:57,,
5127728,846,194,2026-04-06 14:29:57,,
5127729,846,194,2026-04-06 14:29:57,,
5127730,846,194,2026-04-06 14:29:57,,
5127731,846,194,2026-04-06 14:29:57,,
5127732,846,194,2026-04-06 14:29:57,,
5127733,846,194,2026-04-06 14:29:57,,
5127734,846,194,2026-04-06 14:29:57,,
5127735,846,194,2026-04-06 14:29:57,,
5127736,846,194,2026-04-06 14:29:57,,
5127737,846,194,2026-04-06 14:29:57,,
5127738,846,194,2026-04-06 14:29:57,,
5127739,846,194,2026-04-06 14:29:57,,
5127740,846,194,2026-04-06 14:29:57,,
5127741,846,194,2026-04-06 14:29:57,,
5127742,846,194,2026-04-06 14:29:57,,
5127743,846,194,2026-04-06 14:29:57,,
5127744,846,194,2026-04-06 14:29:57,,
5127745,846,194,2026-04-06 14:29:57,,
5127746,846,194,2026-04-06 14:29:57,,
5127747,846,194,2026-04-06 14:29:57,,
5127748,846,194,2026-04-06 14:29:57,,
5127749,846,194,2026-04-06 14:29:57,,
5127750,846,194,2026-04-06 14:29:57,,
5127751,846,194,2026-04-06 14:29:57,,
5127752,846,194,2026-04-06 14:29:57,,
5127753,846,194,2026-04-06 14:29:57,,
5127754,846,194,2026-04-06 14:29:57,,
5127755,846,194,2026-04-06 14:29:57,,
5127756,846,194,2026-04-06 14:29:57,,
5127757,846,194,2026-04-06 14:29:57,,
5127758,846,194,2026-04-06 14:29:57,,
5127759,846,194,2026-04-06 14:29:57,,
5127760,846,194,2026-04-06 14:29:57,,
5127761,846,194,2026-04-06 14:29:57,,
5127762,846,194,2026-04-06 14:29:57,,
5127763,846,194,2026-04-06 14:29:57,,
5127764,846,194,2026-04-06 14:29:57,,
5127765,846,194,2026-04-06 14:29:57,,
5127766,846,194,2026-04-06 14:29:57,,
5127767,846,194,2026-04-06 14:29:57,,
5127768,846,194,2026-04-06 14:29:57,,
5127769,846,194,2026-04-06 14:29:57,,
5127770,846,194,2026-04-06 14:29:57,,
5127771,846,194,2026-04-06 14:29:57,,
5127772,846,194,2026-04-06 14:29:57,,
5127773,846,194,2026-04-06 14:29:57,,
5127774,846,194,2026-04-06 14:29:57,,
5127775,846,194,2026-04-06 14:29:57,,
5127776,846,194,2026-04-06 14:29:57,,
5127777,846,194,2026-04-06 14:29:57,,
5127778,846,194,2026-04-06 14:29:57,,
5127779,846,194,2026-04-06 14:29:57,,
5127780,846,194,2026-04-06 14:29:57,,
5127781,846,194,2026-04-06 14:29:57,,
5127782,846,194,2026-04-06 14:29:57,,
5127783,846,194,2026-04-06 14:29:57,,
5127784,846,194,2026-04-06 14:29:57,,
5127785,846,194,2026-04-06 14:29:57,,
5127786,846,194,2026-04-06 14:29:57,,
5127787,846,194,2026-04-06 14:29:57,,
5127788,846,194,2026-04-06 14:29:57,,
5127789,846,194,2026-04-06 14:29:57,,
5127790,846,194,2026-04-06 14:29:57,,
5127791,846,194,2026-04-06 14:29:57,,
5127792,846,194,2026-04-06 14:29:57,,
5127793,846,194,2026-04-06 14:29:57,,
5127794,846,194,2026-04-06 14:29:57,,
5127795,846,194,2026-04-06 14:29:57,,
5127796,846,194,2026-04-06 14:29:57,,
5127797,846,194,2026-04-06 14:29:57,,
5127798,846,194,2026-04-06 14:29:57,,
5127799,846,194,2026-04-06 14:29:57,,
5127800,846,194,2026-04-06 14:29:57,,
5127801,846,194,2026-04-06 14:29:57,,
5127802,846,194,2026-04-06 14:29:57,,
5127803,846,194,2026-04-06 14:29:57,,
5127804,846,194,2026-04-06 14:29:57,,
5127805,846,194,2026-04-06 14:29:57,,
5127806,846,194,2026-04-06 14:29:57,,
5127807,846,194,2026-04-06 14:29:57,,
5127808,846,194,2026-04-06 14:29:57,,
5127809,846,194,2026-04-06 14:29:57,,
5127810,846,194,2026-04-06 14:29:57,,
5127811,846,194,2026-04-06 14:29:57,,
5127812,846,194,2026-04-06 14:29:57,,
5127813,846,194,2026-04-06 14:29:57,,
5127814,846,194,2026-04-06 14:29:57,,
5127815,846,194,2026-04-06 14:29:57,,
5127816,846,194,2026-04-06 14:29:57,,
5127817,846,194,2026-04-06 14:29:57,,
5127818,846,194,2026-04-06 14:29:57,,
5127819,846,194,2026-04-06 14:29:57,,
5127820,846,194,2026-04-06 14:29:57,,
5127821,846,194,2026-04-06 14:29:57,,
5127822,846,194,2026-04-06 14:29:57,,
5127823,846,194,2026-04-06 14:29:57,,
5127824,846,194,2026-04-06 14:29:57,,
5127825,846,194,2026-04-06 14:29:57,,
5127826,846,194,2026-04-06 14:29:57,,
5127827,846,194,2026-04-06 14:29:57,,
5127828,846,194,2026-04-06 14:29:57,,
5127829,846,194,2026-04-06 14:29:57,,
5127830,846,194,2026-04-06 14:29:57,,
5127831,846,194,2026-04-06 14:29:57,,
5127832,846,194,2026-04-06 14:29:57,,
5127833,846,194,2026-04-06 14:29:57,,
5127834,846,194,2026-04-06 14:29:57,,
5127835,846,194,2026-04-06 14:29:57,,
5127836,846,194,2026-04-06 14:29:57,,
5127837,846,194,2026-04-06 14:29:57,,
5127838,846,194,2026-04-06 14:29:57,,
5127839,846,194,2026-04-06 14:29:57,,
5127840,846,194,2026-04-06 14:29:57,,
5127841,846,194,2026-04-06 14:29:57,,
5127842,846,194,2026-04-06 14:29:57,,
5127843,846,194,2026-04-06 14:29:57,,
5127844,846,194,2026-04-06 14:29:57,,
5127845,846,194,2026-04-06 14:29:57,,
5127846,846,194,2026-04-06 14:29:57,,
5127847,846,194,2026-04-06 14:29:57,,
5127848,846,194,2026-04-06 14:29:57,,
5127849,846,194,2026-04-06 14:29:57,,
5127850,846,194,2026-04-06 14:29:57,,
5127851,846,194,2026-04-06 14:29:57,,
5127852,846,194,2026-04-06 14:29:57,,
5127853,846,194,2026-04-06 14:29:57,,
5127854,846,194,2026-04-06 14:29:57,,
5127855,846,194,2026-04-06 14:29:57,,
5127856,846,194,2026-04-06 14:29:57,,
5127857,846,194,2026-04-06 14:29:57,,
5127858,846,194,2026-04-06 14:29:57,,
5127859,846,194,2026-04-06 14:29:57,,
5127860,846,194,2026-04-06 14:29:57,,
5127861,846,194,2026-04-06 14:29:57,,
5127862,846,194,2026-04-06 14:29:57,,
5127863,846,194,2026-04-06 14:29:57,,
5127864,846,194,2026-04-06 14:29:57,,
5127865,846,194,2026-04-06 14:29:57,,
5127866,846,194,2026-04-06 14:29:57,,
5127867,846,194,2026-04-06 14:29:57,,
5127868,846,194,2026-04-06 14:29:57,,
5127869,846,194,2026-04-06 14:29:57,,
5127870,846,194,2026-04-06 14:29:57,,
5127871,846,194,2026-04-06 14:29:57,,
5127872,846,194,2026-04-06 14:29:57,,
5127873,846,194,2026-04-06 14:29:57,,
5127874,846,194,2026-04-06 14:29:57,,
5127875,846,194,2026-04-06 14:29:57,,
5127876,846,194,2026-04-06 14:29:57,,
5127877,846,194,2026-04-06 14:29:57,,
5127878,846,194,2026-04-06 14:29:57,,
5127879,846,194,2026-04-06 14:29:57,,
5127880,846,194,2026-04-06 14:29:57,,
5127881,846,194,2026-04-06 14:29:57,,
5127882,846,194,2026-04-06 14:29:57,,
5127883,846,194,2026-04-06 14:29:57,,
5127884,846,194,2026-04-06 14:29:57,,
5127885,846,194,2026-04-06 14:29:57,,
5127886,846,194,2026-04-06 14:29:57,,
5127887,846,194,2026-04-06 14:29:57,,
5127888,846,194,2026-04-06 14:29:57,,
5127889,846,194,2026-04-06 14:29:57,,
5127890,846,194,2026-04-06 14:29:57,,
5127891,846,194,2026-04-06 14:29:57,,
5127892,846,194,2026-04-06 14:29:57,,
5127893,846,194,2026-04-06 14:29:57,,
5127894,846,194,2026-04-06 14:29:57,,
5127895,846,194,2026-04-06 14:29:57,,
5126496,846,194,2026-04-06 14:29:57,,
5126497,846,194,2026-04-06 14:29:57,,
5126498,846,194,2026-04-06 14:29:57,,
5126499,846,194,2026-04-06 14:29:57,,
5126500,846,194,2026-04-06 14:29:57,,
5126501,846,194,2026-04-06 14:29:57,,
5126502,846,194,2026-04-06 14:29:57,,
5126503,846,194,2026-04-06 14:29:57,,
5126504,846,194,2026-04-06 14:29:57,,
5126505,846,194,2026-04-06 14:29:57,,
5126506,846,194,2026-04-06 14:29:57,,
5126507,846,194,2026-04-06 14:29:57,,
5126508,846,194,2026-04-06 14:29:57,,
5126509,846,194,2026-04-06 14:29:57,,
5126510,846,194,2026-04-06 14:29:57,,
5126511,846,194,2026-04-06 14:29:57,,
5126512,846,194,2026-04-06 14:29:57,,
5126513,846,194,2026-04-06 14:29:57,,
5126514,846,194,2026-04-06 14:29:57,,
5126515,846,194,2026-04-06 14:29:57,,
5126516,846,194,2026-04-06 14:29:57,,
5126517,846,194,2026-04-06 14:29:57,,
5126518,846,194,2026-04-06 14:29:57,,
5126519,846,194,2026-04-06 14:29:57,,
5126520,846,194,2026-04-06 14:29:57,,
5126521,846,194,2026-04-06 14:29:57,,
5126522,846,194,2026-04-06 14:29:57,,
5126523,846,194,2026-04-06 14:29:57,,
5126524,846,194,2026-04-06 14:29:57,,
5126525,846,194,2026-04-06 14:29:57,,
5126526,846,194,2026-04-06 14:29:57,,
5126527,846,194,2026-04-06 14:29:57,,
5126528,846,194,2026-04-06 14:29:57,,
5126529,846,194,2026-04-06 14:29:57,,
5126530,846,194,2026-04-06 14:29:57,,
5126531,846,194,2026-04-06 14:29:57,,
5126532,846,194,2026-04-06 14:29:57,,
5126533,846,194,2026-04-06 14:29:57,,
5126534,846,194,2026-04-06 14:29:57,,
5126535,846,194,2026-04-06 14:29:57,,
5126536,846,194,2026-04-06 14:29:57,,
5126537,846,194,2026-04-06 14:29:57,,
5126538,846,194,2026-04-06 14:29:57,,
5126539,846,194,2026-04-06 14:29:57,,
5126540,846,194,2026-04-06 14:29:57,,
5126541,846,194,2026-04-06 14:29:57,,
5126542,846,194,2026-04-06 14:29:57,,
5126543,846,194,2026-04-06 14:29:57,,
5126544,846,194,2026-04-06 14:29:57,,
5126545,846,194,2026-04-06 14:29:57,,
5126546,846,194,2026-04-06 14:29:57,,
5126547,846,194,2026-04-06 14:29:57,,
5126548,846,194,2026-04-06 14:29:57,,
5126549,846,194,2026-04-06 14:29:57,,
5126550,846,194,2026-04-06 14:29:57,,
5126551,846,194,2026-04-06 14:29:57,,
5126552,846,194,2026-04-06 14:29:57,,
5126553,846,194,2026-04-06 14:29:57,,
5126554,846,194,2026-04-06 14:29:57,,
5126555,846,194,2026-04-06 14:29:57,,
5126556,846,194,2026-04-06 14:29:57,,
5126557,846,194,2026-04-06 14:29:57,,
5126558,846,194,2026-04-06 14:29:57,,
5126559,846,194,2026-04-06 14:29:57,,
5126560,846,194,2026-04-06 14:29:57,,
5126561,846,194,2026-04-06 14:29:57,,
5126562,846,194,2026-04-06 14:29:57,,
5126563,846,194,2026-04-06 14:29:57,,
5126564,846,194,2026-04-06 14:29:57,,
5126565,846,194,2026-04-06 14:29:57,,
5126566,846,194,2026-04-06 14:29:57,,
5126567,846,194,2026-04-06 14:29:57,,
5126568,846,194,2026-04-06 14:29:57,,
5126569,846,194,2026-04-06 14:29:57,,
5126570,846,194,2026-04-06 14:29:57,,
5126571,846,194,2026-04-06 14:29:57,,
5126572,846,194,2026-04-06 14:29:57,,
5126573,846,194,2026-04-06 14:29:57,,
5126574,846,194,2026-04-06 14:29:57,,
5126575,846,194,2026-04-06 14:29:57,,
5126576,846,194,2026-04-06 14:29:57,,
5126577,846,194,2026-04-06 14:29:57,,
5126578,846,194,2026-04-06 14:29:57,,
5126579,846,194,2026-04-06 14:29:57,,
5126580,846,194,2026-04-06 14:29:57,,
5126581,846,194,2026-04-06 14:29:57,,
5126582,846,194,2026-04-06 14:29:57,,
5126583,846,194,2026-04-06 14:29:57,,
5126584,846,194,2026-04-06 14:29:57,,
5126585,846,194,2026-04-06 14:29:57,,
5126586,846,194,2026-04-06 14:29:57,,
5126587,846,194,2026-04-06 14:29:57,,
5126588,846,194,2026-04-06 14:29:57,,
5126589,846,194,2026-04-06 14:29:57,,
5126590,846,194,2026-04-06 14:29:57,,
5126591,846,194,2026-04-06 14:29:57,,
5126592,846,194,2026-04-06 14:29:57,,
5126593,846,194,2026-04-06 14:29:57,,
5126594,846,194,2026-04-06 14:29:57,,
5126595,846,194,2026-04-06 14:29:57,,
5126596,846,194,2026-04-06 14:29:57,,
5126597,846,194,2026-04-06 14:29:57,,
5126598,846,194,2026-04-06 14:29:57,,
5126599,846,194,2026-04-06 14:29:57,,
5126600,846,194,2026-04-06 14:29:57,,
5126601,846,194,2026-04-06 14:29:57,,
5126602,846,194,2026-04-06 14:29:57,,
5126603,846,194,2026-04-06 14:29:57,,
5126604,846,194,2026-04-06 14:29:57,,
5126605,846,194,2026-04-06 14:29:57,,
5126606,846,194,2026-04-06 14:29:57,,
5126607,846,194,2026-04-06 14:29:57,,
5126608,846,194,2026-04-06 14:29:57,,
5126609,846,194,2026-04-06 14:29:57,,
5126610,846,194,2026-04-06 14:29:57,,
5126611,846,194,2026-04-06 14:29:57,,
5126612,846,194,2026-04-06 14:29:57,,
5126613,846,194,2026-04-06 14:29:57,,
5126614,846,194,2026-04-06 14:29:57,,
5126615,846,194,2026-04-06 14:29:57,,
5126616,846,194,2026-04-06 14:29:57,,
5126617,846,194,2026-04-06 14:29:57,,
5126618,846,194,2026-04-06 14:29:57,,
5126619,846,194,2026-04-06 14:29:57,,
5126620,846,194,2026-04-06 14:29:57,,
5126621,846,194,2026-04-06 14:29:57,,
5126622,846,194,2026-04-06 14:29:57,,
5126623,846,194,2026-04-06 14:29:57,,
5126624,846,194,2026-04-06 14:29:57,,
5126625,846,194,2026-04-06 14:29:57,,
5126626,846,194,2026-04-06 14:29:57,,
5126627,846,194,2026-04-06 14:29:57,,
5126628,846,194,2026-04-06 14:29:57,,
5126629,846,194,2026-04-06 14:29:57,,
5126630,846,194,2026-04-06 14:29:57,,
5126631,846,194,2026-04-06 14:29:57,,
5126632,846,194,2026-04-06 14:29:57,,
5126633,846,194,2026-04-06 14:29:57,,
5126634,846,194,2026-04-06 14:29:57,,
5126635,846,194,2026-04-06 14:29:57,,
5126636,846,194,2026-04-06 14:29:57,,
5126637,846,194,2026-04-06 14:29:57,,
5126638,846,194,2026-04-06 14:29:57,,
5126639,846,194,2026-04-06 14:29:57,,
5126640,846,194,2026-04-06 14:29:57,,
5126641,846,194,2026-04-06 14:29:57,,
5126642,846,194,2026-04-06 14:29:57,,
5126643,846,194,2026-04-06 14:29:57,,
5126644,846,194,2026-04-06 14:29:57,,
5126645,846,194,2026-04-06 14:29:57,,
5126646,846,194,2026-04-06 14:29:57,,
5126647,846,194,2026-04-06 14:29:57,,
5126648,846,194,2026-04-06 14:29:57,,
5126649,846,194,2026-04-06 14:29:57,,
5126650,846,194,2026-04-06 14:29:57,,
5126651,846,194,2026-04-06 14:29:57,,
5126652,846,194,2026-04-06 14:29:57,,
5126653,846,194,2026-04-06 14:29:57,,
5126654,846,194,2026-04-06 14:29:57,,
5126655,846,194,2026-04-06 14:29:57,,
5126656,846,194,2026-04-06 14:29:57,,
5126657,846,194,2026-04-06 14:29:57,,
5126658,846,194,2026-04-06 14:29:57,,
5126659,846,194,2026-04-06 14:29:57,,
5126660,846,194,2026-04-06 14:29:57,,
5126661,846,194,2026-04-06 14:29:57,,
5126662,846,194,2026-04-06 14:29:57,,
5126663,846,194,2026-04-06 14:29:57,,
5126664,846,194,2026-04-06 14:29:57,,
5126665,846,194,2026-04-06 14:29:57,,
5126666,846,194,2026-04-06 14:29:57,,
5126667,846,194,2026-04-06 14:29:57,,
5126668,846,194,2026-04-06 14:29:57,,
5126669,846,194,2026-04-06 14:29:57,,
5126670,846,194,2026-04-06 14:29:57,,
5126671,846,194,2026-04-06 14:29:57,,
5126672,846,194,2026-04-06 14:29:57,,
5126673,846,194,2026-04-06 14:29:57,,
5126674,846,194,2026-04-06 14:29:57,,
5126675,846,194,2026-04-06 14:29:57,,
5126676,846,194,2026-04-06 14:29:57,,
5126677,846,194,2026-04-06 14:29:57,,
5126678,846,194,2026-04-06 14:29:57,,
5126679,846,194,2026-04-06 14:29:57,,
5126680,846,194,2026-04-06 14:29:57,,
5126681,846,194,2026-04-06 14:29:57,,
5126682,846,194,2026-04-06 14:29:57,,
5126683,846,194,2026-04-06 14:29:57,,
5126684,846,194,2026-04-06 14:29:57,,
5126685,846,194,2026-04-06 14:29:57,,
5126686,846,194,2026-04-06 14:29:57,,
5126687,846,194,2026-04-06 14:29:57,,
5126688,846,194,2026-04-06 14:29:57,,
5126689,846,194,2026-04-06 14:29:57,,
5126690,846,194,2026-04-06 14:29:57,,
5126691,846,194,2026-04-06 14:29:57,,
5126692,846,194,2026-04-06 14:29:57,,
5126693,846,194,2026-04-06 14:29:57,,
5126694,846,194,2026-04-06 14:29:57,,
5126695,846,194,2026-04-06 14:29:57,,
5126696,846,194,2026-04-06 14:29:57,,
5126697,846,194,2026-04-06 14:29:57,,
5126698,846,194,2026-04-06 14:29:57,,
5126699,846,194,2026-04-06 14:29:57,,
5126700,846,194,2026-04-06 14:29:57,,
5126701,846,194,2026-04-06 14:29:57,,
5126702,846,194,2026-04-06 14:29:57,,
5126703,846,194,2026-04-06 14:29:57,,
5126704,846,194,2026-04-06 14:29:57,,
5126705,846,194,2026-04-06 14:29:57,,
5126706,846,194,2026-04-06 14:29:57,,
5126707,846,194,2026-04-06 14:29:57,,
5126708,846,194,2026-04-06 14:29:57,,
5126709,846,194,2026-04-06 14:29:57,,
5126710,846,194,2026-04-06 14:29:57,,
5126711,846,194,2026-04-06 14:29:57,,
5126712,846,194,2026-04-06 14:29:57,,
5126713,846,194,2026-04-06 14:29:57,,
5126714,846,194,2026-04-06 14:29:57,,
5126715,846,194,2026-04-06 14:29:57,,
5126716,846,194,2026-04-06 14:29:57,,
5126717,846,194,2026-04-06 14:29:57,,
5126718,846,194,2026-04-06 14:29:57,,
5126719,846,194,2026-04-06 14:29:57,,
5126720,846,194,2026-04-06 14:29:57,,
5126721,846,194,2026-04-06 14:29:57,,
5126722,846,194,2026-04-06 14:29:57,,
5126723,846,194,2026-04-06 14:29:57,,
5126724,846,194,2026-04-06 14:29:57,,
5126725,846,194,2026-04-06 14:29:57,,
5126726,846,194,2026-04-06 14:29:57,,
5126727,846,194,2026-04-06 14:29:57,,
5126728,846,194,2026-04-06 14:29:57,,
5126729,846,194,2026-04-06 14:29:57,,
5126730,846,194,2026-04-06 14:29:57,,
5126731,846,194,2026-04-06 14:29:57,,
5126732,846,194,2026-04-06 14:29:57,,
5126733,846,194,2026-04-06 14:29:57,,
5126734,846,194,2026-04-06 14:29:57,,
5126735,846,194,2026-04-06 14:29:57,,
5126736,846,194,2026-04-06 14:29:57,,
5126737,846,194,2026-04-06 14:29:57,,
5126738,846,194,2026-04-06 14:29:57,,
5126739,846,194,2026-04-06 14:29:57,,
5126740,846,194,2026-04-06 14:29:57,,
5126741,846,194,2026-04-06 14:29:57,,
5126742,846,194,2026-04-06 14:29:57,,
5126743,846,194,2026-04-06 14:29:57,,
5126744,846,194,2026-04-06 14:29:57,,
5126745,846,194,2026-04-06 14:29:57,,
5126746,846,194,2026-04-06 14:29:57,,
5126747,846,194,2026-04-06 14:29:57,,
5126748,846,194,2026-04-06 14:29:57,,
5126749,846,194,2026-04-06 14:29:57,,
5126750,846,194,2026-04-06 14:29:57,,
5126751,846,194,2026-04-06 14:29:57,,
5126752,846,194,2026-04-06 14:29:57,,
5126753,846,194,2026-04-06 14:29:57,,
5126754,846,194,2026-04-06 14:29:57,,
5126755,846,194,2026-04-06 14:29:57,,
5126756,846,194,2026-04-06 14:29:57,,
5126757,846,194,2026-04-06 14:29:57,,
5126758,846,194,2026-04-06 14:29:57,,
5126759,846,194,2026-04-06 14:29:57,,
5126760,846,194,2026-04-06 14:29:57,,
5126761,846,194,2026-04-06 14:29:57,,
5126762,846,194,2026-04-06 14:29:57,,
5126763,846,194,2026-04-06 14:29:57,,
5126764,846,194,2026-04-06 14:29:57,,
5126765,846,194,2026-04-06 14:29:57,,
5126766,846,194,2026-04-06 14:29:57,,
5126767,846,194,2026-04-06 14:29:57,,
5126768,846,194,2026-04-06 14:29:57,,
5126769,846,194,2026-04-06 14:29:57,,
5126770,846,194,2026-04-06 14:29:57,,
5126771,846,194,2026-04-06 14:29:57,,
5126772,846,194,2026-04-06 14:29:57,,
5126773,846,194,2026-04-06 14:29:57,,
5126774,846,194,2026-04-06 14:29:57,,
5126775,846,194,2026-04-06 14:29:57,,
5126776,846,194,2026-04-06 14:29:57,,
5126777,846,194,2026-04-06 14:29:57,,
5126778,846,194,2026-04-06 14:29:57,,
5126779,846,194,2026-04-06 14:29:57,,
5126780,846,194,2026-04-06 14:29:57,,
5126781,846,194,2026-04-06 14:29:57,,
5126782,846,194,2026-04-06 14:29:57,,
5126783,846,194,2026-04-06 14:29:57,,
5126784,846,194,2026-04-06 14:29:57,,
5126785,846,194,2026-04-06 14:29:57,,
5126786,846,194,2026-04-06 14:29:57,,
5126787,846,194,2026-04-06 14:29:57,,
5126788,846,194,2026-04-06 14:29:57,,
5126789,846,194,2026-04-06 14:29:57,,
5126790,846,194,2026-04-06 14:29:57,,
5126791,846,194,2026-04-06 14:29:57,,
5126792,846,194,2026-04-06 14:29:57,,
5126793,846,194,2026-04-06 14:29:57,,
5126794,846,194,2026-04-06 14:29:57,,
5126795,846,194,2026-04-06 14:29:57,,
5126796,846,194,2026-04-06 14:29:57,,
5126797,846,194,2026-04-06 14:29:57,,
5126798,846,194,2026-04-06 14:29:57,,
5126799,846,194,2026-04-06 14:29:57,,
5126800,846,194,2026-04-06 14:29:57,,
5126801,846,194,2026-04-06 14:29:57,,
5126802,846,194,2026-04-06 14:29:57,,
5126803,846,194,2026-04-06 14:29:57,,
5126804,846,194,2026-04-06 14:29:57,,
5126805,846,194,2026-04-06 14:29:57,,
5126806,846,194,2026-04-06 14:29:57,,
5126807,846,194,2026-04-06 14:29:57,,
5126808,846,194,2026-04-06 14:29:57,,
5126809,846,194,2026-04-06 14:29:57,,
5126810,846,194,2026-04-06 14:29:57,,
5126811,846,194,2026-04-06 14:29:57,,
5126812,846,194,2026-04-06 14:29:57,,
5126813,846,194,2026-04-06 14:29:57,,
5126814,846,194,2026-04-06 14:29:57,,
5126815,846,194,2026-04-06 14:29:57,,
5126816,846,194,2026-04-06 14:29:57,,
5126817,846,194,2026-04-06 14:29:57,,
5126818,846,194,2026-04-06 14:29:57,,
5126819,846,194,2026-04-06 14:29:57,,
5126820,846,194,2026-04-06 14:29:57,,
5126821,846,194,2026-04-06 14:29:57,,
5126822,846,194,2026-04-06 14:29:57,,
5126823,846,194,2026-04-06 14:29:57,,
5126824,846,194,2026-04-06 14:29:57,,
5126825,846,194,2026-04-06 14:29:57,,
5126826,846,194,2026-04-06 14:29:57,,
5126827,846,194,2026-04-06 14:29:57,,
5126828,846,194,2026-04-06 14:29:57,,
5126829,846,194,2026-04-06 14:29:57,,
5126830,846,194,2026-04-06 14:29:57,,
5126831,846,194,2026-04-06 14:29:57,,
5126832,846,194,2026-04-06 14:29:57,,
5126833,846,194,2026-04-06 14:29:57,,
5126834,846,194,2026-04-06 14:29:57,,
5126835,846,194,2026-04-06 14:29:57,,
5126836,846,194,2026-04-06 14:29:57,,
5126837,846,194,2026-04-06 14:29:57,,
5126838,846,194,2026-04-06 14:29:57,,
5126839,846,194,2026-04-06 14:29:57,,
5126840,846,194,2026-04-06 14:29:57,,
5126841,846,194,2026-04-06 14:29:57,,
5126842,846,194,2026-04-06 14:29:57,,
5126843,846,194,2026-04-06 14:29:57,,
5126844,846,194,2026-04-06 14:29:57,,
5126845,846,194,2026-04-06 14:29:57,,
5126846,846,194,2026-04-06 14:29:57,,
5126847,846,194,2026-04-06 14:29:57,,
5126848,846,194,2026-04-06 14:29:57,,
5126849,846,194,2026-04-06 14:29:57,,
5126850,846,194,2026-04-06 14:29:57,,
5126851,846,194,2026-04-06 14:29:57,,
5126852,846,194,2026-04-06 14:29:57,,
5126853,846,194,2026-04-06 14:29:57,,
5126854,846,194,2026-04-06 14:29:57,,
5126855,846,194,2026-04-06 14:29:57,,
5126856,846,194,2026-04-06 14:29:57,,
5126857,846,194,2026-04-06 14:29:57,,
5126858,846,194,2026-04-06 14:29:57,,
5126859,846,194,2026-04-06 14:29:57,,
5126860,846,194,2026-04-06 14:29:57,,
5126861,846,194,2026-04-06 14:29:57,,
5126862,846,194,2026-04-06 14:29:57,,
5126863,846,194,2026-04-06 14:29:57,,
5126864,846,194,2026-04-06 14:29:57,,
5126865,846,194,2026-04-06 14:29:57,,
5126866,846,194,2026-04-06 14:29:57,,
5126867,846,194,2026-04-06 14:29:57,,
5126868,846,194,2026-04-06 14:29:57,,
5126869,846,194,2026-04-06 14:29:57,,
5126870,846,194,2026-04-06 14:29:57,,
5126871,846,194,2026-04-06 14:29:57,,
5126872,846,194,2026-04-06 14:29:57,,
5126873,846,194,2026-04-06 14:29:57,,
5126874,846,194,2026-04-06 14:29:57,,
5126875,846,194,2026-04-06 14:29:57,,
5126876,846,194,2026-04-06 14:29:57,,
5126877,846,194,2026-04-06 14:29:57,,
5126878,846,194,2026-04-06 14:29:57,,
5126879,846,194,2026-04-06 14:29:57,,
5126880,846,194,2026-04-06 14:29:57,,
5126881,846,194,2026-04-06 14:29:57,,
5126882,846,194,2026-04-06 14:29:57,,
5126883,846,194,2026-04-06 14:29:57,,
5126884,846,194,2026-04-06 14:29:57,,
5126885,846,194,2026-04-06 14:29:57,,
5126886,846,194,2026-04-06 14:29:57,,
5126887,846,194,2026-04-06 14:29:57,,
5126888,846,194,2026-04-06 14:29:57,,
5126889,846,194,2026-04-06 14:29:57,,
5126890,846,194,2026-04-06 14:29:57,,
5126891,846,194,2026-04-06 14:29:57,,
5126892,846,194,2026-04-06 14:29:57,,
5126893,846,194,2026-04-06 14:29:57,,
5126894,846,194,2026-04-06 14:29:57,,
5126895,846,194,2026-04-06 14:29:57,,
5128096,846,194,2026-04-06 14:29:57,,
5128097,846,194,2026-04-06 14:29:57,,
5128098,846,194,2026-04-06 14:29:57,,
5128099,846,194,2026-04-06 14:29:57,,
5128100,846,194,2026-04-06 14:29:57,,
5128101,846,194,2026-04-06 14:29:57,,
5128102,846,194,2026-04-06 14:29:57,,
5128103,846,194,2026-04-06 14:29:57,,
5128104,846,194,2026-04-06 14:29:57,,
5128105,846,194,2026-04-06 14:29:57,,
5128106,846,194,2026-04-06 14:29:57,,
5128107,846,194,2026-04-06 14:29:57,,
5128108,846,194,2026-04-06 14:29:57,,
5128109,846,194,2026-04-06 14:29:57,,
5128110,846,194,2026-04-06 14:29:57,,
5128111,846,194,2026-04-06 14:29:57,,
5128112,846,194,2026-04-06 14:29:57,,
5128113,846,194,2026-04-06 14:29:57,,
5128114,846,194,2026-04-06 14:29:57,,
5128115,846,194,2026-04-06 14:29:57,,
5128116,846,194,2026-04-06 14:29:57,,
5128117,846,194,2026-04-06 14:29:57,,
5128118,846,194,2026-04-06 14:29:57,,
5128119,846,194,2026-04-06 14:29:57,,
5128120,846,194,2026-04-06 14:29:57,,
5128121,846,194,2026-04-06 14:29:57,,
5128122,846,194,2026-04-06 14:29:57,,
5128123,846,194,2026-04-06 14:29:57,,
5128124,846,194,2026-04-06 14:29:57,,
5128125,846,194,2026-04-06 14:29:57,,
5128126,846,194,2026-04-06 14:29:57,,
5128127,846,194,2026-04-06 14:29:57,,
5128128,846,194,2026-04-06 14:29:57,,
5128129,846,194,2026-04-06 14:29:57,,
5128130,846,194,2026-04-06 14:29:57,,
5128131,846,194,2026-04-06 14:29:57,,
5128132,846,194,2026-04-06 14:29:57,,
5128133,846,194,2026-04-06 14:29:57,,
5128134,846,194,2026-04-06 14:29:57,,
5128135,846,194,2026-04-06 14:29:57,,
5128136,846,194,2026-04-06 14:29:57,,
5128137,846,194,2026-04-06 14:29:57,,
5128138,846,194,2026-04-06 14:29:57,,
5128139,846,194,2026-04-06 14:29:57,,
5128140,846,194,2026-04-06 14:29:57,,
5128141,846,194,2026-04-06 14:29:57,,
5128142,846,194,2026-04-06 14:29:57,,
5128143,846,194,2026-04-06 14:29:57,,
5128144,846,194,2026-04-06 14:29:57,,
5128145,846,194,2026-04-06 14:29:57,,
5128146,846,194,2026-04-06 14:29:57,,
5128147,846,194,2026-04-06 14:29:57,,
5128148,846,194,2026-04-06 14:29:57,,
5128149,846,194,2026-04-06 14:29:57,,
5128150,846,194,2026-04-06 14:29:57,,
5128151,846,194,2026-04-06 14:29:57,,
5128152,846,194,2026-04-06 14:29:57,,
5128153,846,194,2026-04-06 14:29:57,,
5128154,846,194,2026-04-06 14:29:57,,
5128155,846,194,2026-04-06 14:29:57,,
5128156,846,194,2026-04-06 14:29:57,,
5128157,846,194,2026-04-06 14:29:57,,
5128158,846,194,2026-04-06 14:29:57,,
5128159,846,194,2026-04-06 14:29:57,,
5128160,846,194,2026-04-06 14:29:57,,
5128161,846,194,2026-04-06 14:29:57,,
5128162,846,194,2026-04-06 14:29:57,,
5128163,846,194,2026-04-06 14:29:57,,
5128164,846,194,2026-04-06 14:29:57,,
5128165,846,194,2026-04-06 14:29:57,,
5128166,846,194,2026-04-06 14:29:57,,
5128167,846,194,2026-04-06 14:29:57,,
5128168,846,194,2026-04-06 14:29:57,,
5128169,846,194,2026-04-06 14:29:57,,
5128170,846,194,2026-04-06 14:29:57,,
5128171,846,194,2026-04-06 14:29:57,,
5128172,846,194,2026-04-06 14:29:57,,
5128173,846,194,2026-04-06 14:29:57,,
5128174,846,194,2026-04-06 14:29:57,,
5128175,846,194,2026-04-06 14:29:57,,
5128176,846,194,2026-04-06 14:29:57,,
5128177,846,194,2026-04-06 14:29:57,,
5128178,846,194,2026-04-06 14:29:57,,
5128179,846,194,2026-04-06 14:29:57,,
5128180,846,194,2026-04-06 14:29:57,,
5128181,846,194,2026-04-06 14:29:57,,
5128182,846,194,2026-04-06 14:29:57,,
5128183,846,194,2026-04-06 14:29:57,,
5128184,846,194,2026-04-06 14:29:57,,
5128185,846,194,2026-04-06 14:29:57,,
5128186,846,194,2026-04-06 14:29:57,,
5128187,846,194,2026-04-06 14:29:57,,
5128188,846,194,2026-04-06 14:29:57,,
5128189,846,194,2026-04-06 14:29:57,,
5128190,846,194,2026-04-06 14:29:57,,
5128191,846,194,2026-04-06 14:29:57,,
5128192,846,194,2026-04-06 14:29:57,,
5128193,846,194,2026-04-06 14:29:57,,
5128194,846,194,2026-04-06 14:29:57,,
5128195,846,194,2026-04-06 14:29:57,,
5128196,846,194,2026-04-06 14:29:57,,
5128197,846,194,2026-04-06 14:29:57,,
5128198,846,194,2026-04-06 14:29:57,,
5128199,846,194,2026-04-06 14:29:57,,
5128200,846,194,2026-04-06 14:29:57,,
5128201,846,194,2026-04-06 14:29:57,,
5128202,846,194,2026-04-06 14:29:57,,
5128203,846,194,2026-04-06 14:29:57,,
5128204,846,194,2026-04-06 14:29:57,,
5128205,846,194,2026-04-06 14:29:57,,
5128206,846,194,2026-04-06 14:29:57,,
5128207,846,194,2026-04-06 14:29:57,,
5128208,846,194,2026-04-06 14:29:57,,
5128209,846,194,2026-04-06 14:29:57,,
5128210,846,194,2026-04-06 14:29:57,,
5128211,846,194,2026-04-06 14:29:57,,
5128212,846,194,2026-04-06 14:29:57,,
5128213,846,194,2026-04-06 14:29:57,,
5128214,846,194,2026-04-06 14:29:57,,
5128215,846,194,2026-04-06 14:29:57,,
5128216,846,194,2026-04-06 14:29:57,,
5128217,846,194,2026-04-06 14:29:57,,
5128218,846,194,2026-04-06 14:29:57,,
5128219,846,194,2026-04-06 14:29:57,,
5128220,846,194,2026-04-06 14:29:57,,
5128221,846,194,2026-04-06 14:29:57,,
5128222,846,194,2026-04-06 14:29:57,,
5128223,846,194,2026-04-06 14:29:57,,
5128224,846,194,2026-04-06 14:29:57,,
5128225,846,194,2026-04-06 14:29:57,,
5128226,846,194,2026-04-06 14:29:57,,
5128227,846,194,2026-04-06 14:29:57,,
5128228,846,194,2026-04-06 14:29:57,,
5128229,846,194,2026-04-06 14:29:57,,
5128230,846,194,2026-04-06 14:29:57,,
5128231,846,194,2026-04-06 14:29:57,,
5128232,846,194,2026-04-06 14:29:57,,
5128233,846,194,2026-04-06 14:29:57,,
5128234,846,194,2026-04-06 14:29:57,,
5128235,846,194,2026-04-06 14:29:57,,
5128236,846,194,2026-04-06 14:29:57,,
5128237,846,194,2026-04-06 14:29:57,,
5128238,846,194,2026-04-06 14:29:57,,
5128239,846,194,2026-04-06 14:29:57,,
5128240,846,194,2026-04-06 14:29:57,,
5128241,846,194,2026-04-06 14:29:57,,
5128242,846,194,2026-04-06 14:29:57,,
5128243,846,194,2026-04-06 14:29:57,,
5128244,846,194,2026-04-06 14:29:57,,
5128245,846,194,2026-04-06 14:29:57,,
5128246,846,194,2026-04-06 14:29:57,,
5128247,846,194,2026-04-06 14:29:57,,
5128248,846,194,2026-04-06 14:29:57,,
5128249,846,194,2026-04-06 14:29:57,,
5128250,846,194,2026-04-06 14:29:57,,
5128251,846,194,2026-04-06 14:29:57,,
5128252,846,194,2026-04-06 14:29:57,,
5128253,846,194,2026-04-06 14:29:57,,
5128254,846,194,2026-04-06 14:29:57,,
5128255,846,194,2026-04-06 14:29:57,,
5128256,846,194,2026-04-06 14:29:57,,
5128257,846,194,2026-04-06 14:29:57,,
5128258,846,194,2026-04-06 14:29:57,,
5128259,846,194,2026-04-06 14:29:57,,
5128260,846,194,2026-04-06 14:29:57,,
5128261,846,194,2026-04-06 14:29:57,,
5128262,846,194,2026-04-06 14:29:57,,
5128263,846,194,2026-04-06 14:29:57,,
5128264,846,194,2026-04-06 14:29:57,,
5128265,846,194,2026-04-06 14:29:57,,
5128266,846,194,2026-04-06 14:29:57,,
5128267,846,194,2026-04-06 14:29:57,,
5128268,846,194,2026-04-06 14:29:57,,
5128269,846,194,2026-04-06 14:29:57,,
5128270,846,194,2026-04-06 14:29:57,,
5128271,846,194,2026-04-06 14:29:57,,
5128272,846,194,2026-04-06 14:29:57,,
5128273,846,194,2026-04-06 14:29:57,,
5128274,846,194,2026-04-06 14:29:57,,
5128275,846,194,2026-04-06 14:29:57,,
5128276,846,194,2026-04-06 14:29:57,,
5128277,846,194,2026-04-06 14:29:57,,
5128278,846,194,2026-04-06 14:29:57,,
5128279,846,194,2026-04-06 14:29:57,,
5128280,846,194,2026-04-06 14:29:57,,
5128281,846,194,2026-04-06 14:29:57,,
5128282,846,194,2026-04-06 14:29:57,,
5128283,846,194,2026-04-06 14:29:57,,
5128284,846,194,2026-04-06 14:29:57,,
5128285,846,194,2026-04-06 14:29:57,,
5128286,846,194,2026-04-06 14:29:57,,
5128287,846,194,2026-04-06 14:29:57,,
5128288,846,194,2026-04-06 14:29:57,,
5128289,846,194,2026-04-06 14:29:57,,
5128290,846,194,2026-04-06 14:29:57,,
5128291,846,194,2026-04-06 14:29:57,,
5128292,846,194,2026-04-06 14:29:57,,
5128293,846,194,2026-04-06 14:29:57,,
5128294,846,194,2026-04-06 14:29:57,,
5128295,846,194,2026-04-06 14:29:57,,
5127896,846,194,2026-04-06 14:29:57,,
5127897,846,194,2026-04-06 14:29:57,,
5127898,846,194,2026-04-06 14:29:57,,
5127899,846,194,2026-04-06 14:29:57,,
5127900,846,194,2026-04-06 14:29:57,,
5127901,846,194,2026-04-06 14:29:57,,
5127902,846,194,2026-04-06 14:29:57,,
5127903,846,194,2026-04-06 14:29:57,,
5127904,846,194,2026-04-06 14:29:57,,
5127905,846,194,2026-04-06 14:29:57,,
5127906,846,194,2026-04-06 14:29:57,,
5127907,846,194,2026-04-06 14:29:57,,
5127908,846,194,2026-04-06 14:29:57,,
5127909,846,194,2026-04-06 14:29:57,,
5127910,846,194,2026-04-06 14:29:57,,
5127911,846,194,2026-04-06 14:29:57,,
5127912,846,194,2026-04-06 14:29:57,,
5127913,846,194,2026-04-06 14:29:57,,
5127914,846,194,2026-04-06 14:29:57,,
5127915,846,194,2026-04-06 14:29:57,,
5127916,846,194,2026-04-06 14:29:57,,
5127917,846,194,2026-04-06 14:29:57,,
5127918,846,194,2026-04-06 14:29:57,,
5127919,846,194,2026-04-06 14:29:57,,
5127920,846,194,2026-04-06 14:29:57,,
5127921,846,194,2026-04-06 14:29:57,,
5127922,846,194,2026-04-06 14:29:57,,
5127923,846,194,2026-04-06 14:29:57,,
5127924,846,194,2026-04-06 14:29:57,,
5127925,846,194,2026-04-06 14:29:57,,
5127926,846,194,2026-04-06 14:29:57,,
5127927,846,194,2026-04-06 14:29:57,,
5127928,846,194,2026-04-06 14:29:57,,
5127929,846,194,2026-04-06 14:29:57,,
5127930,846,194,2026-04-06 14:29:57,,
5127931,846,194,2026-04-06 14:29:57,,
5127932,846,194,2026-04-06 14:29:57,,
5127933,846,194,2026-04-06 14:29:57,,
5127934,846,194,2026-04-06 14:29:57,,
5127935,846,194,2026-04-06 14:29:57,,
5127936,846,194,2026-04-06 14:29:57,,
5127937,846,194,2026-04-06 14:29:57,,
5127938,846,194,2026-04-06 14:29:57,,
5127939,846,194,2026-04-06 14:29:57,,
5127940,846,194,2026-04-06 14:29:57,,
5127941,846,194,2026-04-06 14:29:57,,
5127942,846,194,2026-04-06 14:29:57,,
5127943,846,194,2026-04-06 14:29:57,,
5127944,846,194,2026-04-06 14:29:57,,
5127945,846,194,2026-04-06 14:29:57,,
5127946,846,194,2026-04-06 14:29:57,,
5127947,846,194,2026-04-06 14:29:57,,
5127948,846,194,2026-04-06 14:29:57,,
5127949,846,194,2026-04-06 14:29:57,,
5127950,846,194,2026-04-06 14:29:57,,
5127951,846,194,2026-04-06 14:29:57,,
5127952,846,194,2026-04-06 14:29:57,,
5127953,846,194,2026-04-06 14:29:57,,
5127954,846,194,2026-04-06 14:29:57,,
5127955,846,194,2026-04-06 14:29:57,,
5127956,846,194,2026-04-06 14:29:57,,
5127957,846,194,2026-04-06 14:29:57,,
5127958,846,194,2026-04-06 14:29:57,,
5127959,846,194,2026-04-06 14:29:57,,
5127960,846,194,2026-04-06 14:29:57,,
5127961,846,194,2026-04-06 14:29:57,,
5127962,846,194,2026-04-06 14:29:57,,
5127963,846,194,2026-04-06 14:29:57,,
5127964,846,194,2026-04-06 14:29:57,,
5127965,846,194,2026-04-06 14:29:57,,
5127966,846,194,2026-04-06 14:29:57,,
5127967,846,194,2026-04-06 14:29:57,,
5127968,846,194,2026-04-06 14:29:57,,
5127969,846,194,2026-04-06 14:29:57,,
5127970,846,194,2026-04-06 14:29:57,,
5127971,846,194,2026-04-06 14:29:57,,
5127972,846,194,2026-04-06 14:29:57,,
5127973,846,194,2026-04-06 14:29:57,,
5127974,846,194,2026-04-06 14:29:57,,
5127975,846,194,2026-04-06 14:29:57,,
5127976,846,194,2026-04-06 14:29:57,,
5127977,846,194,2026-04-06 14:29:57,,
5127978,846,194,2026-04-06 14:29:57,,
5127979,846,194,2026-04-06 14:29:57,,
5127980,846,194,2026-04-06 14:29:57,,
5127981,846,194,2026-04-06 14:29:57,,
5127982,846,194,2026-04-06 14:29:57,,
5127983,846,194,2026-04-06 14:29:57,,
5127984,846,194,2026-04-06 14:29:57,,
5127985,846,194,2026-04-06 14:29:57,,
5127986,846,194,2026-04-06 14:29:57,,
5127987,846,194,2026-04-06 14:29:57,,
5127988,846,194,2026-04-06 14:29:57,,
5127989,846,194,2026-04-06 14:29:57,,
5127990,846,194,2026-04-06 14:29:57,,
5127991,846,194,2026-04-06 14:29:57,,
5127992,846,194,2026-04-06 14:29:57,,
5127993,846,194,2026-04-06 14:29:57,,
5127994,846,194,2026-04-06 14:29:57,,
5127995,846,194,2026-04-06 14:29:57,,
5127996,846,194,2026-04-06 14:29:57,,
5127997,846,194,2026-04-06 14:29:57,,
5127998,846,194,2026-04-06 14:29:57,,
5127999,846,194,2026-04-06 14:29:57,,
5128000,846,194,2026-04-06 14:29:57,,
5128001,846,194,2026-04-06 14:29:57,,
5128002,846,194,2026-04-06 14:29:57,,
5128003,846,194,2026-04-06 14:29:57,,
5128004,846,194,2026-04-06 14:29:57,,
5128005,846,194,2026-04-06 14:29:57,,
5128006,846,194,2026-04-06 14:29:57,,
5128007,846,194,2026-04-06 14:29:57,,
5128008,846,194,2026-04-06 14:29:57,,
5128009,846,194,2026-04-06 14:29:57,,
5128010,846,194,2026-04-06 14:29:57,,
5128011,846,194,2026-04-06 14:29:57,,
5128012,846,194,2026-04-06 14:29:57,,
5128013,846,194,2026-04-06 14:29:57,,
5128014,846,194,2026-04-06 14:29:57,,
5128015,846,194,2026-04-06 14:29:57,,
5128016,846,194,2026-04-06 14:29:57,,
5128017,846,194,2026-04-06 14:29:57,,
5128018,846,194,2026-04-06 14:29:57,,
5128019,846,194,2026-04-06 14:29:57,,
5128020,846,194,2026-04-06 14:29:57,,
5128021,846,194,2026-04-06 14:29:57,,
5128022,846,194,2026-04-06 14:29:57,,
5128023,846,194,2026-04-06 14:29:57,,
5128024,846,194,2026-04-06 14:29:57,,
5128025,846,194,2026-04-06 14:29:57,,
5128026,846,194,2026-04-06 14:29:57,,
5128027,846,194,2026-04-06 14:29:57,,
5128028,846,194,2026-04-06 14:29:57,,
5128029,846,194,2026-04-06 14:29:57,,
5128030,846,194,2026-04-06 14:29:57,,
5128031,846,194,2026-04-06 14:29:57,,
5128032,846,194,2026-04-06 14:29:57,,
5128033,846,194,2026-04-06 14:29:57,,
5128034,846,194,2026-04-06 14:29:57,,
5128035,846,194,2026-04-06 14:29:57,,
5128036,846,194,2026-04-06 14:29:57,,
5128037,846,194,2026-04-06 14:29:57,,
5128038,846,194,2026-04-06 14:29:57,,
5128039,846,194,2026-04-06 14:29:57,,
5128040,846,194,2026-04-06 14:29:57,,
5128041,846,194,2026-04-06 14:29:57,,
5128042,846,194,2026-04-06 14:29:57,,
5128043,846,194,2026-04-06 14:29:57,,
5128044,846,194,2026-04-06 14:29:57,,
5128045,846,194,2026-04-06 14:29:57,,
5128046,846,194,2026-04-06 14:29:57,,
5128047,846,194,2026-04-06 14:29:57,,
5128048,846,194,2026-04-06 14:29:57,,
5128049,846,194,2026-04-06 14:29:57,,
5128050,846,194,2026-04-06 14:29:57,,
5128051,846,194,2026-04-06 14:29:57,,
5128052,846,194,2026-04-06 14:29:57,,
5128053,846,194,2026-04-06 14:29:57,,
5128054,846,194,2026-04-06 14:29:57,,
5128055,846,194,2026-04-06 14:29:57,,
5128056,846,194,2026-04-06 14:29:57,,
5128057,846,194,2026-04-06 14:29:57,,
5128058,846,194,2026-04-06 14:29:57,,
5128059,846,194,2026-04-06 14:29:57,,
5128060,846,194,2026-04-06 14:29:57,,
5128061,846,194,2026-04-06 14:29:57,,
5128062,846,194,2026-04-06 14:29:57,,
5128063,846,194,2026-04-06 14:29:57,,
5128064,846,194,2026-04-06 14:29:57,,
5128065,846,194,2026-04-06 14:29:57,,
5128066,846,194,2026-04-06 14:29:57,,
5128067,846,194,2026-04-06 14:29:57,,
5128068,846,194,2026-04-06 14:29:57,,
5128069,846,194,2026-04-06 14:29:57,,
5128070,846,194,2026-04-06 14:29:57,,
5128071,846,194,2026-04-06 14:29:57,,
5128072,846,194,2026-04-06 14:29:57,,
5128073,846,194,2026-04-06 14:29:57,,
5128074,846,194,2026-04-06 14:29:57,,
5128075,846,194,2026-04-06 14:29:57,,
5128076,846,194,2026-04-06 14:29:57,,
5128077,846,194,2026-04-06 14:29:57,,
5128078,846,194,2026-04-06 14:29:57,,
5128079,846,194,2026-04-06 14:29:57,,
5128080,846,194,2026-04-06 14:29:57,,
5128081,846,194,2026-04-06 14:29:57,,
5128082,846,194,2026-04-06 14:29:57,,
5128083,846,194,2026-04-06 14:29:57,,
5128084,846,194,2026-04-06 14:29:57,,
5128085,846,194,2026-04-06 14:29:57,,
5128086,846,194,2026-04-06 14:29:57,,
5128087,846,194,2026-04-06 14:29:57,,
5128088,846,194,2026-04-06 14:29:57,,
5128089,846,194,2026-04-06 14:29:57,,
5128090,846,194,2026-04-06 14:29:57,,
5128091,846,194,2026-04-06 14:29:57,,
5128092,846,194,2026-04-06 14:29:57,,
5128093,846,194,2026-04-06 14:29:57,,
5128094,846,194,2026-04-06 14:29:57,,
5128095,846,194,2026-04-06 14:29:57,,
5128296,846,194,2026-04-06 14:29:57,,
5128297,846,194,2026-04-06 14:29:57,,
5128298,846,194,2026-04-06 14:29:57,,
5128299,846,194,2026-04-06 14:29:57,,
5128300,846,194,2026-04-06 14:29:57,,
5128301,846,194,2026-04-06 14:29:57,,
5128302,846,194,2026-04-06 14:29:57,,
5128303,846,194,2026-04-06 14:29:57,,
5128304,846,194,2026-04-06 14:29:57,,
5128305,846,194,2026-04-06 14:29:57,,
5128306,846,194,2026-04-06 14:29:57,,
5128307,846,194,2026-04-06 14:29:57,,
5128308,846,194,2026-04-06 14:29:57,,
5128309,846,194,2026-04-06 14:29:57,,
5128310,846,194,2026-04-06 14:29:57,,
5128311,846,194,2026-04-06 14:29:57,,
5128312,846,194,2026-04-06 14:29:57,,
5128313,846,194,2026-04-06 14:29:57,,
5128314,846,194,2026-04-06 14:29:57,,
5128315,846,194,2026-04-06 14:29:57,,
5128316,846,194,2026-04-06 14:29:57,,
5128317,846,194,2026-04-06 14:29:57,,
5128318,846,194,2026-04-06 14:29:57,,
5128319,846,194,2026-04-06 14:29:57,,
5128320,846,194,2026-04-06 14:29:57,,
5128321,846,194,2026-04-06 14:29:57,,
5128322,846,194,2026-04-06 14:29:57,,
5128323,846,194,2026-04-06 14:29:57,,
5128324,846,194,2026-04-06 14:29:57,,
5128325,846,194,2026-04-06 14:29:57,,
5128326,846,194,2026-04-06 14:29:57,,
5128327,846,194,2026-04-06 14:29:57,,
5128328,846,194,2026-04-06 14:29:57,,
5128329,846,194,2026-04-06 14:29:57,,
5128330,846,194,2026-04-06 14:29:57,,
5128331,846,194,2026-04-06 14:29:57,,
5128332,846,194,2026-04-06 14:29:57,,
5128333,846,194,2026-04-06 14:29:57,,
5128334,846,194,2026-04-06 14:29:57,,
5128335,846,194,2026-04-06 14:29:57,,
5128336,846,194,2026-04-06 14:29:57,,
5128337,846,194,2026-04-06 14:29:57,,
5128338,846,194,2026-04-06 14:29:57,,
5128339,846,194,2026-04-06 14:29:57,,
5128340,846,194,2026-04-06 14:29:57,,
5128341,846,194,2026-04-06 14:29:57,,
5128342,846,194,2026-04-06 14:29:57,,
5128343,846,194,2026-04-06 14:29:57,,
5128344,846,194,2026-04-06 14:29:57,,
5128345,846,194,2026-04-06 14:29:57,,
5128346,846,194,2026-04-06 14:29:57,,
5128347,846,194,2026-04-06 14:29:57,,
5128348,846,194,2026-04-06 14:29:57,,
5128349,846,194,2026-04-06 14:29:57,,
5128350,846,194,2026-04-06 14:29:57,,
5128351,846,194,2026-04-06 14:29:57,,
5128352,846,194,2026-04-06 14:29:57,,
5128353,846,194,2026-04-06 14:29:57,,
5128354,846,194,2026-04-06 14:29:57,,
5128355,846,194,2026-04-06 14:29:57,,
5128356,846,194,2026-04-06 14:29:57,,
5128357,846,194,2026-04-06 14:29:57,,
5128358,846,194,2026-04-06 14:29:57,,
5128359,846,194,2026-04-06 14:29:57,,
5128360,846,194,2026-04-06 14:29:57,,
5128361,846,194,2026-04-06 14:29:57,,
5128362,846,194,2026-04-06 14:29:57,,
5128363,846,194,2026-04-06 14:29:57,,
5128364,846,194,2026-04-06 14:29:57,,
5128365,846,194,2026-04-06 14:29:57,,
5128366,846,194,2026-04-06 14:29:57,,
5128367,846,194,2026-04-06 14:29:57,,
5128368,846,194,2026-04-06 14:29:57,,
5128369,846,194,2026-04-06 14:29:57,,
5128370,846,194,2026-04-06 14:29:57,,
5128371,846,194,2026-04-06 14:29:57,,
5128372,846,194,2026-04-06 14:29:57,,
5128373,846,194,2026-04-06 14:29:57,,
5128374,846,194,2026-04-06 14:29:57,,
5128375,846,194,2026-04-06 14:29:57,,
5128376,846,194,2026-04-06 14:29:57,,
5128377,846,194,2026-04-06 14:29:57,,
5128378,846,194,2026-04-06 14:29:57,,
5128379,846,194,2026-04-06 14:29:57,,
5128380,846,194,2026-04-06 14:29:57,,
5128381,846,194,2026-04-06 14:29:57,,
5128382,846,194,2026-04-06 14:29:57,,
5128383,846,194,2026-04-06 14:29:57,,
5128384,846,194,2026-04-06 14:29:57,,
5128385,846,194,2026-04-06 14:29:57,,
5128386,846,194,2026-04-06 14:29:57,,
5128387,846,194,2026-04-06 14:29:57,,
5128388,846,194,2026-04-06 14:29:57,,
5128389,846,194,2026-04-06 14:29:57,,
5128390,846,194,2026-04-06 14:29:57,,
5128391,846,194,2026-04-06 14:29:57,,
5128392,846,194,2026-04-06 14:29:57,,
5128393,846,194,2026-04-06 14:29:57,,
5128394,846,194,2026-04-06 14:29:57,,
5128395,846,194,2026-04-06 14:29:57,,
5128396,846,194,2026-04-06 14:29:57,,
5128397,846,194,2026-04-06 14:29:57,,
5128398,846,194,2026-04-06 14:29:57,,
5128399,846,194,2026-04-06 14:29:57,,
5128400,846,194,2026-04-06 14:29:57,,
5128401,846,194,2026-04-06 14:29:57,,
5128402,846,194,2026-04-06 14:29:57,,
5128403,846,194,2026-04-06 14:29:57,,
5128404,846,194,2026-04-06 14:29:57,,
5128405,846,194,2026-04-06 14:29:57,,
5128406,846,194,2026-04-06 14:29:57,,
5128407,846,194,2026-04-06 14:29:57,,
5128408,846,194,2026-04-06 14:29:57,,
5128409,846,194,2026-04-06 14:29:57,,
5128410,846,194,2026-04-06 14:29:57,,
5128411,846,194,2026-04-06 14:29:57,,
5128412,846,194,2026-04-06 14:29:57,,
5128413,846,194,2026-04-06 14:29:57,,
5128414,846,194,2026-04-06 14:29:57,,
5128415,846,194,2026-04-06 14:29:57,,
5128416,846,194,2026-04-06 14:29:57,,
5128417,846,194,2026-04-06 14:29:57,,
5128418,846,194,2026-04-06 14:29:57,,
5128419,846,194,2026-04-06 14:29:57,,
5128420,846,194,2026-04-06 14:29:57,,
5128421,846,194,2026-04-06 14:29:57,,
5128422,846,194,2026-04-06 14:29:57,,
5128423,846,194,2026-04-06 14:29:57,,
5128424,846,194,2026-04-06 14:29:57,,
5128425,846,194,2026-04-06 14:29:57,,
5128426,846,194,2026-04-06 14:29:57,,
5128427,846,194,2026-04-06 14:29:57,,
5128428,846,194,2026-04-06 14:29:57,,
5128429,846,194,2026-04-06 14:29:57,,
5128430,846,194,2026-04-06 14:29:57,,
5128431,846,194,2026-04-06 14:29:57,,
5128432,846,194,2026-04-06 14:29:57,,
5128433,846,194,2026-04-06 14:29:57,,
5128434,846,194,2026-04-06 14:29:57,,
5128435,846,194,2026-04-06 14:29:57,,
5128436,846,194,2026-04-06 14:29:57,,
5128437,846,194,2026-04-06 14:29:57,,
5128438,846,194,2026-04-06 14:29:57,,
5128439,846,194,2026-04-06 14:29:57,,
5128440,846,194,2026-04-06 14:29:57,,
5128441,846,194,2026-04-06 14:29:57,,
5128442,846,194,2026-04-06 14:29:57,,
5128443,846,194,2026-04-06 14:29:57,,
5128444,846,194,2026-04-06 14:29:57,,
5128445,846,194,2026-04-06 14:29:57,,
5128446,846,194,2026-04-06 14:29:57,,
5128447,846,194,2026-04-06 14:29:57,,
5128448,846,194,2026-04-06 14:29:57,,
5128449,846,194,2026-04-06 14:29:57,,
5128450,846,194,2026-04-06 14:29:57,,
5128451,846,194,2026-04-06 14:29:57,,
5128452,846,194,2026-04-06 14:29:57,,
5128453,846,194,2026-04-06 14:29:57,,
5128454,846,194,2026-04-06 14:29:57,,
5128455,846,194,2026-04-06 14:29:57,,
5128456,846,194,2026-04-06 14:29:57,,
5128457,846,194,2026-04-06 14:29:57,,
5128458,846,194,2026-04-06 14:29:57,,
5128459,846,194,2026-04-06 14:29:57,,
5128460,846,194,2026-04-06 14:29:57,,
5128461,846,194,2026-04-06 14:29:57,,
5128462,846,194,2026-04-06 14:29:57,,
5128463,846,194,2026-04-06 14:29:57,,
5128464,846,194,2026-04-06 14:29:57,,
5128465,846,194,2026-04-06 14:29:57,,
5128466,846,194,2026-04-06 14:29:57,,
5128467,846,194,2026-04-06 14:29:57,,
5128468,846,194,2026-04-06 14:29:57,,
5128469,846,194,2026-04-06 14:29:57,,
5128470,846,194,2026-04-06 14:29:57,,
5128471,846,194,2026-04-06 14:29:57,,
5128472,846,194,2026-04-06 14:29:57,,
5128473,846,194,2026-04-06 14:29:57,,
5128474,846,194,2026-04-06 14:29:57,,
5128475,846,194,2026-04-06 14:29:57,,
5128476,846,194,2026-04-06 14:29:57,,
5128477,846,194,2026-04-06 14:29:57,,
5128478,846,194,2026-04-06 14:29:57,,
5128479,846,194,2026-04-06 14:29:57,,
5128480,846,194,2026-04-06 14:29:57,,
5128481,846,194,2026-04-06 14:29:57,,
5128482,846,194,2026-04-06 14:29:57,,
5128483,846,194,2026-04-06 14:29:57,,
5128484,846,194,2026-04-06 14:29:57,,
5128485,846,194,2026-04-06 14:29:57,,
5128486,846,194,2026-04-06 14:29:57,,
5128487,846,194,2026-04-06 14:29:57,,
5128488,846,194,2026-04-06 14:29:57,,
5128489,846,194,2026-04-06 14:29:57,,
5128490,846,194,2026-04-06 14:29:57,,
5128491,846,194,2026-04-06 14:29:57,,
5128492,846,194,2026-04-06 14:29:57,,
5128493,846,194,2026-04-06 14:29:57,,
5128494,846,194,2026-04-06 14:29:57,,
5128495,846,194,2026-04-06 14:29:57,,
5128496,846,194,2026-04-06 14:29:57,,
5128497,846,194,2026-04-06 14:29:57,,
5128498,846,194,2026-04-06 14:29:57,,
5128499,846,194,2026-04-06 14:29:57,,
5128500,846,194,2026-04-06 14:29:57,,
5128501,846,194,2026-04-06 14:29:57,,
5128502,846,194,2026-04-06 14:29:57,,
5128503,846,194,2026-04-06 14:29:57,,
5128504,846,194,2026-04-06 14:29:57,,
5128505,846,194,2026-04-06 14:29:57,,
5128506,846,194,2026-04-06 14:29:57,,
5128507,846,194,2026-04-06 14:29:57,,
5128508,846,194,2026-04-06 14:29:57,,
5128509,846,194,2026-04-06 14:29:57,,
5128510,846,194,2026-04-06 14:29:57,,
5128511,846,194,2026-04-06 14:29:57,,
5128512,846,194,2026-04-06 14:29:57,,
5128513,846,194,2026-04-06 14:29:57,,
5128514,846,194,2026-04-06 14:29:57,,
5128515,846,194,2026-04-06 14:29:57,,
5128516,846,194,2026-04-06 14:29:57,,
5128517,846,194,2026-04-06 14:29:57,,
5128518,846,194,2026-04-06 14:29:57,,
5128519,846,194,2026-04-06 14:29:57,,
5128520,846,194,2026-04-06 14:29:57,,
5128521,846,194,2026-04-06 14:29:57,,
5128522,846,194,2026-04-06 14:29:57,,
5128523,846,194,2026-04-06 14:29:57,,
5128524,846,194,2026-04-06 14:29:57,,
5128525,846,194,2026-04-06 14:29:57,,
5128526,846,194,2026-04-06 14:29:57,,
5128527,846,194,2026-04-06 14:29:57,,
5128528,846,194,2026-04-06 14:29:57,,
5128529,846,194,2026-04-06 14:29:57,,
5128530,846,194,2026-04-06 14:29:57,,
5128531,846,194,2026-04-06 14:29:57,,
5128532,846,194,2026-04-06 14:29:57,,
5128533,846,194,2026-04-06 14:29:57,,
5128534,846,194,2026-04-06 14:29:57,,
5128535,846,194,2026-04-06 14:29:57,,
5128536,846,194,2026-04-06 14:29:57,,
5128537,846,194,2026-04-06 14:29:57,,
5128538,846,194,2026-04-06 14:29:57,,
5128539,846,194,2026-04-06 14:29:57,,
5128540,846,194,2026-04-06 14:29:57,,
5128541,846,194,2026-04-06 14:29:57,,
5128542,846,194,2026-04-06 14:29:57,,
5128543,846,194,2026-04-06 14:29:57,,
5128544,846,194,2026-04-06 14:29:57,,
5128545,846,194,2026-04-06 14:29:57,,
5128546,846,194,2026-04-06 14:29:57,,
5128547,846,194,2026-04-06 14:29:57,,
5128548,846,194,2026-04-06 14:29:57,,
5128549,846,194,2026-04-06 14:29:57,,
5128550,846,194,2026-04-06 14:29:57,,
5128551,846,194,2026-04-06 14:29:57,,
5128552,846,194,2026-04-06 14:29:57,,
5128553,846,194,2026-04-06 14:29:57,,
5128554,846,194,2026-04-06 14:29:57,,
5128555,846,194,2026-04-06 14:29:57,,
5128556,846,194,2026-04-06 14:29:57,,
5128557,846,194,2026-04-06 14:29:57,,
5128558,846,194,2026-04-06 14:29:57,,
5128559,846,194,2026-04-06 14:29:57,,
5128560,846,194,2026-04-06 14:29:57,,
5128561,846,194,2026-04-06 14:29:57,,
5128562,846,194,2026-04-06 14:29:57,,
5128563,846,194,2026-04-06 14:29:57,,
5128564,846,194,2026-04-06 14:29:57,,
5128565,846,194,2026-04-06 14:29:57,,
5128566,846,194,2026-04-06 14:29:57,,
5128567,846,194,2026-04-06 14:29:57,,
5128568,846,194,2026-04-06 14:29:57,,
5128569,846,194,2026-04-06 14:29:57,,
5128570,846,194,2026-04-06 14:29:57,,
5128571,846,194,2026-04-06 14:29:57,,
5128572,846,194,2026-04-06 14:29:57,,
5128573,846,194,2026-04-06 14:29:57,,
5128574,846,194,2026-04-06 14:29:57,,
5128575,846,194,2026-04-06 14:29:57,,
5128576,846,194,2026-04-06 14:29:57,,
5128577,846,194,2026-04-06 14:29:57,,
5128578,846,194,2026-04-06 14:29:57,,
5128579,846,194,2026-04-06 14:29:57,,
5128580,846,194,2026-04-06 14:29:57,,
5128581,846,194,2026-04-06 14:29:57,,
5128582,846,194,2026-04-06 14:29:57,,
5128583,846,194,2026-04-06 14:29:57,,
5128584,846,194,2026-04-06 14:29:57,,
5128585,846,194,2026-04-06 14:29:57,,
5128586,846,194,2026-04-06 14:29:57,,
5128587,846,194,2026-04-06 14:29:57,,
5128588,846,194,2026-04-06 14:29:57,,
5128589,846,194,2026-04-06 14:29:57,,
5128590,846,194,2026-04-06 14:29:57,,
5128591,846,194,2026-04-06 14:29:57,,
5128592,846,194,2026-04-06 14:29:57,,
5128593,846,194,2026-04-06 14:29:57,,
5128594,846,194,2026-04-06 14:29:57,,
5128595,846,194,2026-04-06 14:29:57,,
5128596,846,194,2026-04-06 14:29:57,,
5128597,846,194,2026-04-06 14:29:57,,
5128598,846,194,2026-04-06 14:29:57,,
5128599,846,194,2026-04-06 14:29:57,,
5128600,846,194,2026-04-06 14:29:57,,
5128601,846,194,2026-04-06 14:29:57,,
5128602,846,194,2026-04-06 14:29:57,,
5128603,846,194,2026-04-06 14:29:57,,
5128604,846,194,2026-04-06 14:29:57,,
5128605,846,194,2026-04-06 14:29:57,,
5128606,846,194,2026-04-06 14:29:57,,
5128607,846,194,2026-04-06 14:29:57,,
5128608,846,194,2026-04-06 14:29:57,,
5128609,846,194,2026-04-06 14:29:57,,
5128610,846,194,2026-04-06 14:29:57,,
5128611,846,194,2026-04-06 14:29:57,,
5128612,846,194,2026-04-06 14:29:57,,
5128613,846,194,2026-04-06 14:29:57,,
5128614,846,194,2026-04-06 14:29:57,,
5128615,846,194,2026-04-06 14:29:57,,
5128616,846,194,2026-04-06 14:29:57,,
5128617,846,194,2026-04-06 14:29:57,,
5128618,846,194,2026-04-06 14:29:57,,
5128619,846,194,2026-04-06 14:29:57,,
5128620,846,194,2026-04-06 14:29:57,,
5128621,846,194,2026-04-06 14:29:57,,
5128622,846,194,2026-04-06 14:29:57,,
5128623,846,194,2026-04-06 14:29:57,,
5128624,846,194,2026-04-06 14:29:57,,
5128625,846,194,2026-04-06 14:29:57,,
5128626,846,194,2026-04-06 14:29:57,,
5128627,846,194,2026-04-06 14:29:57,,
5128628,846,194,2026-04-06 14:29:57,,
5128629,846,194,2026-04-06 14:29:57,,
5128630,846,194,2026-04-06 14:29:57,,
5128631,846,194,2026-04-06 14:29:57,,
5128632,846,194,2026-04-06 14:29:57,,
5128633,846,194,2026-04-06 14:29:57,,
5128634,846,194,2026-04-06 14:29:57,,
5128635,846,194,2026-04-06 14:29:57,,
5128636,846,194,2026-04-06 14:29:57,,
5128637,846,194,2026-04-06 14:29:57,,
5128638,846,194,2026-04-06 14:29:57,,
5128639,846,194,2026-04-06 14:29:57,,
5128640,846,194,2026-04-06 14:29:57,,
5128641,846,194,2026-04-06 14:29:57,,
5128642,846,194,2026-04-06 14:29:57,,
5128643,846,194,2026-04-06 14:29:57,,
5128644,846,194,2026-04-06 14:29:57,,
5128645,846,194,2026-04-06 14:29:57,,
5128646,846,194,2026-04-06 14:29:57,,
5128647,846,194,2026-04-06 14:29:57,,
5128648,846,194,2026-04-06 14:29:57,,
5128649,846,194,2026-04-06 14:29:57,,
5128650,846,194,2026-04-06 14:29:57,,
5128651,846,194,2026-04-06 14:29:57,,
5128652,846,194,2026-04-06 14:29:57,,
5128653,846,194,2026-04-06 14:29:57,,
5128654,846,194,2026-04-06 14:29:57,,
5128655,846,194,2026-04-06 14:29:57,,
5128656,846,194,2026-04-06 14:29:57,,
5128657,846,194,2026-04-06 14:29:57,,
5128658,846,194,2026-04-06 14:29:57,,
5128659,846,194,2026-04-06 14:29:57,,
5128660,846,194,2026-04-06 14:29:57,,
5128661,846,194,2026-04-06 14:29:57,,
5128662,846,194,2026-04-06 14:29:57,,
5128663,846,194,2026-04-06 14:29:57,,
5128664,846,194,2026-04-06 14:29:57,,
5128665,846,194,2026-04-06 14:29:57,,
5128666,846,194,2026-04-06 14:29:57,,
5128667,846,194,2026-04-06 14:29:57,,
5128668,846,194,2026-04-06 14:29:57,,
5128669,846,194,2026-04-06 14:29:57,,
5128670,846,194,2026-04-06 14:29:57,,
5128671,846,194,2026-04-06 14:29:57,,
5128672,846,194,2026-04-06 14:29:57,,
5128673,846,194,2026-04-06 14:29:57,,
5128674,846,194,2026-04-06 14:29:57,,
5128675,846,194,2026-04-06 14:29:57,,
5128676,846,194,2026-04-06 14:29:57,,
5128677,846,194,2026-04-06 14:29:57,,
5128678,846,194,2026-04-06 14:29:57,,
5128679,846,194,2026-04-06 14:29:57,,
5128680,846,194,2026-04-06 14:29:57,,
5128681,846,194,2026-04-06 14:29:57,,
5128682,846,194,2026-04-06 14:29:57,,
5128683,846,194,2026-04-06 14:29:57,,
5128684,846,194,2026-04-06 14:29:57,,
5128685,846,194,2026-04-06 14:29:57,,
5128686,846,194,2026-04-06 14:29:57,,
5128687,846,194,2026-04-06 14:29:57,,
5128688,846,194,2026-04-06 14:29:57,,
5128689,846,194,2026-04-06 14:29:57,,
5128690,846,194,2026-04-06 14:29:57,,
5128691,846,194,2026-04-06 14:29:57,,
5128692,846,194,2026-04-06 14:29:57,,
5128693,846,194,2026-04-06 14:29:57,,
5128694,846,194,2026-04-06 14:29:57,,
5128695,846,194,2026-04-06 14:29:57,,
5128696,846,194,2026-04-06 14:29:57,,
5128697,846,194,2026-04-06 14:29:57,,
5128698,846,194,2026-04-06 14:29:57,,
5128699,846,194,2026-04-06 14:29:57,,
5128700,846,194,2026-04-06 14:29:57,,
5128701,846,194,2026-04-06 14:29:57,,
5128702,846,194,2026-04-06 14:29:57,,
5128703,846,194,2026-04-06 14:29:57,,
5128704,846,194,2026-04-06 14:29:57,,
5128705,846,194,2026-04-06 14:29:57,,
5128706,846,194,2026-04-06 14:29:57,,
5128707,846,194,2026-04-06 14:29:57,,
5128708,846,194,2026-04-06 14:29:57,,
5128709,846,194,2026-04-06 14:29:57,,
5128710,846,194,2026-04-06 14:29:57,,
5128711,846,194,2026-04-06 14:29:57,,
5128712,846,194,2026-04-06 14:29:57,,
5128713,846,194,2026-04-06 14:29:57,,
5128714,846,194,2026-04-06 14:29:57,,
5128715,846,194,2026-04-06 14:29:57,,
5128716,846,194,2026-04-06 14:29:57,,
5128717,846,194,2026-04-06 14:29:57,,
5128718,846,194,2026-04-06 14:29:57,,
5128719,846,194,2026-04-06 14:29:57,,
5128720,846,194,2026-04-06 14:29:57,,
5128721,846,194,2026-04-06 14:29:57,,
5128722,846,194,2026-04-06 14:29:57,,
5128723,846,194,2026-04-06 14:29:57,,
5128724,846,194,2026-04-06 14:29:57,,
5128725,846,194,2026-04-06 14:29:57,,
5128726,846,194,2026-04-06 14:29:57,,
5128727,846,194,2026-04-06 14:29:57,,
5128728,846,194,2026-04-06 14:29:57,,
5128729,846,194,2026-04-06 14:29:57,,
5128730,846,194,2026-04-06 14:29:57,,
5128731,846,194,2026-04-06 14:29:57,,
5128732,846,194,2026-04-06 14:29:57,,
5128733,846,194,2026-04-06 14:29:57,,
5128734,846,194,2026-04-06 14:29:57,,
5128735,846,194,2026-04-06 14:29:57,,
5128736,846,194,2026-04-06 14:29:57,,
5128737,846,194,2026-04-06 14:29:57,,
5128738,846,194,2026-04-06 14:29:57,,
5128739,846,194,2026-04-06 14:29:57,,
5128740,846,194,2026-04-06 14:29:57,,
5128741,846,194,2026-04-06 14:29:57,,
5128742,846,194,2026-04-06 14:29:57,,
5128743,846,194,2026-04-06 14:29:57,,
5128744,846,194,2026-04-06 14:29:57,,
5128745,846,194,2026-04-06 14:29:57,,
5128746,846,194,2026-04-06 14:29:57,,
5128747,846,194,2026-04-06 14:29:57,,
5128748,846,194,2026-04-06 14:29:57,,
5128749,846,194,2026-04-06 14:29:57,,
5128750,846,194,2026-04-06 14:29:57,,
5128751,846,194,2026-04-06 14:29:57,,
5128752,846,194,2026-04-06 14:29:57,,
5128753,846,194,2026-04-06 14:29:57,,
5128754,846,194,2026-04-06 14:29:57,,
5128755,846,194,2026-04-06 14:29:57,,
5128756,846,194,2026-04-06 14:29:57,,
5128757,846,194,2026-04-06 14:29:57,,
5128758,846,194,2026-04-06 14:29:57,,
5128759,846,194,2026-04-06 14:29:57,,
5128760,846,194,2026-04-06 14:29:57,,
5128761,846,194,2026-04-06 14:29:57,,
5128762,846,194,2026-04-06 14:29:57,,
5128763,846,194,2026-04-06 14:29:57,,
5128764,846,194,2026-04-06 14:29:57,,
5128765,846,194,2026-04-06 14:29:57,,
5128766,846,194,2026-04-06 14:29:57,,
5128767,846,194,2026-04-06 14:29:57,,
5128768,846,194,2026-04-06 14:29:57,,
5128769,846,194,2026-04-06 14:29:57,,
5128770,846,194,2026-04-06 14:29:57,,
5128771,846,194,2026-04-06 14:29:57,,
5128772,846,194,2026-04-06 14:29:57,,
5128773,846,194,2026-04-06 14:29:57,,
5128774,846,194,2026-04-06 14:29:57,,
5128775,846,194,2026-04-06 14:29:57,,
5128776,846,194,2026-04-06 14:29:57,,
5128777,846,194,2026-04-06 14:29:57,,
5128778,846,194,2026-04-06 14:29:57,,
5128779,846,194,2026-04-06 14:29:57,,
5128780,846,194,2026-04-06 14:29:57,,
5128781,846,194,2026-04-06 14:29:57,,
5128782,846,194,2026-04-06 14:29:57,,
5128783,846,194,2026-04-06 14:29:57,,
5128784,846,194,2026-04-06 14:29:57,,
5128785,846,194,2026-04-06 14:29:57,,
5128786,846,194,2026-04-06 14:29:57,,
5128787,846,194,2026-04-06 14:29:57,,
5128788,846,194,2026-04-06 14:29:57,,
5128789,846,194,2026-04-06 14:29:57,,
5128790,846,194,2026-04-06 14:29:57,,
5128791,846,194,2026-04-06 14:29:57,,
5128792,846,194,2026-04-06 14:29:57,,
5128793,846,194,2026-04-06 14:29:57,,
5128794,846,194,2026-04-06 14:29:57,,
5128795,846,194,2026-04-06 14:29:57,,
5128796,846,194,2026-04-06 14:29:57,,
5128797,846,194,2026-04-06 14:29:57,,
5128798,846,194,2026-04-06 14:29:57,,
5128799,846,194,2026-04-06 14:29:57,,
5128800,846,194,2026-04-06 14:29:57,,
5128801,846,194,2026-04-06 14:29:57,,
5128802,846,194,2026-04-06 14:29:57,,
5128803,846,194,2026-04-06 14:29:57,,
5128804,846,194,2026-04-06 14:29:57,,
5128805,846,194,2026-04-06 14:29:57,,
5128806,846,194,2026-04-06 14:29:57,,
5128807,846,194,2026-04-06 14:29:57,,
5128808,846,194,2026-04-06 14:29:57,,
5128809,846,194,2026-04-06 14:29:57,,
5128810,846,194,2026-04-06 14:29:57,,
5128811,846,194,2026-04-06 14:29:57,,
5128812,846,194,2026-04-06 14:29:57,,
5128813,846,194,2026-04-06 14:29:57,,
5128814,846,194,2026-04-06 14:29:57,,
5128815,846,194,2026-04-06 14:29:57,,
5128816,846,194,2026-04-06 14:29:57,,
5128817,846,194,2026-04-06 14:29:57,,
5128818,846,194,2026-04-06 14:29:57,,
5128819,846,194,2026-04-06 14:29:57,,
5128820,846,194,2026-04-06 14:29:57,,
5128821,846,194,2026-04-06 14:29:57,,
5128822,846,194,2026-04-06 14:29:57,,
5128823,846,194,2026-04-06 14:29:57,,
5128824,846,194,2026-04-06 14:29:57,,
5128825,846,194,2026-04-06 14:29:57,,
5128826,846,194,2026-04-06 14:29:57,,
5128827,846,194,2026-04-06 14:29:57,,
5128828,846,194,2026-04-06 14:29:57,,
5128829,846,194,2026-04-06 14:29:57,,
5128830,846,194,2026-04-06 14:29:57,,
5128831,846,194,2026-04-06 14:29:57,,
5128832,846,194,2026-04-06 14:29:57,,
5128833,846,194,2026-04-06 14:29:57,,
5128834,846,194,2026-04-06 14:29:57,,
5128835,846,194,2026-04-06 14:29:57,,
5128836,846,194,2026-04-06 14:29:57,,
5128837,846,194,2026-04-06 14:29:57,,
5128838,846,194,2026-04-06 14:29:57,,
5128839,846,194,2026-04-06 14:29:57,,
5128840,846,194,2026-04-06 14:29:57,,
5128841,846,194,2026-04-06 14:29:57,,
5128842,846,194,2026-04-06 14:29:57,,
5128843,846,194,2026-04-06 14:29:57,,
5128844,846,194,2026-04-06 14:29:57,,
5128845,846,194,2026-04-06 14:29:57,,
5128846,846,194,2026-04-06 14:29:57,,
5128847,846,194,2026-04-06 14:29:57,,
5128848,846,194,2026-04-06 14:29:57,,
5128849,846,194,2026-04-06 14:29:57,,
5128850,846,194,2026-04-06 14:29:57,,
5128851,846,194,2026-04-06 14:29:57,,
5128852,846,194,2026-04-06 14:29:57,,
5128853,846,194,2026-04-06 14:29:57,,
5128854,846,194,2026-04-06 14:29:57,,
5128855,846,194,2026-04-06 14:29:57,,
5128856,846,194,2026-04-06 14:29:57,,
5128857,846,194,2026-04-06 14:29:57,,
5128858,846,194,2026-04-06 14:29:57,,
5128859,846,194,2026-04-06 14:29:57,,
5128860,846,194,2026-04-06 14:29:57,,
5128861,846,194,2026-04-06 14:29:57,,
5128862,846,194,2026-04-06 14:29:57,,
5128863,846,194,2026-04-06 14:29:57,,
5128864,846,194,2026-04-06 14:29:57,,
5128865,846,194,2026-04-06 14:29:57,,
5128866,846,194,2026-04-06 14:29:57,,
5128867,846,194,2026-04-06 14:29:57,,
5128868,846,194,2026-04-06 14:29:57,,
5128869,846,194,2026-04-06 14:29:57,,
5128870,846,194,2026-04-06 14:29:57,,
5128871,846,194,2026-04-06 14:29:57,,
5128872,846,194,2026-04-06 14:29:57,,
5128873,846,194,2026-04-06 14:29:57,,
5128874,846,194,2026-04-06 14:29:57,,
5128875,846,194,2026-04-06 14:29:57,,
5128876,846,194,2026-04-06 14:29:57,,
5128877,846,194,2026-04-06 14:29:57,,
5128878,846,194,2026-04-06 14:29:57,,
5128879,846,194,2026-04-06 14:29:57,,
5128880,846,194,2026-04-06 14:29:57,,
5128881,846,194,2026-04-06 14:29:57,,
5128882,846,194,2026-04-06 14:29:57,,
5128883,846,194,2026-04-06 14:29:57,,
5128884,846,194,2026-04-06 14:29:57,,
5128885,846,194,2026-04-06 14:29:57,,
5128886,846,194,2026-04-06 14:29:57,,
5128887,846,194,2026-04-06 14:29:57,,
5128888,846,194,2026-04-06 14:29:57,,
5128889,846,194,2026-04-06 14:29:57,,
5128890,846,194,2026-04-06 14:29:57,,
5128891,846,194,2026-04-06 14:29:57,,
5128892,846,194,2026-04-06 14:29:57,,
5128893,846,194,2026-04-06 14:29:57,,
5128894,846,194,2026-04-06 14:29:57,,
5128895,846,194,2026-04-06 14:29:57,,
5129494,846,194,2026-04-06 14:29:57,,
5129495,846,194,2026-04-06 14:29:57,,
5129496,846,194,2026-04-06 14:29:57,,
5129497,846,194,2026-04-06 14:29:57,,
5129498,846,194,2026-04-06 14:29:57,,
5129499,846,194,2026-04-06 14:29:57,,
5129500,846,194,2026-04-06 14:29:57,,
5129501,846,194,2026-04-06 14:29:57,,
5129502,846,194,2026-04-06 14:29:57,,
5129503,846,194,2026-04-06 14:29:57,,
5129504,846,194,2026-04-06 14:29:57,,
5129505,846,194,2026-04-06 14:29:57,,
5129506,846,194,2026-04-06 14:29:57,,
5129507,846,194,2026-04-06 14:29:57,,
5129508,846,194,2026-04-06 14:29:57,,
5129509,846,194,2026-04-06 14:29:57,,
5129510,846,194,2026-04-06 14:29:57,,
5129511,846,194,2026-04-06 14:29:57,,
5129512,846,194,2026-04-06 14:29:57,,
5129513,846,194,2026-04-06 14:29:57,,
5129514,846,194,2026-04-06 14:29:57,,
5129515,846,194,2026-04-06 14:29:57,,
5129516,846,194,2026-04-06 14:29:57,,
5129517,846,194,2026-04-06 14:29:57,,
5129518,846,194,2026-04-06 14:29:57,,
5129519,846,194,2026-04-06 14:29:57,,
5129520,846,194,2026-04-06 14:29:57,,
5129521,846,194,2026-04-06 14:29:57,,
5129522,846,194,2026-04-06 14:29:57,,
5129523,846,194,2026-04-06 14:29:57,,
5129524,846,194,2026-04-06 14:29:57,,
5129525,846,194,2026-04-06 14:29:57,,
5129526,846,194,2026-04-06 14:29:57,,
5129527,846,194,2026-04-06 14:29:57,,
5129528,846,194,2026-04-06 14:29:57,,
5129529,846,194,2026-04-06 14:29:57,,
5129530,846,194,2026-04-06 14:29:57,,
5129531,846,194,2026-04-06 14:29:57,,
5129532,846,194,2026-04-06 14:29:57,,
5129533,846,194,2026-04-06 14:29:57,,
5129534,846,194,2026-04-06 14:29:57,,
5129535,846,194,2026-04-06 14:29:57,,
5129536,846,194,2026-04-06 14:29:57,,
5129537,846,194,2026-04-06 14:29:57,,
5129538,846,194,2026-04-06 14:29:57,,
5129539,846,194,2026-04-06 14:29:57,,
5129540,846,194,2026-04-06 14:29:57,,
5129541,846,194,2026-04-06 14:29:57,,
5129542,846,194,2026-04-06 14:29:57,,
5129543,846,194,2026-04-06 14:29:57,,
5129544,846,194,2026-04-06 14:29:57,,
5129545,846,194,2026-04-06 14:29:57,,
5129546,846,194,2026-04-06 14:29:57,,
5129547,846,194,2026-04-06 14:29:57,,
5129548,846,194,2026-04-06 14:29:57,,
5129549,846,194,2026-04-06 14:29:57,,
5129550,846,194,2026-04-06 14:29:57,,
5129551,846,194,2026-04-06 14:29:57,,
5129552,846,194,2026-04-06 14:29:57,,
5129553,846,194,2026-04-06 14:29:57,,
5129554,846,194,2026-04-06 14:29:57,,
5129555,846,194,2026-04-06 14:29:57,,
5129556,846,194,2026-04-06 14:29:57,,
5129557,846,194,2026-04-06 14:29:57,,
5129558,846,194,2026-04-06 14:29:57,,
5129559,846,194,2026-04-06 14:29:57,,
5129560,846,194,2026-04-06 14:29:57,,
5129561,846,194,2026-04-06 14:29:57,,
5129562,846,194,2026-04-06 14:29:57,,
5129563,846,194,2026-04-06 14:29:57,,
5129564,846,194,2026-04-06 14:29:57,,
5129565,846,194,2026-04-06 14:29:57,,
5129566,846,194,2026-04-06 14:29:57,,
5129567,846,194,2026-04-06 14:29:57,,
5129568,846,194,2026-04-06 14:29:57,,
5129569,846,194,2026-04-06 14:29:57,,
5129570,846,194,2026-04-06 14:29:57,,
5129571,846,194,2026-04-06 14:29:57,,
5129572,846,194,2026-04-06 14:29:57,,
5129573,846,194,2026-04-06 14:29:57,,
5129574,846,194,2026-04-06 14:29:57,,
5129575,846,194,2026-04-06 14:29:57,,
5129576,846,194,2026-04-06 14:29:57,,
5129577,846,194,2026-04-06 14:29:57,,
5129578,846,194,2026-04-06 14:29:57,,
5129579,846,194,2026-04-06 14:29:57,,
5129580,846,194,2026-04-06 14:29:57,,
5129581,846,194,2026-04-06 14:29:57,,
5129582,846,194,2026-04-06 14:29:57,,
5129583,846,194,2026-04-06 14:29:57,,
5129584,846,194,2026-04-06 14:29:57,,
5129585,846,194,2026-04-06 14:29:57,,
5129586,846,194,2026-04-06 14:29:57,,
5129587,846,194,2026-04-06 14:29:57,,
5129588,846,194,2026-04-06 14:29:57,,
5129589,846,194,2026-04-06 14:29:57,,
5129590,846,194,2026-04-06 14:29:57,,
5129591,846,194,2026-04-06 14:29:57,,
5129592,846,194,2026-04-06 14:29:57,,
5129593,846,194,2026-04-06 14:29:57,,
5129594,846,194,2026-04-06 14:29:57,,
5129595,846,194,2026-04-06 14:29:57,,
5129596,846,194,2026-04-06 14:29:57,,
5129597,846,194,2026-04-06 14:29:57,,
5129598,846,194,2026-04-06 14:29:57,,
5129599,846,194,2026-04-06 14:29:57,,
5129600,846,194,2026-04-06 14:29:57,,
5129601,846,194,2026-04-06 14:29:57,,
5129602,846,194,2026-04-06 14:29:57,,
5129603,846,194,2026-04-06 14:29:57,,
5129604,846,194,2026-04-06 14:29:57,,
5129605,846,194,2026-04-06 14:29:57,,
5129606,846,194,2026-04-06 14:29:57,,
5129607,846,194,2026-04-06 14:29:57,,
5129608,846,194,2026-04-06 14:29:57,,
5129609,846,194,2026-04-06 14:29:57,,
5129610,846,194,2026-04-06 14:29:57,,
5129611,846,194,2026-04-06 14:29:57,,
5129612,846,194,2026-04-06 14:29:57,,
5129613,846,194,2026-04-06 14:29:57,,
5129614,846,194,2026-04-06 14:29:57,,
5129615,846,194,2026-04-06 14:29:57,,
5129616,846,194,2026-04-06 14:29:57,,
5129617,846,194,2026-04-06 14:29:57,,
5129618,846,194,2026-04-06 14:29:57,,
5129619,846,194,2026-04-06 14:29:57,,
5129620,846,194,2026-04-06 14:29:57,,
5129621,846,194,2026-04-06 14:29:57,,
5129622,846,194,2026-04-06 14:29:57,,
5129623,846,194,2026-04-06 14:29:57,,
5129624,846,194,2026-04-06 14:29:57,,
5129625,846,194,2026-04-06 14:29:57,,
5129626,846,194,2026-04-06 14:29:57,,
5129627,846,194,2026-04-06 14:29:57,,
5129628,846,194,2026-04-06 14:29:57,,
5129629,846,194,2026-04-06 14:29:57,,
5129630,846,194,2026-04-06 14:29:57,,
5129631,846,194,2026-04-06 14:29:57,,
5129632,846,194,2026-04-06 14:29:57,,
5129633,846,194,2026-04-06 14:29:57,,
5129634,846,194,2026-04-06 14:29:57,,
5129635,846,194,2026-04-06 14:29:57,,
5129636,846,194,2026-04-06 14:29:57,,
5129637,846,194,2026-04-06 14:29:57,,
5129638,846,194,2026-04-06 14:29:57,,
5129639,846,194,2026-04-06 14:29:57,,
5129640,846,194,2026-04-06 14:29:57,,
5129641,846,194,2026-04-06 14:29:57,,
5129642,846,194,2026-04-06 14:29:57,,
5129643,846,194,2026-04-06 14:29:57,,
5129644,846,194,2026-04-06 14:29:57,,
5129645,846,194,2026-04-06 14:29:57,,
5129646,846,194,2026-04-06 14:29:57,,
5129647,846,194,2026-04-06 14:29:57,,
5129648,846,194,2026-04-06 14:29:57,,
5129649,846,194,2026-04-06 14:29:57,,
5129650,846,194,2026-04-06 14:29:57,,
5129651,846,194,2026-04-06 14:29:57,,
5129652,846,194,2026-04-06 14:29:57,,
5129653,846,194,2026-04-06 14:29:57,,
5129654,846,194,2026-04-06 14:29:57,,
5129655,846,194,2026-04-06 14:29:57,,
5129656,846,194,2026-04-06 14:29:57,,
5129657,846,194,2026-04-06 14:29:57,,
5129658,846,194,2026-04-06 14:29:57,,
5129659,846,194,2026-04-06 14:29:57,,
5129660,846,194,2026-04-06 14:29:57,,
5129661,846,194,2026-04-06 14:29:57,,
5129662,846,194,2026-04-06 14:29:57,,
5129663,846,194,2026-04-06 14:29:57,,
5129664,846,194,2026-04-06 14:29:57,,
5129665,846,194,2026-04-06 14:29:57,,
5129666,846,194,2026-04-06 14:29:57,,
5129667,846,194,2026-04-06 14:29:57,,
5129668,846,194,2026-04-06 14:29:57,,
5129669,846,194,2026-04-06 14:29:57,,
5129670,846,194,2026-04-06 14:29:57,,
5129671,846,194,2026-04-06 14:29:57,,
5129672,846,194,2026-04-06 14:29:57,,
5129673,846,194,2026-04-06 14:29:57,,
5129674,846,194,2026-04-06 14:29:57,,
5129675,846,194,2026-04-06 14:29:57,,
5129676,846,194,2026-04-06 14:29:57,,
5129677,846,194,2026-04-06 14:29:57,,
5129678,846,194,2026-04-06 14:29:57,,
5129679,846,194,2026-04-06 14:29:57,,
5129680,846,194,2026-04-06 14:29:57,,
5129681,846,194,2026-04-06 14:29:57,,
5129682,846,194,2026-04-06 14:29:57,,
5129683,846,194,2026-04-06 14:29:57,,
5129684,846,194,2026-04-06 14:29:57,,
5129685,846,194,2026-04-06 14:29:57,,
5129686,846,194,2026-04-06 14:29:57,,
5129687,846,194,2026-04-06 14:29:57,,
5129688,846,194,2026-04-06 14:29:57,,
5129689,846,194,2026-04-06 14:29:57,,
5129690,846,194,2026-04-06 14:29:57,,
5129691,846,194,2026-04-06 14:29:57,,
5129692,846,194,2026-04-06 14:29:57,,
5129693,846,194,2026-04-06 14:29:57,,
5129294,846,194,2026-04-06 14:29:57,,
5129295,846,194,2026-04-06 14:29:57,,
5129296,846,194,2026-04-06 14:29:57,,
5129297,846,194,2026-04-06 14:29:57,,
5129298,846,194,2026-04-06 14:29:57,,
5129299,846,194,2026-04-06 14:29:57,,
5129300,846,194,2026-04-06 14:29:57,,
5129301,846,194,2026-04-06 14:29:57,,
5129302,846,194,2026-04-06 14:29:57,,
5129303,846,194,2026-04-06 14:29:57,,
5129304,846,194,2026-04-06 14:29:57,,
5129305,846,194,2026-04-06 14:29:57,,
5129306,846,194,2026-04-06 14:29:57,,
5129307,846,194,2026-04-06 14:29:57,,
5129308,846,194,2026-04-06 14:29:57,,
5129309,846,194,2026-04-06 14:29:57,,
5129310,846,194,2026-04-06 14:29:57,,
5129311,846,194,2026-04-06 14:29:57,,
5129312,846,194,2026-04-06 14:29:57,,
5129313,846,194,2026-04-06 14:29:57,,
5129314,846,194,2026-04-06 14:29:57,,
5129315,846,194,2026-04-06 14:29:57,,
5129316,846,194,2026-04-06 14:29:57,,
5129317,846,194,2026-04-06 14:29:57,,
5129318,846,194,2026-04-06 14:29:57,,
5129319,846,194,2026-04-06 14:29:57,,
5129320,846,194,2026-04-06 14:29:57,,
5129321,846,194,2026-04-06 14:29:57,,
5129322,846,194,2026-04-06 14:29:57,,
5129323,846,194,2026-04-06 14:29:57,,
5129324,846,194,2026-04-06 14:29:57,,
5129325,846,194,2026-04-06 14:29:57,,
5129326,846,194,2026-04-06 14:29:57,,
5129327,846,194,2026-04-06 14:29:57,,
5129328,846,194,2026-04-06 14:29:57,,
5129329,846,194,2026-04-06 14:29:57,,
5129330,846,194,2026-04-06 14:29:57,,
5129331,846,194,2026-04-06 14:29:57,,
5129332,846,194,2026-04-06 14:29:57,,
5129333,846,194,2026-04-06 14:29:57,,
5129334,846,194,2026-04-06 14:29:57,,
5129335,846,194,2026-04-06 14:29:57,,
5129336,846,194,2026-04-06 14:29:57,,
5129337,846,194,2026-04-06 14:29:57,,
5129338,846,194,2026-04-06 14:29:57,,
5129339,846,194,2026-04-06 14:29:57,,
5129340,846,194,2026-04-06 14:29:57,,
5129341,846,194,2026-04-06 14:29:57,,
5129342,846,194,2026-04-06 14:29:57,,
5129343,846,194,2026-04-06 14:29:57,,
5129344,846,194,2026-04-06 14:29:57,,
5129345,846,194,2026-04-06 14:29:57,,
5129346,846,194,2026-04-06 14:29:57,,
5129347,846,194,2026-04-06 14:29:57,,
5129348,846,194,2026-04-06 14:29:57,,
5129349,846,194,2026-04-06 14:29:57,,
5129350,846,194,2026-04-06 14:29:57,,
5129351,846,194,2026-04-06 14:29:57,,
5129352,846,194,2026-04-06 14:29:57,,
5129353,846,194,2026-04-06 14:29:57,,
5129354,846,194,2026-04-06 14:29:57,,
5129355,846,194,2026-04-06 14:29:57,,
5129356,846,194,2026-04-06 14:29:57,,
5129357,846,194,2026-04-06 14:29:57,,
5129358,846,194,2026-04-06 14:29:57,,
5129359,846,194,2026-04-06 14:29:57,,
5129360,846,194,2026-04-06 14:29:57,,
5129361,846,194,2026-04-06 14:29:57,,
5129362,846,194,2026-04-06 14:29:57,,
5129363,846,194,2026-04-06 14:29:57,,
5129364,846,194,2026-04-06 14:29:57,,
5129365,846,194,2026-04-06 14:29:57,,
5129366,846,194,2026-04-06 14:29:57,,
5129367,846,194,2026-04-06 14:29:57,,
5129368,846,194,2026-04-06 14:29:57,,
5129369,846,194,2026-04-06 14:29:57,,
5129370,846,194,2026-04-06 14:29:57,,
5129371,846,194,2026-04-06 14:29:57,,
5129372,846,194,2026-04-06 14:29:57,,
5129373,846,194,2026-04-06 14:29:57,,
5129374,846,194,2026-04-06 14:29:57,,
5129375,846,194,2026-04-06 14:29:57,,
5129376,846,194,2026-04-06 14:29:57,,
5129377,846,194,2026-04-06 14:29:57,,
5129378,846,194,2026-04-06 14:29:57,,
5129379,846,194,2026-04-06 14:29:57,,
5129380,846,194,2026-04-06 14:29:57,,
5129381,846,194,2026-04-06 14:29:57,,
5129382,846,194,2026-04-06 14:29:57,,
5129383,846,194,2026-04-06 14:29:57,,
5129384,846,194,2026-04-06 14:29:57,,
5129385,846,194,2026-04-06 14:29:57,,
5129386,846,194,2026-04-06 14:29:57,,
5129387,846,194,2026-04-06 14:29:57,,
5129388,846,194,2026-04-06 14:29:57,,
5129389,846,194,2026-04-06 14:29:57,,
5129390,846,194,2026-04-06 14:29:57,,
5129391,846,194,2026-04-06 14:29:57,,
5129392,846,194,2026-04-06 14:29:57,,
5129393,846,194,2026-04-06 14:29:57,,
5129394,846,194,2026-04-06 14:29:57,,
5129395,846,194,2026-04-06 14:29:57,,
5129396,846,194,2026-04-06 14:29:57,,
5129397,846,194,2026-04-06 14:29:57,,
5129398,846,194,2026-04-06 14:29:57,,
5129399,846,194,2026-04-06 14:29:57,,
5129400,846,194,2026-04-06 14:29:57,,
5129401,846,194,2026-04-06 14:29:57,,
5129402,846,194,2026-04-06 14:29:57,,
5129403,846,194,2026-04-06 14:29:57,,
5129404,846,194,2026-04-06 14:29:57,,
5129405,846,194,2026-04-06 14:29:57,,
5129406,846,194,2026-04-06 14:29:57,,
5129407,846,194,2026-04-06 14:29:57,,
5129408,846,194,2026-04-06 14:29:57,,
5129409,846,194,2026-04-06 14:29:57,,
5129410,846,194,2026-04-06 14:29:57,,
5129411,846,194,2026-04-06 14:29:57,,
5129412,846,194,2026-04-06 14:29:57,,
5129413,846,194,2026-04-06 14:29:57,,
5129414,846,194,2026-04-06 14:29:57,,
5129415,846,194,2026-04-06 14:29:57,,
5129416,846,194,2026-04-06 14:29:57,,
5129417,846,194,2026-04-06 14:29:57,,
5129418,846,194,2026-04-06 14:29:57,,
5129419,846,194,2026-04-06 14:29:57,,
5129420,846,194,2026-04-06 14:29:57,,
5129421,846,194,2026-04-06 14:29:57,,
5129422,846,194,2026-04-06 14:29:57,,
5129423,846,194,2026-04-06 14:29:57,,
5129424,846,194,2026-04-06 14:29:57,,
5129425,846,194,2026-04-06 14:29:57,,
5129426,846,194,2026-04-06 14:29:57,,
5129427,846,194,2026-04-06 14:29:57,,
5129428,846,194,2026-04-06 14:29:57,,
5129429,846,194,2026-04-06 14:29:57,,
5129430,846,194,2026-04-06 14:29:57,,
5129431,846,194,2026-04-06 14:29:57,,
5129432,846,194,2026-04-06 14:29:57,,
5129433,846,194,2026-04-06 14:29:57,,
5129434,846,194,2026-04-06 14:29:57,,
5129435,846,194,2026-04-06 14:29:57,,
5129436,846,194,2026-04-06 14:29:57,,
5129437,846,194,2026-04-06 14:29:57,,
5129438,846,194,2026-04-06 14:29:57,,
5129439,846,194,2026-04-06 14:29:57,,
5129440,846,194,2026-04-06 14:29:57,,
5129441,846,194,2026-04-06 14:29:57,,
5129442,846,194,2026-04-06 14:29:57,,
5129443,846,194,2026-04-06 14:29:57,,
5129444,846,194,2026-04-06 14:29:57,,
5129445,846,194,2026-04-06 14:29:57,,
5129446,846,194,2026-04-06 14:29:57,,
5129447,846,194,2026-04-06 14:29:57,,
5129448,846,194,2026-04-06 14:29:57,,
5129449,846,194,2026-04-06 14:29:57,,
5129450,846,194,2026-04-06 14:29:57,,
5129451,846,194,2026-04-06 14:29:57,,
5129452,846,194,2026-04-06 14:29:57,,
5129453,846,194,2026-04-06 14:29:57,,
5129454,846,194,2026-04-06 14:29:57,,
5129455,846,194,2026-04-06 14:29:57,,
5129456,846,194,2026-04-06 14:29:57,,
5129457,846,194,2026-04-06 14:29:57,,
5129458,846,194,2026-04-06 14:29:57,,
5129459,846,194,2026-04-06 14:29:57,,
5129460,846,194,2026-04-06 14:29:57,,
5129461,846,194,2026-04-06 14:29:57,,
5129462,846,194,2026-04-06 14:29:57,,
5129463,846,194,2026-04-06 14:29:57,,
5129464,846,194,2026-04-06 14:29:57,,
5129465,846,194,2026-04-06 14:29:57,,
5129466,846,194,2026-04-06 14:29:57,,
5129467,846,194,2026-04-06 14:29:57,,
5129468,846,194,2026-04-06 14:29:57,,
5129469,846,194,2026-04-06 14:29:57,,
5129470,846,194,2026-04-06 14:29:57,,
5129471,846,194,2026-04-06 14:29:57,,
5129472,846,194,2026-04-06 14:29:57,,
5129473,846,194,2026-04-06 14:29:57,,
5129474,846,194,2026-04-06 14:29:57,,
5129475,846,194,2026-04-06 14:29:57,,
5129476,846,194,2026-04-06 14:29:57,,
5129477,846,194,2026-04-06 14:29:57,,
5129478,846,194,2026-04-06 14:29:57,,
5129479,846,194,2026-04-06 14:29:57,,
5129480,846,194,2026-04-06 14:29:57,,
5129481,846,194,2026-04-06 14:29:57,,
5129482,846,194,2026-04-06 14:29:57,,
5129483,846,194,2026-04-06 14:29:57,,
5129484,846,194,2026-04-06 14:29:57,,
5129485,846,194,2026-04-06 14:29:57,,
5129486,846,194,2026-04-06 14:29:57,,
5129487,846,194,2026-04-06 14:29:57,,
5129488,846,194,2026-04-06 14:29:57,,
5129489,846,194,2026-04-06 14:29:57,,
5129490,846,194,2026-04-06 14:29:57,,
5129491,846,194,2026-04-06 14:29:57,,
5129492,846,194,2026-04-06 14:29:57,,
5129493,846,194,2026-04-06 14:29:57,,
5129694,846,194,2026-04-06 14:29:57,,
5129695,846,194,2026-04-06 14:29:57,,
5129696,846,194,2026-04-06 14:29:57,,
5129697,846,194,2026-04-06 14:29:57,,
5129698,846,194,2026-04-06 14:29:57,,
5129699,846,194,2026-04-06 14:29:57,,
5129700,846,194,2026-04-06 14:29:57,,
5129701,846,194,2026-04-06 14:29:57,,
5129702,846,194,2026-04-06 14:29:57,,
5129703,846,194,2026-04-06 14:29:57,,
5129704,846,194,2026-04-06 14:29:57,,
5129705,846,194,2026-04-06 14:29:57,,
5129706,846,194,2026-04-06 14:29:57,,
5129707,846,194,2026-04-06 14:29:57,,
5129708,846,194,2026-04-06 14:29:57,,
5129709,846,194,2026-04-06 14:29:57,,
5129710,846,194,2026-04-06 14:29:57,,
5129711,846,194,2026-04-06 14:29:57,,
5129712,846,194,2026-04-06 14:29:57,,
5129713,846,194,2026-04-06 14:29:57,,
5129714,846,194,2026-04-06 14:29:57,,
5129715,846,194,2026-04-06 14:29:57,,
5129716,846,194,2026-04-06 14:29:57,,
5129717,846,194,2026-04-06 14:29:57,,
5129718,846,194,2026-04-06 14:29:57,,
5129719,846,194,2026-04-06 14:29:57,,
5129720,846,194,2026-04-06 14:29:57,,
5129721,846,194,2026-04-06 14:29:57,,
5129722,846,194,2026-04-06 14:29:57,,
5129723,846,194,2026-04-06 14:29:57,,
5129724,846,194,2026-04-06 14:29:57,,
5129725,846,194,2026-04-06 14:29:57,,
5129726,846,194,2026-04-06 14:29:57,,
5129727,846,194,2026-04-06 14:29:57,,
5129728,846,194,2026-04-06 14:29:57,,
5129729,846,194,2026-04-06 14:29:57,,
5129730,846,194,2026-04-06 14:29:57,,
5129731,846,194,2026-04-06 14:29:57,,
5129732,846,194,2026-04-06 14:29:57,,
5129733,846,194,2026-04-06 14:29:57,,
5129734,846,194,2026-04-06 14:29:57,,
5129735,846,194,2026-04-06 14:29:57,,
5129736,846,194,2026-04-06 14:29:57,,
5129737,846,194,2026-04-06 14:29:57,,
5129738,846,194,2026-04-06 14:29:57,,
5129739,846,194,2026-04-06 14:29:57,,
5129740,846,194,2026-04-06 14:29:57,,
5129741,846,194,2026-04-06 14:29:57,,
5129742,846,194,2026-04-06 14:29:57,,
5129743,846,194,2026-04-06 14:29:57,,
5129744,846,194,2026-04-06 14:29:57,,
5129745,846,194,2026-04-06 14:29:57,,
5129746,846,194,2026-04-06 14:29:57,,
5129747,846,194,2026-04-06 14:29:57,,
5129748,846,194,2026-04-06 14:29:57,,
5129749,846,194,2026-04-06 14:29:57,,
5129750,846,194,2026-04-06 14:29:57,,
5129751,846,194,2026-04-06 14:29:57,,
5129752,846,194,2026-04-06 14:29:57,,
5129753,846,194,2026-04-06 14:29:57,,
5129754,846,194,2026-04-06 14:29:57,,
5129755,846,194,2026-04-06 14:29:57,,
5129756,846,194,2026-04-06 14:29:57,,
5129757,846,194,2026-04-06 14:29:57,,
5129758,846,194,2026-04-06 14:29:57,,
5129759,846,194,2026-04-06 14:29:57,,
5129760,846,194,2026-04-06 14:29:57,,
5129761,846,194,2026-04-06 14:29:57,,
5129762,846,194,2026-04-06 14:29:57,,
5129763,846,194,2026-04-06 14:29:57,,
5129764,846,194,2026-04-06 14:29:57,,
5129765,846,194,2026-04-06 14:29:57,,
5129766,846,194,2026-04-06 14:29:57,,
5129767,846,194,2026-04-06 14:29:57,,
5129768,846,194,2026-04-06 14:29:57,,
5129769,846,194,2026-04-06 14:29:57,,
5129770,846,194,2026-04-06 14:29:57,,
5129771,846,194,2026-04-06 14:29:57,,
5129772,846,194,2026-04-06 14:29:57,,
5129773,846,194,2026-04-06 14:29:57,,
5129774,846,194,2026-04-06 14:29:57,,
5129775,846,194,2026-04-06 14:29:57,,
5129776,846,194,2026-04-06 14:29:57,,
5129777,846,194,2026-04-06 14:29:57,,
5129778,846,194,2026-04-06 14:29:57,,
5129779,846,194,2026-04-06 14:29:57,,
5129780,846,194,2026-04-06 14:29:57,,
5129781,846,194,2026-04-06 14:29:57,,
5129782,846,194,2026-04-06 14:29:57,,
5129783,846,194,2026-04-06 14:29:57,,
5129784,846,194,2026-04-06 14:29:57,,
5129785,846,194,2026-04-06 14:29:57,,
5129786,846,194,2026-04-06 14:29:57,,
5129787,846,194,2026-04-06 14:29:57,,
5129788,846,194,2026-04-06 14:29:57,,
5129789,846,194,2026-04-06 14:29:57,,
5129790,846,194,2026-04-06 14:29:57,,
5129791,846,194,2026-04-06 14:29:57,,
5129792,846,194,2026-04-06 14:29:57,,
5129793,846,194,2026-04-06 14:29:57,,
5129794,846,194,2026-04-06 14:29:57,,
5129795,846,194,2026-04-06 14:29:57,,
5129796,846,194,2026-04-06 14:29:57,,
5129797,846,194,2026-04-06 14:29:57,,
5129798,846,194,2026-04-06 14:29:57,,
5129799,846,194,2026-04-06 14:29:57,,
5129800,846,194,2026-04-06 14:29:57,,
5129801,846,194,2026-04-06 14:29:57,,
5129802,846,194,2026-04-06 14:29:57,,
5129803,846,194,2026-04-06 14:29:57,,
5129804,846,194,2026-04-06 14:29:57,,
5129805,846,194,2026-04-06 14:29:57,,
5129806,846,194,2026-04-06 14:29:57,,
5129807,846,194,2026-04-06 14:29:57,,
5129808,846,194,2026-04-06 14:29:57,,
5129809,846,194,2026-04-06 14:29:57,,
5129810,846,194,2026-04-06 14:29:57,,
5129811,846,194,2026-04-06 14:29:57,,
5129812,846,194,2026-04-06 14:29:57,,
5129813,846,194,2026-04-06 14:29:57,,
5129814,846,194,2026-04-06 14:29:57,,
5129815,846,194,2026-04-06 14:29:57,,
5129816,846,194,2026-04-06 14:29:57,,
5129817,846,194,2026-04-06 14:29:57,,
5129818,846,194,2026-04-06 14:29:57,,
5129819,846,194,2026-04-06 14:29:57,,
5129820,846,194,2026-04-06 14:29:57,,
5129821,846,194,2026-04-06 14:29:57,,
5129822,846,194,2026-04-06 14:29:57,,
5129823,846,194,2026-04-06 14:29:57,,
5129824,846,194,2026-04-06 14:29:57,,
5129825,846,194,2026-04-06 14:29:57,,
5129826,846,194,2026-04-06 14:29:57,,
5129827,846,194,2026-04-06 14:29:57,,
5129828,846,194,2026-04-06 14:29:57,,
5129829,846,194,2026-04-06 14:29:57,,
5129830,846,194,2026-04-06 14:29:57,,
5129831,846,194,2026-04-06 14:29:57,,
5129832,846,194,2026-04-06 14:29:57,,
5129833,846,194,2026-04-06 14:29:57,,
5129834,846,194,2026-04-06 14:29:57,,
5129835,846,194,2026-04-06 14:29:57,,
5129836,846,194,2026-04-06 14:29:57,,
5129837,846,194,2026-04-06 14:29:57,,
5129838,846,194,2026-04-06 14:29:57,,
5129839,846,194,2026-04-06 14:29:57,,
5129840,846,194,2026-04-06 14:29:57,,
5129841,846,194,2026-04-06 14:29:57,,
5129842,846,194,2026-04-06 14:29:57,,
5129843,846,194,2026-04-06 14:29:57,,
5129844,846,194,2026-04-06 14:29:57,,
5129845,846,194,2026-04-06 14:29:57,,
5129846,846,194,2026-04-06 14:29:57,,
5129847,846,194,2026-04-06 14:29:57,,
5129848,846,194,2026-04-06 14:29:57,,
5129849,846,194,2026-04-06 14:29:57,,
5129850,846,194,2026-04-06 14:29:57,,
5129851,846,194,2026-04-06 14:29:57,,
5129852,846,194,2026-04-06 14:29:57,,
5129853,846,194,2026-04-06 14:29:57,,
5129854,846,194,2026-04-06 14:29:57,,
5129855,846,194,2026-04-06 14:29:57,,
5129856,846,194,2026-04-06 14:29:57,,
5129857,846,194,2026-04-06 14:29:57,,
5129858,846,194,2026-04-06 14:29:57,,
5129859,846,194,2026-04-06 14:29:57,,
5129860,846,194,2026-04-06 14:29:57,,
5129861,846,194,2026-04-06 14:29:57,,
5129862,846,194,2026-04-06 14:29:57,,
5129863,846,194,2026-04-06 14:29:57,,
5129864,846,194,2026-04-06 14:29:57,,
5129865,846,194,2026-04-06 14:29:57,,
5129866,846,194,2026-04-06 14:29:57,,
5129867,846,194,2026-04-06 14:29:57,,
5129868,846,194,2026-04-06 14:29:57,,
5129869,846,194,2026-04-06 14:29:57,,
5129870,846,194,2026-04-06 14:29:57,,
5129871,846,194,2026-04-06 14:29:57,,
5129872,846,194,2026-04-06 14:29:57,,
5129873,846,194,2026-04-06 14:29:57,,
5129874,846,194,2026-04-06 14:29:57,,
5129875,846,194,2026-04-06 14:29:57,,
5129876,846,194,2026-04-06 14:29:57,,
5129877,846,194,2026-04-06 14:29:57,,
5129878,846,194,2026-04-06 14:29:57,,
5129879,846,194,2026-04-06 14:29:57,,
5129880,846,194,2026-04-06 14:29:57,,
5129881,846,194,2026-04-06 14:29:57,,
5129882,846,194,2026-04-06 14:29:57,,
5129883,846,194,2026-04-06 14:29:57,,
5129884,846,194,2026-04-06 14:29:57,,
5129885,846,194,2026-04-06 14:29:57,,
5129886,846,194,2026-04-06 14:29:57,,
5129887,846,194,2026-04-06 14:29:57,,
5129888,846,194,2026-04-06 14:29:57,,
5129889,846,194,2026-04-06 14:29:57,,
5129890,846,194,2026-04-06 14:29:57,,
5129891,846,194,2026-04-06 14:29:57,,
5129892,846,194,2026-04-06 14:29:57,,
5129893,846,194,2026-04-06 14:29:57,,
5128896,846,194,2026-04-06 14:29:57,,
5128897,846,194,2026-04-06 14:29:57,,
5128898,846,194,2026-04-06 14:29:57,,
5128899,846,194,2026-04-06 14:29:57,,
5128900,846,194,2026-04-06 14:29:57,,
5128901,846,194,2026-04-06 14:29:57,,
5128902,846,194,2026-04-06 14:29:57,,
5128903,846,194,2026-04-06 14:29:57,,
5128904,846,194,2026-04-06 14:29:57,,
5128905,846,194,2026-04-06 14:29:57,,
5128906,846,194,2026-04-06 14:29:57,,
5128907,846,194,2026-04-06 14:29:57,,
5128908,846,194,2026-04-06 14:29:57,,
5128909,846,194,2026-04-06 14:29:57,,
5128910,846,194,2026-04-06 14:29:57,,
5128911,846,194,2026-04-06 14:29:57,,
5128912,846,194,2026-04-06 14:29:57,,
5128913,846,194,2026-04-06 14:29:57,,
5128914,846,194,2026-04-06 14:29:57,,
5128915,846,194,2026-04-06 14:29:57,,
5128916,846,194,2026-04-06 14:29:57,,
5128917,846,194,2026-04-06 14:29:57,,
5128918,846,194,2026-04-06 14:29:57,,
5128919,846,194,2026-04-06 14:29:57,,
5128920,846,194,2026-04-06 14:29:57,,
5128921,846,194,2026-04-06 14:29:57,,
5128922,846,194,2026-04-06 14:29:57,,
5128923,846,194,2026-04-06 14:29:57,,
5128924,846,194,2026-04-06 14:29:57,,
5128925,846,194,2026-04-06 14:29:57,,
5128926,846,194,2026-04-06 14:29:57,,
5128927,846,194,2026-04-06 14:29:57,,
5128928,846,194,2026-04-06 14:29:57,,
5128929,846,194,2026-04-06 14:29:57,,
5128930,846,194,2026-04-06 14:29:57,,
5128931,846,194,2026-04-06 14:29:57,,
5128932,846,194,2026-04-06 14:29:57,,
5128933,846,194,2026-04-06 14:29:57,,
5128934,846,194,2026-04-06 14:29:57,,
5128935,846,194,2026-04-06 14:29:57,,
5128936,846,194,2026-04-06 14:29:57,,
5128937,846,194,2026-04-06 14:29:57,,
5128938,846,194,2026-04-06 14:29:57,,
5128939,846,194,2026-04-06 14:29:57,,
5128940,846,194,2026-04-06 14:29:57,,
5128941,846,194,2026-04-06 14:29:57,,
5128942,846,194,2026-04-06 14:29:57,,
5128943,846,194,2026-04-06 14:29:57,,
5128944,846,194,2026-04-06 14:29:57,,
5128945,846,194,2026-04-06 14:29:57,,
5128946,846,194,2026-04-06 14:29:57,,
5128947,846,194,2026-04-06 14:29:57,,
5128948,846,194,2026-04-06 14:29:57,,
5128949,846,194,2026-04-06 14:29:57,,
5128950,846,194,2026-04-06 14:29:57,,
5128951,846,194,2026-04-06 14:29:57,,
5128952,846,194,2026-04-06 14:29:57,,
5128953,846,194,2026-04-06 14:29:57,,
5128954,846,194,2026-04-06 14:29:57,,
5128955,846,194,2026-04-06 14:29:57,,
5128956,846,194,2026-04-06 14:29:57,,
5128957,846,194,2026-04-06 14:29:57,,
5128958,846,194,2026-04-06 14:29:57,,
5128959,846,194,2026-04-06 14:29:57,,
5128960,846,194,2026-04-06 14:29:57,,
5128961,846,194,2026-04-06 14:29:57,,
5128962,846,194,2026-04-06 14:29:57,,
5128963,846,194,2026-04-06 14:29:57,,
5128964,846,194,2026-04-06 14:29:57,,
5128965,846,194,2026-04-06 14:29:57,,
5128966,846,194,2026-04-06 14:29:57,,
5128967,846,194,2026-04-06 14:29:57,,
5128968,846,194,2026-04-06 14:29:57,,
5128969,846,194,2026-04-06 14:29:57,,
5128970,846,194,2026-04-06 14:29:57,,
5128971,846,194,2026-04-06 14:29:57,,
5128972,846,194,2026-04-06 14:29:57,,
5128973,846,194,2026-04-06 14:29:57,,
5128974,846,194,2026-04-06 14:29:57,,
5128975,846,194,2026-04-06 14:29:57,,
5128976,846,194,2026-04-06 14:29:57,,
5128977,846,194,2026-04-06 14:29:57,,
5128978,846,194,2026-04-06 14:29:57,,
5129247,846,194,2026-04-06 14:29:57,,
5128979,846,194,2026-04-06 14:29:57,,
5128980,846,194,2026-04-06 14:29:57,,
5128981,846,194,2026-04-06 14:29:57,,
5128982,846,194,2026-04-06 14:29:57,,
5128983,846,194,2026-04-06 14:29:57,,
5128984,846,194,2026-04-06 14:29:57,,
5128985,846,194,2026-04-06 14:29:57,,
5128986,846,194,2026-04-06 14:29:57,,
5128987,846,194,2026-04-06 14:29:57,,
5128988,846,194,2026-04-06 14:29:57,,
5128989,846,194,2026-04-06 14:29:57,,
5128990,846,194,2026-04-06 14:29:57,,
5128991,846,194,2026-04-06 14:29:57,,
5128992,846,194,2026-04-06 14:29:57,,
5128993,846,194,2026-04-06 14:29:57,,
5128994,846,194,2026-04-06 14:29:57,,
5128995,846,194,2026-04-06 14:29:57,,
5128996,846,194,2026-04-06 14:29:57,,
5128997,846,194,2026-04-06 14:29:57,,
5128998,846,194,2026-04-06 14:29:57,,
5128999,846,194,2026-04-06 14:29:57,,
5129000,846,194,2026-04-06 14:29:57,,
5129001,846,194,2026-04-06 14:29:57,,
5129002,846,194,2026-04-06 14:29:57,,
5129003,846,194,2026-04-06 14:29:57,,
5129004,846,194,2026-04-06 14:29:57,,
5129005,846,194,2026-04-06 14:29:57,,
5129006,846,194,2026-04-06 14:29:57,,
5129926,846,194,2026-04-06 14:29:57,,
5129007,846,194,2026-04-06 14:29:57,,
5129008,846,194,2026-04-06 14:29:57,,
5129009,846,194,2026-04-06 14:29:57,,
5129010,846,194,2026-04-06 14:29:57,,
5129011,846,194,2026-04-06 14:29:57,,
5129012,846,194,2026-04-06 14:29:57,,
5129013,846,194,2026-04-06 14:29:57,,
5129014,846,194,2026-04-06 14:29:57,,
5129015,846,194,2026-04-06 14:29:57,,
5129016,846,194,2026-04-06 14:29:57,,
5129017,846,194,2026-04-06 14:29:57,,
5129018,846,194,2026-04-06 14:29:57,,
5129019,846,194,2026-04-06 14:29:57,,
5129020,846,194,2026-04-06 14:29:57,,
5129021,846,194,2026-04-06 14:29:57,,
5129022,846,194,2026-04-06 14:29:57,,
5129023,846,194,2026-04-06 14:29:57,,
5129024,846,194,2026-04-06 14:29:57,,
5129025,846,194,2026-04-06 14:29:57,,
5129026,846,194,2026-04-06 14:29:57,,
5129027,846,194,2026-04-06 14:29:57,,
5129028,846,194,2026-04-06 14:29:57,,
5129029,846,194,2026-04-06 14:29:57,,
5129030,846,194,2026-04-06 14:29:57,,
5129031,846,194,2026-04-06 14:29:57,,
5129032,846,194,2026-04-06 14:29:57,,
5129033,846,194,2026-04-06 14:29:57,,
5129034,846,194,2026-04-06 14:29:57,,
5129035,846,194,2026-04-06 14:29:57,,
5129036,846,194,2026-04-06 14:29:57,,
5129037,846,194,2026-04-06 14:29:57,,
5129038,846,194,2026-04-06 14:29:57,,
5129039,846,194,2026-04-06 14:29:57,,
5129040,846,194,2026-04-06 14:29:57,,
5129041,846,194,2026-04-06 14:29:57,,
5129042,846,194,2026-04-06 14:29:57,,
5129043,846,194,2026-04-06 14:29:57,,
5129044,846,194,2026-04-06 14:29:57,,
5129045,846,194,2026-04-06 14:29:57,,
5129046,846,194,2026-04-06 14:29:57,,
5129047,846,194,2026-04-06 14:29:57,,
5129048,846,194,2026-04-06 14:29:57,,
5129049,846,194,2026-04-06 14:29:57,,
5129050,846,194,2026-04-06 14:29:57,,
5129051,846,194,2026-04-06 14:29:57,,
5129052,846,194,2026-04-06 14:29:57,,
5129053,846,194,2026-04-06 14:29:57,,
5129054,846,194,2026-04-06 14:29:57,,
5129055,846,194,2026-04-06 14:29:57,,
5129056,846,194,2026-04-06 14:29:57,,
5129057,846,194,2026-04-06 14:29:57,,
5129058,846,194,2026-04-06 14:29:57,,
5129059,846,194,2026-04-06 14:29:57,,
5129060,846,194,2026-04-06 14:29:57,,
5129061,846,194,2026-04-06 14:29:57,,
5129062,846,194,2026-04-06 14:29:57,,
5129063,846,194,2026-04-06 14:29:57,,
5129064,846,194,2026-04-06 14:29:57,,
5129065,846,194,2026-04-06 14:29:57,,
5129066,846,194,2026-04-06 14:29:57,,
5129067,846,194,2026-04-06 14:29:57,,
5129068,846,194,2026-04-06 14:29:57,,
5129069,846,194,2026-04-06 14:29:57,,
5129070,846,194,2026-04-06 14:29:57,,
5129071,846,194,2026-04-06 14:29:57,,
5129072,846,194,2026-04-06 14:29:57,,
5129073,846,194,2026-04-06 14:29:57,,
5129074,846,194,2026-04-06 14:29:57,,
5129075,846,194,2026-04-06 14:29:57,,
5129076,846,194,2026-04-06 14:29:57,,
5129077,846,194,2026-04-06 14:29:57,,
5129078,846,194,2026-04-06 14:29:57,,
5129079,846,194,2026-04-06 14:29:57,,
5129080,846,194,2026-04-06 14:29:57,,
5129081,846,194,2026-04-06 14:29:57,,
5129082,846,194,2026-04-06 14:29:57,,
5129083,846,194,2026-04-06 14:29:57,,
5129084,846,194,2026-04-06 14:29:57,,
5129085,846,194,2026-04-06 14:29:57,,
5129086,846,194,2026-04-06 14:29:57,,
5129087,846,194,2026-04-06 14:29:57,,
5129088,846,194,2026-04-06 14:29:57,,
5129089,846,194,2026-04-06 14:29:57,,
5129090,846,194,2026-04-06 14:29:57,,
5129091,846,194,2026-04-06 14:29:57,,
5129092,846,194,2026-04-06 14:29:57,,
5129093,846,194,2026-04-06 14:29:57,,
5129894,846,194,2026-04-06 14:29:57,,
5129895,846,194,2026-04-06 14:29:57,,
5129896,846,194,2026-04-06 14:29:57,,
5129897,846,194,2026-04-06 14:29:57,,
5129898,846,194,2026-04-06 14:29:57,,
5129899,846,194,2026-04-06 14:29:57,,
5129900,846,194,2026-04-06 14:29:57,,
5129901,846,194,2026-04-06 14:29:57,,
5129902,846,194,2026-04-06 14:29:57,,
5129903,846,194,2026-04-06 14:29:57,,
5129904,846,194,2026-04-06 14:29:57,,
5129905,846,194,2026-04-06 14:29:57,,
5129906,846,194,2026-04-06 14:29:57,,
5129907,846,194,2026-04-06 14:29:57,,
5129908,846,194,2026-04-06 14:29:57,,
5129909,846,194,2026-04-06 14:29:57,,
5129910,846,194,2026-04-06 14:29:57,,
5129911,846,194,2026-04-06 14:29:57,,
5129912,846,194,2026-04-06 14:29:57,,
5129913,846,194,2026-04-06 14:29:57,,
5129914,846,194,2026-04-06 14:29:57,,
5129915,846,194,2026-04-06 14:29:57,,
5129916,846,194,2026-04-06 14:29:57,,
5129917,846,194,2026-04-06 14:29:57,,
5129918,846,194,2026-04-06 14:29:57,,
5129919,846,194,2026-04-06 14:29:57,,
5129920,846,194,2026-04-06 14:29:57,,
5129921,846,194,2026-04-06 14:29:57,,
5129922,846,194,2026-04-06 14:29:57,,
5129923,846,194,2026-04-06 14:29:57,,
5129924,846,194,2026-04-06 14:29:57,,
5129925,846,194,2026-04-06 14:29:57,,
5129928,846,194,2026-04-06 14:29:57,,
5129929,846,194,2026-04-06 14:29:57,,
5129930,846,194,2026-04-06 14:29:57,,
5129931,846,194,2026-04-06 14:29:57,,
5129932,846,194,2026-04-06 14:29:57,,
5129933,846,194,2026-04-06 14:29:57,,
5129934,846,194,2026-04-06 14:29:57,,
5129935,846,194,2026-04-06 14:29:57,,
5129936,846,194,2026-04-06 14:29:57,,
5129937,846,194,2026-04-06 14:29:57,,
5129938,846,194,2026-04-06 14:29:57,,
5129939,846,194,2026-04-06 14:29:57,,
5129940,846,194,2026-04-06 14:29:57,,
5129941,846,194,2026-04-06 14:29:57,,
5129942,846,194,2026-04-06 14:29:57,,
5129943,846,194,2026-04-06 14:29:57,,
5129944,846,194,2026-04-06 14:29:57,,
5129945,846,194,2026-04-06 14:29:57,,
5129946,846,194,2026-04-06 14:29:57,,
5129947,846,194,2026-04-06 14:29:57,,
5129948,846,194,2026-04-06 14:29:57,,
5129949,846,194,2026-04-06 14:29:57,,
5129950,846,194,2026-04-06 14:29:57,,
5129951,846,194,2026-04-06 14:29:57,,
5129952,846,194,2026-04-06 14:29:57,,
5129953,846,194,2026-04-06 14:29:57,,
5129954,846,194,2026-04-06 14:29:57,,
5129955,846,194,2026-04-06 14:29:57,,
5129956,846,194,2026-04-06 14:29:57,,
5129957,846,194,2026-04-06 14:29:57,,
5129958,846,194,2026-04-06 14:29:57,,
5129959,846,194,2026-04-06 14:29:57,,
5129960,846,194,2026-04-06 14:29:57,,
5129961,846,194,2026-04-06 14:29:57,,
5129962,846,194,2026-04-06 14:29:57,,
5129963,846,194,2026-04-06 14:29:57,,
5129964,846,194,2026-04-06 14:29:57,,
5129965,846,194,2026-04-06 14:29:57,,
5129966,846,194,2026-04-06 14:29:57,,
5129967,846,194,2026-04-06 14:29:57,,
5129968,846,194,2026-04-06 14:29:57,,
5129969,846,194,2026-04-06 14:29:57,,
5129970,846,194,2026-04-06 14:29:57,,
5129971,846,194,2026-04-06 14:29:57,,
5129972,846,194,2026-04-06 14:29:57,,
5129973,846,194,2026-04-06 14:29:57,,
5129974,846,194,2026-04-06 14:29:57,,
5129975,846,194,2026-04-06 14:29:57,,
5129976,846,194,2026-04-06 14:29:57,,
5129977,846,194,2026-04-06 14:29:57,,
5129978,846,194,2026-04-06 14:29:57,,
5129979,846,194,2026-04-06 14:29:57,,
5129980,846,194,2026-04-06 14:29:57,,
5129981,846,194,2026-04-06 14:29:57,,
5129982,846,194,2026-04-06 14:29:57,,
5129983,846,194,2026-04-06 14:29:57,,
5129984,846,194,2026-04-06 14:29:57,,
5129985,846,194,2026-04-06 14:29:57,,
5129986,846,194,2026-04-06 14:29:57,,
5129987,846,194,2026-04-06 14:29:57,,
5129988,846,194,2026-04-06 14:29:57,,
5129989,846,194,2026-04-06 14:29:57,,
5129990,846,194,2026-04-06 14:29:57,,
5129991,846,194,2026-04-06 14:29:57,,
5129992,846,194,2026-04-06 14:29:57,,
5129993,846,194,2026-04-06 14:29:57,,
5129994,846,194,2026-04-06 14:29:57,,
5129995,846,194,2026-04-06 14:29:57,,
5129996,846,194,2026-04-06 14:29:57,,
5129997,846,194,2026-04-06 14:29:57,,
5129998,846,194,2026-04-06 14:29:57,,
5129999,846,194,2026-04-06 14:29:57,,
5130000,846,194,2026-04-06 14:29:57,,
5130001,846,194,2026-04-06 14:29:57,,
5130002,846,194,2026-04-06 14:29:57,,
5130003,846,194,2026-04-06 14:29:57,,
5130004,846,194,2026-04-06 14:29:57,,
5130005,846,194,2026-04-06 14:29:57,,
5130006,846,194,2026-04-06 14:29:57,,
5130007,846,194,2026-04-06 14:29:57,,
5130008,846,194,2026-04-06 14:29:57,,
5130009,846,194,2026-04-06 14:29:57,,
5130010,846,194,2026-04-06 14:29:57,,
5130011,846,194,2026-04-06 14:29:57,,
5130012,846,194,2026-04-06 14:29:57,,
5130013,846,194,2026-04-06 14:29:57,,
5130014,846,194,2026-04-06 14:29:57,,
5130015,846,194,2026-04-06 14:29:57,,
5130016,846,194,2026-04-06 14:29:57,,
5130017,846,194,2026-04-06 14:29:57,,
5130018,846,194,2026-04-06 14:29:57,,
5130019,846,194,2026-04-06 14:29:57,,
5130020,846,194,2026-04-06 14:29:57,,
5130021,846,194,2026-04-06 14:29:57,,
5130022,846,194,2026-04-06 14:29:57,,
5130023,846,194,2026-04-06 14:29:57,,
5130024,846,194,2026-04-06 14:29:57,,
5130025,846,194,2026-04-06 14:29:57,,
5130026,846,194,2026-04-06 14:29:57,,
5130027,846,194,2026-04-06 14:29:57,,
5130028,846,194,2026-04-06 14:29:57,,
5130029,846,194,2026-04-06 14:29:57,,
5130030,846,194,2026-04-06 14:29:57,,
5130031,846,194,2026-04-06 14:29:57,,
5130032,846,194,2026-04-06 14:29:57,,
5130033,846,194,2026-04-06 14:29:57,,
5130034,846,194,2026-04-06 14:29:57,,
5130035,846,194,2026-04-06 14:29:57,,
5130036,846,194,2026-04-06 14:29:57,,
5130037,846,194,2026-04-06 14:29:57,,
5130038,846,194,2026-04-06 14:29:57,,
5130039,846,194,2026-04-06 14:29:57,,
5130040,846,194,2026-04-06 14:29:57,,
5130041,846,194,2026-04-06 14:29:57,,
5130042,846,194,2026-04-06 14:29:57,,
5130043,846,194,2026-04-06 14:29:57,,
5130044,846,194,2026-04-06 14:29:57,,
5130045,846,194,2026-04-06 14:29:57,,
5130046,846,194,2026-04-06 14:29:57,,
5130047,846,194,2026-04-06 14:29:57,,
5130048,846,194,2026-04-06 14:29:57,,
5130049,846,194,2026-04-06 14:29:57,,
5130050,846,194,2026-04-06 14:29:57,,
5130051,846,194,2026-04-06 14:29:57,,
5130052,846,194,2026-04-06 14:29:57,,
5130053,846,194,2026-04-06 14:29:57,,
5130054,846,194,2026-04-06 14:29:57,,
5130055,846,194,2026-04-06 14:29:57,,
5130056,846,194,2026-04-06 14:29:57,,
5130057,846,194,2026-04-06 14:29:57,,
5130058,846,194,2026-04-06 14:29:57,,
5130059,846,194,2026-04-06 14:29:57,,
5130060,846,194,2026-04-06 14:29:57,,
5130061,846,194,2026-04-06 14:29:57,,
5130062,846,194,2026-04-06 14:29:57,,
5130063,846,194,2026-04-06 14:29:57,,
5130064,846,194,2026-04-06 14:29:57,,
5130065,846,194,2026-04-06 14:29:57,,
5130066,846,194,2026-04-06 14:29:57,,
5130067,846,194,2026-04-06 14:29:57,,
5130068,846,194,2026-04-06 14:29:57,,
5130069,846,194,2026-04-06 14:29:57,,
5130070,846,194,2026-04-06 14:29:57,,
5130071,846,194,2026-04-06 14:29:57,,
5130072,846,194,2026-04-06 14:29:57,,
5130073,846,194,2026-04-06 14:29:57,,
5130074,846,194,2026-04-06 14:29:57,,
5130075,846,194,2026-04-06 14:29:57,,
5130076,846,194,2026-04-06 14:29:57,,
5130077,846,194,2026-04-06 14:29:57,,
5130078,846,194,2026-04-06 14:29:57,,
5130079,846,194,2026-04-06 14:29:57,,
5130080,846,194,2026-04-06 14:29:57,,
5130081,846,194,2026-04-06 14:29:57,,
5130082,846,194,2026-04-06 14:29:57,,
5130083,846,194,2026-04-06 14:29:57,,
5130084,846,194,2026-04-06 14:29:57,,
5130085,846,194,2026-04-06 14:29:57,,
5130086,846,194,2026-04-06 14:29:57,,
5130087,846,194,2026-04-06 14:29:57,,
5130088,846,194,2026-04-06 14:29:57,,
5130089,846,194,2026-04-06 14:29:57,,
5130090,846,194,2026-04-06 14:29:57,,
5130091,846,194,2026-04-06 14:29:57,,
5130092,846,194,2026-04-06 14:29:57,,
5130093,846,194,2026-04-06 14:29:57,,
5130094,846,194,2026-04-06 14:29:57,,
5130095,846,194,2026-04-06 14:29:57,,
5130096,846,194,2026-04-06 14:29:57,,
5130097,846,194,2026-04-06 14:29:57,,
5130098,846,194,2026-04-06 14:29:57,,
5130099,846,194,2026-04-06 14:29:57,,
5130100,846,194,2026-04-06 14:29:57,,
5130101,846,194,2026-04-06 14:29:57,,
5130102,846,194,2026-04-06 14:29:57,,
5130103,846,194,2026-04-06 14:29:57,,
5130104,846,194,2026-04-06 14:29:57,,
5130105,846,194,2026-04-06 14:29:57,,
5130106,846,194,2026-04-06 14:29:57,,
5130107,846,194,2026-04-06 14:29:57,,
5130108,846,194,2026-04-06 14:29:57,,
5130109,846,194,2026-04-06 14:29:57,,
5130110,846,194,2026-04-06 14:29:57,,
5130111,846,194,2026-04-06 14:29:57,,
5130112,846,194,2026-04-06 14:29:57,,
5130113,846,194,2026-04-06 14:29:57,,
5130114,846,194,2026-04-06 14:29:57,,
5130115,846,194,2026-04-06 14:29:57,,
5130116,846,194,2026-04-06 14:29:57,,
5130117,846,194,2026-04-06 14:29:57,,
5130118,846,194,2026-04-06 14:29:57,,
5130119,846,194,2026-04-06 14:29:57,,
5130120,846,194,2026-04-06 14:29:57,,
5130121,846,194,2026-04-06 14:29:57,,
5130122,846,194,2026-04-06 14:29:57,,
5130123,846,194,2026-04-06 14:29:57,,
5130124,846,194,2026-04-06 14:29:57,,
5130125,846,194,2026-04-06 14:29:57,,
5130126,846,194,2026-04-06 14:29:57,,
5130127,846,194,2026-04-06 14:29:57,,
5130128,846,194,2026-04-06 14:29:57,,
5130129,846,194,2026-04-06 14:29:57,,
5130130,846,194,2026-04-06 14:29:57,,
5130131,846,194,2026-04-06 14:29:57,,
5130132,846,194,2026-04-06 14:29:57,,
5130133,846,194,2026-04-06 14:29:57,,
5130134,846,194,2026-04-06 14:29:57,,
5130135,846,194,2026-04-06 14:29:57,,
5130136,846,194,2026-04-06 14:29:57,,
5130137,846,194,2026-04-06 14:29:57,,
5130138,846,194,2026-04-06 14:29:57,,
5130139,846,194,2026-04-06 14:29:57,,
5130140,846,194,2026-04-06 14:29:57,,
5130141,846,194,2026-04-06 14:29:57,,
5130142,846,194,2026-04-06 14:29:57,,
5130143,846,194,2026-04-06 14:29:57,,
5130144,846,194,2026-04-06 14:29:57,,
5130145,846,194,2026-04-06 14:29:57,,
5130146,846,194,2026-04-06 14:29:57,,
5130147,846,194,2026-04-06 14:29:57,,
5130148,846,194,2026-04-06 14:29:57,,
5130149,846,194,2026-04-06 14:29:57,,
5130150,846,194,2026-04-06 14:29:57,,
5130151,846,194,2026-04-06 14:29:57,,
5130152,846,194,2026-04-06 14:29:57,,
5130153,846,194,2026-04-06 14:29:57,,
5130154,846,194,2026-04-06 14:29:57,,
5130155,846,194,2026-04-06 14:29:57,,
5130156,846,194,2026-04-06 14:29:57,,
5130157,846,194,2026-04-06 14:29:57,,
5130158,846,194,2026-04-06 14:29:57,,
5130159,846,194,2026-04-06 14:29:57,,
5130160,846,194,2026-04-06 14:29:57,,
5130161,846,194,2026-04-06 14:29:57,,
5130162,846,194,2026-04-06 14:29:57,,
5130163,846,194,2026-04-06 14:29:57,,
5130164,846,194,2026-04-06 14:29:57,,
5130165,846,194,2026-04-06 14:29:57,,
5130166,846,194,2026-04-06 14:29:57,,
5130167,846,194,2026-04-06 14:29:57,,
5130168,846,194,2026-04-06 14:29:57,,
5130169,846,194,2026-04-06 14:29:57,,
5130170,846,194,2026-04-06 14:29:57,,
5130171,846,194,2026-04-06 14:29:57,,
5130172,846,194,2026-04-06 14:29:57,,
5130173,846,194,2026-04-06 14:29:57,,
5130174,846,194,2026-04-06 14:29:57,,
5130175,846,194,2026-04-06 14:29:57,,
5130176,846,194,2026-04-06 14:29:57,,
5130177,846,194,2026-04-06 14:29:57,,
5130178,846,194,2026-04-06 14:29:57,,
5130179,846,194,2026-04-06 14:29:57,,
5130180,846,194,2026-04-06 14:29:57,,
5130181,846,194,2026-04-06 14:29:57,,
5130182,846,194,2026-04-06 14:29:57,,
5130183,846,194,2026-04-06 14:29:57,,
5130184,846,194,2026-04-06 14:29:57,,
5130185,846,194,2026-04-06 14:29:57,,
5130186,846,194,2026-04-06 14:29:57,,
5130187,846,194,2026-04-06 14:29:57,,
5130188,846,194,2026-04-06 14:29:57,,
5130189,846,194,2026-04-06 14:29:57,,
5130190,846,194,2026-04-06 14:29:57,,
5130191,846,194,2026-04-06 14:29:57,,
5130192,846,194,2026-04-06 14:29:57,,
5130193,846,194,2026-04-06 14:29:57,,
5130194,846,194,2026-04-06 14:29:57,,
5130195,846,194,2026-04-06 14:29:57,,
5130196,846,194,2026-04-06 14:29:57,,
5130197,846,194,2026-04-06 14:29:57,,
5130198,846,194,2026-04-06 14:29:57,,
5130199,846,194,2026-04-06 14:29:57,,
5130200,846,194,2026-04-06 14:29:57,,
5130201,846,194,2026-04-06 14:29:57,,
5130202,846,194,2026-04-06 14:29:57,,
5130203,846,194,2026-04-06 14:29:57,,
5130204,846,194,2026-04-06 14:29:57,,
5130205,846,194,2026-04-06 14:29:57,,
5130206,846,194,2026-04-06 14:29:57,,
5130207,846,194,2026-04-06 14:29:57,,
5130208,846,194,2026-04-06 14:29:57,,
5130209,846,194,2026-04-06 14:29:57,,
5130210,846,194,2026-04-06 14:29:57,,
5130211,846,194,2026-04-06 14:29:57,,
5130212,846,194,2026-04-06 14:29:57,,
5130213,846,194,2026-04-06 14:29:57,,
5130214,846,194,2026-04-06 14:29:57,,
5130215,846,194,2026-04-06 14:29:57,,
5130216,846,194,2026-04-06 14:29:57,,
5130217,846,194,2026-04-06 14:29:57,,
5130218,846,194,2026-04-06 14:29:57,,
5130219,846,194,2026-04-06 14:29:57,,
5130220,846,194,2026-04-06 14:29:57,,
5130221,846,194,2026-04-06 14:29:57,,
5130222,846,194,2026-04-06 14:29:57,,
5130223,846,194,2026-04-06 14:29:57,,
5130224,846,194,2026-04-06 14:29:57,,
5130225,846,194,2026-04-06 14:29:57,,
5130226,846,194,2026-04-06 14:29:57,,
5130227,846,194,2026-04-06 14:29:57,,
5130228,846,194,2026-04-06 14:29:57,,
5130229,846,194,2026-04-06 14:29:57,,
5130230,846,194,2026-04-06 14:29:57,,
5130231,846,194,2026-04-06 14:29:57,,
5130232,846,194,2026-04-06 14:29:57,,
5130233,846,194,2026-04-06 14:29:57,,
5130234,846,194,2026-04-06 14:29:57,,
5130235,846,194,2026-04-06 14:29:57,,
5130236,846,194,2026-04-06 14:29:57,,
5130237,846,194,2026-04-06 14:29:57,,
5130238,846,194,2026-04-06 14:29:57,,
5130239,846,194,2026-04-06 14:29:57,,
5130240,846,194,2026-04-06 14:29:57,,
5130241,846,194,2026-04-06 14:29:57,,
5130242,846,194,2026-04-06 14:29:57,,
5130243,846,194,2026-04-06 14:29:57,,
5130244,846,194,2026-04-06 14:29:57,,
5130245,846,194,2026-04-06 14:29:57,,
5130246,846,194,2026-04-06 14:29:57,,
5130247,846,194,2026-04-06 14:29:57,,
5130248,846,194,2026-04-06 14:29:57,,
5130249,846,194,2026-04-06 14:29:57,,
5130250,846,194,2026-04-06 14:29:57,,
5130251,846,194,2026-04-06 14:29:57,,
5130252,846,194,2026-04-06 14:29:57,,
5130253,846,194,2026-04-06 14:29:57,,
5130254,846,194,2026-04-06 14:29:57,,
5130255,846,194,2026-04-06 14:29:57,,
5130256,846,194,2026-04-06 14:29:57,,
5130257,846,194,2026-04-06 14:29:57,,
5130258,846,194,2026-04-06 14:29:57,,
5130259,846,194,2026-04-06 14:29:57,,
5130260,846,194,2026-04-06 14:29:57,,
5130261,846,194,2026-04-06 14:29:57,,
5130262,846,194,2026-04-06 14:29:57,,
5130263,846,194,2026-04-06 14:29:57,,
5130264,846,194,2026-04-06 14:29:57,,
5130265,846,194,2026-04-06 14:29:57,,
5130266,846,194,2026-04-06 14:29:57,,
5130267,846,194,2026-04-06 14:29:57,,
5130268,846,194,2026-04-06 14:29:57,,
5130269,846,194,2026-04-06 14:29:57,,
5130270,846,194,2026-04-06 14:29:57,,
5130271,846,194,2026-04-06 14:29:57,,
5130272,846,194,2026-04-06 14:29:57,,
5130273,846,194,2026-04-06 14:29:57,,
5130274,846,194,2026-04-06 14:29:57,,
5130275,846,194,2026-04-06 14:29:57,,
5130276,846,194,2026-04-06 14:29:57,,
5130277,846,194,2026-04-06 14:29:57,,
5130278,846,194,2026-04-06 14:29:57,,
5130279,846,194,2026-04-06 14:29:57,,
5130280,846,194,2026-04-06 14:29:57,,
5130281,846,194,2026-04-06 14:29:57,,
5130282,846,194,2026-04-06 14:29:57,,
5130283,846,194,2026-04-06 14:29:57,,
5130284,846,194,2026-04-06 14:29:57,,
5130285,846,194,2026-04-06 14:29:57,,
5130286,846,194,2026-04-06 14:29:57,,
5130287,846,194,2026-04-06 14:29:57,,
5130288,846,194,2026-04-06 14:29:57,,
5130289,846,194,2026-04-06 14:29:57,,
5130290,846,194,2026-04-06 14:29:57,,
5130291,846,194,2026-04-06 14:29:57,,
5130292,846,194,2026-04-06 14:29:57,,
5130293,846,194,2026-04-06 14:29:57,,
5130294,846,194,2026-04-06 14:29:57,,
5130295,846,194,2026-04-06 14:29:57,,
5129094,846,194,2026-04-06 14:29:57,,
5129095,846,194,2026-04-06 14:29:57,,
5129096,846,194,2026-04-06 14:29:57,,
5129097,846,194,2026-04-06 14:29:57,,
5129098,846,194,2026-04-06 14:29:57,,
5129099,846,194,2026-04-06 14:29:57,,
5129100,846,194,2026-04-06 14:29:57,,
5129101,846,194,2026-04-06 14:29:57,,
5129102,846,194,2026-04-06 14:29:57,,
5129103,846,194,2026-04-06 14:29:57,,
5129104,846,194,2026-04-06 14:29:57,,
5129105,846,194,2026-04-06 14:29:57,,
5129106,846,194,2026-04-06 14:29:57,,
5129107,846,194,2026-04-06 14:29:57,,
5129108,846,194,2026-04-06 14:29:57,,
5129109,846,194,2026-04-06 14:29:57,,
5129110,846,194,2026-04-06 14:29:57,,
5129111,846,194,2026-04-06 14:29:57,,
5129112,846,194,2026-04-06 14:29:57,,
5129113,846,194,2026-04-06 14:29:57,,
5129114,846,194,2026-04-06 14:29:57,,
5129115,846,194,2026-04-06 14:29:57,,
5129116,846,194,2026-04-06 14:29:57,,
5129117,846,194,2026-04-06 14:29:57,,
5129118,846,194,2026-04-06 14:29:57,,
5129119,846,194,2026-04-06 14:29:57,,
5129120,846,194,2026-04-06 14:29:57,,
5129121,846,194,2026-04-06 14:29:57,,
5129122,846,194,2026-04-06 14:29:57,,
5129123,846,194,2026-04-06 14:29:57,,
5129124,846,194,2026-04-06 14:29:57,,
5129125,846,194,2026-04-06 14:29:57,,
5129126,846,194,2026-04-06 14:29:57,,
5129127,846,194,2026-04-06 14:29:57,,
5129128,846,194,2026-04-06 14:29:57,,
5129129,846,194,2026-04-06 14:29:57,,
5129130,846,194,2026-04-06 14:29:57,,
5129131,846,194,2026-04-06 14:29:57,,
5129132,846,194,2026-04-06 14:29:57,,
5129133,846,194,2026-04-06 14:29:57,,
5129134,846,194,2026-04-06 14:29:57,,
5129135,846,194,2026-04-06 14:29:57,,
5129171,846,194,2026-04-06 14:29:57,,
5129136,846,194,2026-04-06 14:29:57,,
5129137,846,194,2026-04-06 14:29:57,,
5129138,846,194,2026-04-06 14:29:57,,
5129139,846,194,2026-04-06 14:29:57,,
5129140,846,194,2026-04-06 14:29:57,,
5129141,846,194,2026-04-06 14:29:57,,
5129142,846,194,2026-04-06 14:29:57,,
5129143,846,194,2026-04-06 14:29:57,,
5129144,846,194,2026-04-06 14:29:57,,
5129145,846,194,2026-04-06 14:29:57,,
5129146,846,194,2026-04-06 14:29:57,,
5129147,846,194,2026-04-06 14:29:57,,
5129148,846,194,2026-04-06 14:29:57,,
5129149,846,194,2026-04-06 14:29:57,,
5129150,846,194,2026-04-06 14:29:57,,
5129151,846,194,2026-04-06 14:29:57,,
5129152,846,194,2026-04-06 14:29:57,,
5129153,846,194,2026-04-06 14:29:57,,
5129154,846,194,2026-04-06 14:29:57,,
5129155,846,194,2026-04-06 14:29:57,,
5129156,846,194,2026-04-06 14:29:57,,
5129157,846,194,2026-04-06 14:29:57,,
5129158,846,194,2026-04-06 14:29:57,,
5129159,846,194,2026-04-06 14:29:57,,
5129160,846,194,2026-04-06 14:29:57,,
5129161,846,194,2026-04-06 14:29:57,,
5129162,846,194,2026-04-06 14:29:57,,
5129163,846,194,2026-04-06 14:29:57,,
5129164,846,194,2026-04-06 14:29:57,,
5129165,846,194,2026-04-06 14:29:57,,
5129166,846,194,2026-04-06 14:29:57,,
5129167,846,194,2026-04-06 14:29:57,,
5129168,846,194,2026-04-06 14:29:57,,
5129169,846,194,2026-04-06 14:29:57,,
5129170,846,194,2026-04-06 14:29:57,,
5129246,846,194,2026-04-06 14:29:57,,
5129172,846,194,2026-04-06 14:29:57,,
5129173,846,194,2026-04-06 14:29:57,,
5129174,846,194,2026-04-06 14:29:57,,
5129175,846,194,2026-04-06 14:29:57,,
5129176,846,194,2026-04-06 14:29:57,,
5129177,846,194,2026-04-06 14:29:57,,
5129178,846,194,2026-04-06 14:29:57,,
5129179,846,194,2026-04-06 14:29:57,,
5129180,846,194,2026-04-06 14:29:57,,
5129181,846,194,2026-04-06 14:29:57,,
5129182,846,194,2026-04-06 14:29:57,,
5129183,846,194,2026-04-06 14:29:57,,
5129184,846,194,2026-04-06 14:29:57,,
5129185,846,194,2026-04-06 14:29:57,,
5129186,846,194,2026-04-06 14:29:57,,
5129187,846,194,2026-04-06 14:29:57,,
5129188,846,194,2026-04-06 14:29:57,,
5129189,846,194,2026-04-06 14:29:57,,
5129190,846,194,2026-04-06 14:29:57,,
5129191,846,194,2026-04-06 14:29:57,,
5129192,846,194,2026-04-06 14:29:57,,
5129193,846,194,2026-04-06 14:29:57,,
5129194,846,194,2026-04-06 14:29:57,,
5129195,846,194,2026-04-06 14:29:57,,
5129196,846,194,2026-04-06 14:29:57,,
5129197,846,194,2026-04-06 14:29:57,,
5129198,846,194,2026-04-06 14:29:57,,
5129199,846,194,2026-04-06 14:29:57,,
5129200,846,194,2026-04-06 14:29:57,,
5129201,846,194,2026-04-06 14:29:57,,
5129202,846,194,2026-04-06 14:29:57,,
5129203,846,194,2026-04-06 14:29:57,,
5129204,846,194,2026-04-06 14:29:57,,
5129205,846,194,2026-04-06 14:29:57,,
5129206,846,194,2026-04-06 14:29:57,,
5129207,846,194,2026-04-06 14:29:57,,
5129208,846,194,2026-04-06 14:29:57,,
5129209,846,194,2026-04-06 14:29:57,,
5129210,846,194,2026-04-06 14:29:57,,
5129211,846,194,2026-04-06 14:29:57,,
5129212,846,194,2026-04-06 14:29:57,,
5129213,846,194,2026-04-06 14:29:57,,
5129214,846,194,2026-04-06 14:29:57,,
5129215,846,194,2026-04-06 14:29:57,,
5129216,846,194,2026-04-06 14:29:57,,
5129217,846,194,2026-04-06 14:29:57,,
5129218,846,194,2026-04-06 14:29:57,,
5129219,846,194,2026-04-06 14:29:57,,
5129220,846,194,2026-04-06 14:29:57,,
5129221,846,194,2026-04-06 14:29:57,,
5129222,846,194,2026-04-06 14:29:57,,
5129223,846,194,2026-04-06 14:29:57,,
5129224,846,194,2026-04-06 14:29:57,,
5129225,846,194,2026-04-06 14:29:57,,
5129226,846,194,2026-04-06 14:29:57,,
5129227,846,194,2026-04-06 14:29:57,,
5129228,846,194,2026-04-06 14:29:57,,
5129229,846,194,2026-04-06 14:29:57,,
5129230,846,194,2026-04-06 14:29:57,,
5129231,846,194,2026-04-06 14:29:57,,
5129232,846,194,2026-04-06 14:29:57,,
5129233,846,194,2026-04-06 14:29:57,,
5129234,846,194,2026-04-06 14:29:57,,
5129235,846,194,2026-04-06 14:29:57,,
5129236,846,194,2026-04-06 14:29:57,,
5129237,846,194,2026-04-06 14:29:57,,
5129238,846,194,2026-04-06 14:29:57,,
5129239,846,194,2026-04-06 14:29:57,,
5129240,846,194,2026-04-06 14:29:57,,
5129241,846,194,2026-04-06 14:29:57,,
5129242,846,194,2026-04-06 14:29:57,,
5129243,846,194,2026-04-06 14:29:57,,
5129244,846,194,2026-04-06 14:29:57,,
5129245,846,194,2026-04-06 14:29:57,,
5129927,846,194,2026-04-06 14:29:57,,
5129248,846,194,2026-04-06 14:29:57,,
5129249,846,194,2026-04-06 14:29:57,,
5129250,846,194,2026-04-06 14:29:57,,
5129251,846,194,2026-04-06 14:29:57,,
5129252,846,194,2026-04-06 14:29:57,,
5129253,846,194,2026-04-06 14:29:57,,
5129254,846,194,2026-04-06 14:29:57,,
5129255,846,194,2026-04-06 14:29:57,,
5129256,846,194,2026-04-06 14:29:57,,
5129257,846,194,2026-04-06 14:29:57,,
5129258,846,194,2026-04-06 14:29:57,,
5129259,846,194,2026-04-06 14:29:57,,
5129260,846,194,2026-04-06 14:29:57,,
5129261,846,194,2026-04-06 14:29:57,,
5129262,846,194,2026-04-06 14:29:57,,
5129263,846,194,2026-04-06 14:29:57,,
5129264,846,194,2026-04-06 14:29:57,,
5129265,846,194,2026-04-06 14:29:57,,
5129266,846,194,2026-04-06 14:29:57,,
5129267,846,194,2026-04-06 14:29:57,,
5129268,846,194,2026-04-06 14:29:57,,
5129269,846,194,2026-04-06 14:29:57,,
5129270,846,194,2026-04-06 14:29:57,,
5129271,846,194,2026-04-06 14:29:57,,
5129272,846,194,2026-04-06 14:29:57,,
5129273,846,194,2026-04-06 14:29:57,,
5129274,846,194,2026-04-06 14:29:57,,
5129275,846,194,2026-04-06 14:29:57,,
5129276,846,194,2026-04-06 14:29:57,,
5129277,846,194,2026-04-06 14:29:57,,
5129278,846,194,2026-04-06 14:29:57,,
5129279,846,194,2026-04-06 14:29:57,,
5129280,846,194,2026-04-06 14:29:57,,
5129281,846,194,2026-04-06 14:29:57,,
5129282,846,194,2026-04-06 14:29:57,,
5129283,846,194,2026-04-06 14:29:57,,
5129284,846,194,2026-04-06 14:29:57,,
5129285,846,194,2026-04-06 14:29:57,,
5129286,846,194,2026-04-06 14:29:57,,
5129287,846,194,2026-04-06 14:29:57,,
5129288,846,194,2026-04-06 14:29:57,,
5129289,846,194,2026-04-06 14:29:57,,
5129290,846,194,2026-04-06 14:29:57,,
5129291,846,194,2026-04-06 14:29:57,,
5129292,846,194,2026-04-06 14:29:57,,
5129293,846,194,2026-04-06 14:29:57,,
5130296,846,194,2026-04-06 14:29:57,,
5130297,846,194,2026-04-06 14:29:57,,
5130298,846,194,2026-04-06 14:29:57,,
5130299,846,194,2026-04-06 14:29:57,,
5130300,846,194,2026-04-06 14:29:57,,
5130301,846,194,2026-04-06 14:29:57,,
5130302,846,194,2026-04-06 14:29:57,,
5130303,846,194,2026-04-06 14:29:57,,
5130304,846,194,2026-04-06 14:29:57,,
5130305,846,194,2026-04-06 14:29:57,,
5130306,846,194,2026-04-06 14:29:57,,
5130307,846,194,2026-04-06 14:29:57,,
5130308,846,194,2026-04-06 14:29:57,,
5130309,846,194,2026-04-06 14:29:57,,
5130310,846,194,2026-04-06 14:29:57,,
5130311,846,194,2026-04-06 14:29:57,,
5130312,846,194,2026-04-06 14:29:57,,
5130313,846,194,2026-04-06 14:29:57,,
5130314,846,194,2026-04-06 14:29:57,,
5130315,846,194,2026-04-06 14:29:57,,
5130316,846,194,2026-04-06 14:29:57,,
5130317,846,194,2026-04-06 14:29:57,,
5130318,846,194,2026-04-06 14:29:57,,
5130319,846,194,2026-04-06 14:29:57,,
5130320,846,194,2026-04-06 14:29:57,,
5130321,846,194,2026-04-06 14:29:57,,
5130322,846,194,2026-04-06 14:29:57,,
5130323,846,194,2026-04-06 14:29:57,,
5130324,846,194,2026-04-06 14:29:57,,
5130325,846,194,2026-04-06 14:29:57,,
5130326,846,194,2026-04-06 14:29:57,,
5130327,846,194,2026-04-06 14:29:57,,
5130328,846,194,2026-04-06 14:29:57,,
5130329,846,194,2026-04-06 14:29:57,,
5130330,846,194,2026-04-06 14:29:57,,
5130331,846,194,2026-04-06 14:29:57,,
5130332,846,194,2026-04-06 14:29:57,,
5130333,846,194,2026-04-06 14:29:57,,
5130334,846,194,2026-04-06 14:29:57,,
5130335,846,194,2026-04-06 14:29:57,,
5130336,846,194,2026-04-06 14:29:57,,
5130337,846,194,2026-04-06 14:29:57,,
5130338,846,194,2026-04-06 14:29:57,,
5130339,846,194,2026-04-06 14:29:57,,
5130340,846,194,2026-04-06 14:29:57,,
5130341,846,194,2026-04-06 14:29:57,,
5130342,846,194,2026-04-06 14:29:57,,
5130343,846,194,2026-04-06 14:29:57,,
5130344,846,194,2026-04-06 14:29:57,,
5130345,846,194,2026-04-06 14:29:57,,
5130346,846,194,2026-04-06 14:29:57,,
5130347,846,194,2026-04-06 14:29:57,,
5130348,846,194,2026-04-06 14:29:57,,
5130349,846,194,2026-04-06 14:29:57,,
5130350,846,194,2026-04-06 14:29:57,,
5130351,846,194,2026-04-06 14:29:57,,
5130352,846,194,2026-04-06 14:29:57,,
5130353,846,194,2026-04-06 14:29:57,,
5130354,846,194,2026-04-06 14:29:57,,
5130355,846,194,2026-04-06 14:29:57,,
5130356,846,194,2026-04-06 14:29:57,,
5130357,846,194,2026-04-06 14:29:57,,
5130358,846,194,2026-04-06 14:29:57,,
5130359,846,194,2026-04-06 14:29:57,,
5130360,846,194,2026-04-06 14:29:57,,
5130361,846,194,2026-04-06 14:29:57,,
5130362,846,194,2026-04-06 14:29:57,,
5130363,846,194,2026-04-06 14:29:57,,
5130364,846,194,2026-04-06 14:29:57,,
5130365,846,194,2026-04-06 14:29:57,,
5130366,846,194,2026-04-06 14:29:57,,
5130367,846,194,2026-04-06 14:29:57,,
5130368,846,194,2026-04-06 14:29:57,,
5130369,846,194,2026-04-06 14:29:57,,
5130370,846,194,2026-04-06 14:29:57,,
5130371,846,194,2026-04-06 14:29:57,,
5130372,846,194,2026-04-06 14:29:57,,
5130373,846,194,2026-04-06 14:29:57,,
5130374,846,194,2026-04-06 14:29:57,,
5130375,846,194,2026-04-06 14:29:57,,
5130376,846,194,2026-04-06 14:29:57,,
5130377,846,194,2026-04-06 14:29:57,,
5130378,846,194,2026-04-06 14:29:57,,
5130379,846,194,2026-04-06 14:29:57,,
5130380,846,194,2026-04-06 14:29:57,,
5130381,846,194,2026-04-06 14:29:57,,
5130382,846,194,2026-04-06 14:29:57,,
5130383,846,194,2026-04-06 14:29:57,,
5130384,846,194,2026-04-06 14:29:57,,
5130385,846,194,2026-04-06 14:29:57,,
5130386,846,194,2026-04-06 14:29:57,,
5130387,846,194,2026-04-06 14:29:57,,
5130388,846,194,2026-04-06 14:29:57,,
5130389,846,194,2026-04-06 14:29:57,,
5130390,846,194,2026-04-06 14:29:57,,
5130391,846,194,2026-04-06 14:29:57,,
5130392,846,194,2026-04-06 14:29:57,,
5130393,846,194,2026-04-06 14:29:57,,
5130394,846,194,2026-04-06 14:29:57,,
5130395,846,194,2026-04-06 14:29:57,,
5130396,846,194,2026-04-06 14:29:57,,
5130397,846,194,2026-04-06 14:29:57,,
5130398,846,194,2026-04-06 14:29:57,,
5130399,846,194,2026-04-06 14:29:57,,
5130400,846,194,2026-04-06 14:29:57,,
5130401,846,194,2026-04-06 14:29:57,,
5130402,846,194,2026-04-06 14:29:57,,
5130403,846,194,2026-04-06 14:29:57,,
5130404,846,194,2026-04-06 14:29:57,,
5130405,846,194,2026-04-06 14:29:57,,
5130406,846,194,2026-04-06 14:29:57,,
5130407,846,194,2026-04-06 14:29:57,,
5130408,846,194,2026-04-06 14:29:57,,
5130409,846,194,2026-04-06 14:29:57,,
5130410,846,194,2026-04-06 14:29:57,,
5130411,846,194,2026-04-06 14:29:57,,
5130412,846,194,2026-04-06 14:29:57,,
5130413,846,194,2026-04-06 14:29:57,,
5130414,846,194,2026-04-06 14:29:57,,
5130415,846,194,2026-04-06 14:29:57,,
5130416,846,194,2026-04-06 14:29:57,,
5130417,846,194,2026-04-06 14:29:57,,
5130418,846,194,2026-04-06 14:29:57,,
5130419,846,194,2026-04-06 14:29:57,,
5130420,846,194,2026-04-06 14:29:57,,
5130421,846,194,2026-04-06 14:29:57,,
5130422,846,194,2026-04-06 14:29:57,,
5130423,846,194,2026-04-06 14:29:57,,
5130424,846,194,2026-04-06 14:29:57,,
5130425,846,194,2026-04-06 14:29:57,,
5130426,846,194,2026-04-06 14:29:57,,
5130427,846,194,2026-04-06 14:29:57,,
5130428,846,194,2026-04-06 14:29:57,,
5130429,846,194,2026-04-06 14:29:57,,
5130430,846,194,2026-04-06 14:29:57,,
5130431,846,194,2026-04-06 14:29:57,,
5130432,846,194,2026-04-06 14:29:57,,
5130433,846,194,2026-04-06 14:29:57,,
5130434,846,194,2026-04-06 14:29:57,,
5130435,846,194,2026-04-06 14:29:57,,
5130436,846,194,2026-04-06 14:29:57,,
5130437,846,194,2026-04-06 14:29:57,,
5130438,846,194,2026-04-06 14:29:57,,
5130439,846,194,2026-04-06 14:29:57,,
5130440,846,194,2026-04-06 14:29:57,,
5130441,846,194,2026-04-06 14:29:57,,
5130442,846,194,2026-04-06 14:29:57,,
5130443,846,194,2026-04-06 14:29:57,,
5130444,846,194,2026-04-06 14:29:57,,
5130445,846,194,2026-04-06 14:29:57,,
5130446,846,194,2026-04-06 14:29:57,,
5130447,846,194,2026-04-06 14:29:57,,
5130448,846,194,2026-04-06 14:29:57,,
5130449,846,194,2026-04-06 14:29:57,,
5130450,846,194,2026-04-06 14:29:57,,
5130451,846,194,2026-04-06 14:29:57,,
5130452,846,194,2026-04-06 14:29:57,,
5130453,846,194,2026-04-06 14:29:57,,
5130454,846,194,2026-04-06 14:29:57,,
5130455,846,194,2026-04-06 14:29:57,,
5130456,846,194,2026-04-06 14:29:57,,
5130457,846,194,2026-04-06 14:29:57,,
5130458,846,194,2026-04-06 14:29:57,,
5130459,846,194,2026-04-06 14:29:57,,
5130460,846,194,2026-04-06 14:29:57,,
5130461,846,194,2026-04-06 14:29:57,,
5130462,846,194,2026-04-06 14:29:57,,
5130463,846,194,2026-04-06 14:29:57,,
5130464,846,194,2026-04-06 14:29:57,,
5130465,846,194,2026-04-06 14:29:57,,
5130466,846,194,2026-04-06 14:29:57,,
5130467,846,194,2026-04-06 14:29:57,,
5130468,846,194,2026-04-06 14:29:57,,
5130469,846,194,2026-04-06 14:29:57,,
5130470,846,194,2026-04-06 14:29:57,,
5130471,846,194,2026-04-06 14:29:57,,
5130472,846,194,2026-04-06 14:29:57,,
5130473,846,194,2026-04-06 14:29:57,,
5130474,846,194,2026-04-06 14:29:57,,
5130475,846,194,2026-04-06 14:29:57,,
5130476,846,194,2026-04-06 14:29:57,,
5130477,846,194,2026-04-06 14:29:57,,
5130478,846,194,2026-04-06 14:29:57,,
5130479,846,194,2026-04-06 14:29:57,,
5130480,846,194,2026-04-06 14:29:57,,
5130481,846,194,2026-04-06 14:29:57,,
5130482,846,194,2026-04-06 14:29:57,,
5130483,846,194,2026-04-06 14:29:57,,
5130484,846,194,2026-04-06 14:29:57,,
5130485,846,194,2026-04-06 14:29:57,,
5130486,846,194,2026-04-06 14:29:57,,
5130487,846,194,2026-04-06 14:29:57,,
5130488,846,194,2026-04-06 14:29:57,,
5130489,846,194,2026-04-06 14:29:57,,
5130490,846,194,2026-04-06 14:29:57,,
5130491,846,194,2026-04-06 14:29:57,,
5130492,846,194,2026-04-06 14:29:57,,
5130493,846,194,2026-04-06 14:29:57,,
5130494,846,194,2026-04-06 14:29:57,,
5130495,846,194,2026-04-06 14:29:57,,
5130496,846,194,2026-04-06 14:29:57,,
5130497,846,194,2026-04-06 14:29:57,,
5130498,846,194,2026-04-06 14:29:57,,
5130499,846,194,2026-04-06 14:29:57,,
5130500,846,194,2026-04-06 14:29:57,,
5130501,846,194,2026-04-06 14:29:57,,
5130502,846,194,2026-04-06 14:29:57,,
5130503,846,194,2026-04-06 14:29:57,,
5130504,846,194,2026-04-06 14:29:57,,
5130505,846,194,2026-04-06 14:29:57,,
5130506,846,194,2026-04-06 14:29:57,,
5130507,846,194,2026-04-06 14:29:57,,
5130508,846,194,2026-04-06 14:29:57,,
5130509,846,194,2026-04-06 14:29:57,,
5130510,846,194,2026-04-06 14:29:57,,
5130511,846,194,2026-04-06 14:29:57,,
5130512,846,194,2026-04-06 14:29:57,,
5130513,846,194,2026-04-06 14:29:57,,
5130514,846,194,2026-04-06 14:29:57,,
5130515,846,194,2026-04-06 14:29:57,,
5130516,846,194,2026-04-06 14:29:57,,
5130517,846,194,2026-04-06 14:29:57,,
5130518,846,194,2026-04-06 14:29:57,,
5130519,846,194,2026-04-06 14:29:57,,
5130520,846,194,2026-04-06 14:29:57,,
5130521,846,194,2026-04-06 14:29:57,,
5130522,846,194,2026-04-06 14:29:57,,
5130523,846,194,2026-04-06 14:29:57,,
5130524,846,194,2026-04-06 14:29:57,,
5130525,846,194,2026-04-06 14:29:57,,
5130526,846,194,2026-04-06 14:29:57,,
5130527,846,194,2026-04-06 14:29:57,,
5130528,846,194,2026-04-06 14:29:57,,
5130529,846,194,2026-04-06 14:29:57,,
5130530,846,194,2026-04-06 14:29:57,,
5130531,846,194,2026-04-06 14:29:57,,
5130532,846,194,2026-04-06 14:29:57,,
5130533,846,194,2026-04-06 14:29:57,,
5130534,846,194,2026-04-06 14:29:57,,
5130535,846,194,2026-04-06 14:29:57,,
5130536,846,194,2026-04-06 14:29:57,,
5130537,846,194,2026-04-06 14:29:57,,
5130538,846,194,2026-04-06 14:29:57,,
5130539,846,194,2026-04-06 14:29:57,,
5130540,846,194,2026-04-06 14:29:57,,
5130541,846,194,2026-04-06 14:29:57,,
5130542,846,194,2026-04-06 14:29:57,,
5130543,846,194,2026-04-06 14:29:57,,
5130544,846,194,2026-04-06 14:29:57,,
5130545,846,194,2026-04-06 14:29:57,,
5130546,846,194,2026-04-06 14:29:57,,
5130547,846,194,2026-04-06 14:29:57,,
5130548,846,194,2026-04-06 14:29:57,,
5130549,846,194,2026-04-06 14:29:57,,
5130550,846,194,2026-04-06 14:29:57,,
5130551,846,194,2026-04-06 14:29:57,,
5130552,846,194,2026-04-06 14:29:57,,
5130553,846,194,2026-04-06 14:29:57,,
5130554,846,194,2026-04-06 14:29:57,,
5130555,846,194,2026-04-06 14:29:57,,
5130556,846,194,2026-04-06 14:29:57,,
5130557,846,194,2026-04-06 14:29:57,,
5130558,846,194,2026-04-06 14:29:57,,
5130559,846,194,2026-04-06 14:29:57,,
5130560,846,194,2026-04-06 14:29:57,,
5130561,846,194,2026-04-06 14:29:57,,
5130562,846,194,2026-04-06 14:29:57,,
5130563,846,194,2026-04-06 14:29:57,,
5130564,846,194,2026-04-06 14:29:57,,
5130565,846,194,2026-04-06 14:29:57,,
5130566,846,194,2026-04-06 14:29:57,,
5130567,846,194,2026-04-06 14:29:57,,
5130568,846,194,2026-04-06 14:29:57,,
5130569,846,194,2026-04-06 14:29:57,,
5130570,846,194,2026-04-06 14:29:57,,
5130571,846,194,2026-04-06 14:29:57,,
5130572,846,194,2026-04-06 14:29:57,,
5130573,846,194,2026-04-06 14:29:57,,
5130574,846,194,2026-04-06 14:29:57,,
5130575,846,194,2026-04-06 14:29:57,,
5130576,846,194,2026-04-06 14:29:57,,
5130577,846,194,2026-04-06 14:29:57,,
5130578,846,194,2026-04-06 14:29:57,,
5130579,846,194,2026-04-06 14:29:57,,
5130580,846,194,2026-04-06 14:29:57,,
5130581,846,194,2026-04-06 14:29:57,,
5130582,846,194,2026-04-06 14:29:57,,
5130583,846,194,2026-04-06 14:29:57,,
5130584,846,194,2026-04-06 14:29:57,,
5130585,846,194,2026-04-06 14:29:57,,
5130586,846,194,2026-04-06 14:29:57,,
5130587,846,194,2026-04-06 14:29:57,,
5130588,846,194,2026-04-06 14:29:57,,
5130589,846,194,2026-04-06 14:29:57,,
5130590,846,194,2026-04-06 14:29:57,,
5130591,846,194,2026-04-06 14:29:57,,
5130592,846,194,2026-04-06 14:29:57,,
5130593,846,194,2026-04-06 14:29:57,,
5130594,846,194,2026-04-06 14:29:57,,
5130595,846,194,2026-04-06 14:29:57,,
5130596,846,194,2026-04-06 14:29:57,,
5130597,846,194,2026-04-06 14:29:57,,
5130598,846,194,2026-04-06 14:29:57,,
5130599,846,194,2026-04-06 14:29:57,,
5130600,846,194,2026-04-06 14:29:57,,
5130601,846,194,2026-04-06 14:29:57,,
5130602,846,194,2026-04-06 14:29:57,,
5130603,846,194,2026-04-06 14:29:57,,
5130604,846,194,2026-04-06 14:29:57,,
5130605,846,194,2026-04-06 14:29:57,,
5130606,846,194,2026-04-06 14:29:57,,
5130607,846,194,2026-04-06 14:29:57,,
5130608,846,194,2026-04-06 14:29:57,,
5130609,846,194,2026-04-06 14:29:57,,
5130610,846,194,2026-04-06 14:29:57,,
5130611,846,194,2026-04-06 14:29:57,,
5130612,846,194,2026-04-06 14:29:57,,
5130613,846,194,2026-04-06 14:29:57,,
5130614,846,194,2026-04-06 14:29:57,,
5130615,846,194,2026-04-06 14:29:57,,
5130616,846,194,2026-04-06 14:29:57,,
5130617,846,194,2026-04-06 14:29:57,,
5130618,846,194,2026-04-06 14:29:57,,
5130619,846,194,2026-04-06 14:29:57,,
5130620,846,194,2026-04-06 14:29:57,,
5130621,846,194,2026-04-06 14:29:57,,
5130622,846,194,2026-04-06 14:29:57,,
5130623,846,194,2026-04-06 14:29:57,,
5130624,846,194,2026-04-06 14:29:57,,
5130625,846,194,2026-04-06 14:29:57,,
5130626,846,194,2026-04-06 14:29:57,,
5130627,846,194,2026-04-06 14:29:57,,
5130628,846,194,2026-04-06 14:29:57,,
5130629,846,194,2026-04-06 14:29:57,,
5130630,846,194,2026-04-06 14:29:57,,
5130631,846,194,2026-04-06 14:29:57,,
5130632,846,194,2026-04-06 14:29:57,,
5130633,846,194,2026-04-06 14:29:57,,
5130634,846,194,2026-04-06 14:29:57,,
5130635,846,194,2026-04-06 14:29:57,,
5130636,846,194,2026-04-06 14:29:57,,
5130637,846,194,2026-04-06 14:29:57,,
5130638,846,194,2026-04-06 14:29:57,,
5130639,846,194,2026-04-06 14:29:57,,
5130640,846,194,2026-04-06 14:29:57,,
5130641,846,194,2026-04-06 14:29:57,,
5130642,846,194,2026-04-06 14:29:57,,
5130643,846,194,2026-04-06 14:29:57,,
5130644,846,194,2026-04-06 14:29:57,,
5130645,846,194,2026-04-06 14:29:57,,
5130646,846,194,2026-04-06 14:29:57,,
5130647,846,194,2026-04-06 14:29:57,,
5130648,846,194,2026-04-06 14:29:57,,
5130649,846,194,2026-04-06 14:29:57,,
5130650,846,194,2026-04-06 14:29:57,,
5130651,846,194,2026-04-06 14:29:57,,
5130652,846,194,2026-04-06 14:29:57,,
5130653,846,194,2026-04-06 14:29:57,,
5130654,846,194,2026-04-06 14:29:57,,
5130655,846,194,2026-04-06 14:29:57,,
5130656,846,194,2026-04-06 14:29:57,,
5130657,846,194,2026-04-06 14:29:57,,
5130658,846,194,2026-04-06 14:29:57,,
5130659,846,194,2026-04-06 14:29:57,,
5130660,846,194,2026-04-06 14:29:57,,
5130661,846,194,2026-04-06 14:29:57,,
5130662,846,194,2026-04-06 14:29:57,,
5130663,846,194,2026-04-06 14:29:57,,
5130664,846,194,2026-04-06 14:29:57,,
5130665,846,194,2026-04-06 14:29:57,,
5130666,846,194,2026-04-06 14:29:57,,
5130667,846,194,2026-04-06 14:29:57,,
5130668,846,194,2026-04-06 14:29:57,,
5130669,846,194,2026-04-06 14:29:57,,
5130670,846,194,2026-04-06 14:29:57,,
5130671,846,194,2026-04-06 14:29:57,,
5130672,846,194,2026-04-06 14:29:57,,
5130673,846,194,2026-04-06 14:29:57,,
5130674,846,194,2026-04-06 14:29:57,,
5130675,846,194,2026-04-06 14:29:57,,
5130676,846,194,2026-04-06 14:29:57,,
5130677,846,194,2026-04-06 14:29:57,,
5130678,846,194,2026-04-06 14:29:57,,
5130679,846,194,2026-04-06 14:29:57,,
5130680,846,194,2026-04-06 14:29:57,,
5130681,846,194,2026-04-06 14:29:57,,
5130682,846,194,2026-04-06 14:29:57,,
5130683,846,194,2026-04-06 14:29:57,,
5130684,846,194,2026-04-06 14:29:57,,
5130685,846,194,2026-04-06 14:29:57,,
5130686,846,194,2026-04-06 14:29:57,,
5130687,846,194,2026-04-06 14:29:57,,
5130688,846,194,2026-04-06 14:29:57,,
5130689,846,194,2026-04-06 14:29:57,,
5130690,846,194,2026-04-06 14:29:57,,
5130691,846,194,2026-04-06 14:29:57,,
5130692,846,194,2026-04-06 14:29:57,,
5130693,846,194,2026-04-06 14:29:57,,
5130694,846,194,2026-04-06 14:29:57,,
5130695,846,194,2026-04-06 14:29:57,,
5130696,846,194,2026-04-06 14:29:57,,
5130697,846,194,2026-04-06 14:29:57,,
5130698,846,194,2026-04-06 14:29:57,,
5130699,846,194,2026-04-06 14:29:57,,
5130700,846,194,2026-04-06 14:29:57,,
5130701,846,194,2026-04-06 14:29:57,,
5130702,846,194,2026-04-06 14:29:57,,
5130703,846,194,2026-04-06 14:29:57,,
5130704,846,194,2026-04-06 14:29:57,,
5130705,846,194,2026-04-06 14:29:57,,
5130706,846,194,2026-04-06 14:29:57,,
5130707,846,194,2026-04-06 14:29:57,,
5130708,846,194,2026-04-06 14:29:57,,
5130709,846,194,2026-04-06 14:29:57,,
5130710,846,194,2026-04-06 14:29:57,,
5130711,846,194,2026-04-06 14:29:57,,
5130712,846,194,2026-04-06 14:29:57,,
5130713,846,194,2026-04-06 14:29:57,,
5130714,846,194,2026-04-06 14:29:57,,
5130715,846,194,2026-04-06 14:29:57,,
5130716,846,194,2026-04-06 14:29:57,,
5130717,846,194,2026-04-06 14:29:57,,
5130718,846,194,2026-04-06 14:29:57,,
5130719,846,194,2026-04-06 14:29:57,,
5130720,846,194,2026-04-06 14:29:57,,
5130721,846,194,2026-04-06 14:29:57,,
5130722,846,194,2026-04-06 14:29:57,,
5130723,846,194,2026-04-06 14:29:57,,
5130724,846,194,2026-04-06 14:29:57,,
5130725,846,194,2026-04-06 14:29:57,,
5130726,846,194,2026-04-06 14:29:57,,
5130727,846,194,2026-04-06 14:29:57,,
5130728,846,194,2026-04-06 14:29:57,,
5130729,846,194,2026-04-06 14:29:57,,
5130730,846,194,2026-04-06 14:29:57,,
5130731,846,194,2026-04-06 14:29:57,,
5130732,846,194,2026-04-06 14:29:57,,
5130733,846,194,2026-04-06 14:29:57,,
5130734,846,194,2026-04-06 14:29:57,,
5130735,846,194,2026-04-06 14:29:57,,
5130736,846,194,2026-04-06 14:29:57,,
5130737,846,194,2026-04-06 14:29:57,,
5130738,846,194,2026-04-06 14:29:57,,
5130739,846,194,2026-04-06 14:29:57,,
5130740,846,194,2026-04-06 14:29:57,,
5130741,846,194,2026-04-06 14:29:57,,
5130742,846,194,2026-04-06 14:29:57,,
5130743,846,194,2026-04-06 14:29:57,,
5130744,846,194,2026-04-06 14:29:57,,
5130745,846,194,2026-04-06 14:29:57,,
5130746,846,194,2026-04-06 14:29:57,,
5130747,846,194,2026-04-06 14:29:57,,
5130748,846,194,2026-04-06 14:29:57,,
5130749,846,194,2026-04-06 14:29:57,,
5130750,846,194,2026-04-06 14:29:57,,
5130751,846,194,2026-04-06 14:29:57,,
5130752,846,194,2026-04-06 14:29:57,,
5130753,846,194,2026-04-06 14:29:57,,
5130754,846,194,2026-04-06 14:29:57,,
5130755,846,194,2026-04-06 14:29:57,,
5130756,846,194,2026-04-06 14:29:57,,
5130757,846,194,2026-04-06 14:29:57,,
5130758,846,194,2026-04-06 14:29:57,,
5130759,846,194,2026-04-06 14:29:57,,
5130760,846,194,2026-04-06 14:29:57,,
5130761,846,194,2026-04-06 14:29:57,,
5130762,846,194,2026-04-06 14:29:57,,
5130763,846,194,2026-04-06 14:29:57,,
5130764,846,194,2026-04-06 14:29:57,,
5130765,846,194,2026-04-06 14:29:57,,
5130766,846,194,2026-04-06 14:29:57,,
5130767,846,194,2026-04-06 14:29:57,,
5130768,846,194,2026-04-06 14:29:57,,
5130769,846,194,2026-04-06 14:29:57,,
5130770,846,194,2026-04-06 14:29:57,,
5130771,846,194,2026-04-06 14:29:57,,
5130772,846,194,2026-04-06 14:29:57,,
5130773,846,194,2026-04-06 14:29:57,,
5130774,846,194,2026-04-06 14:29:57,,
5130775,846,194,2026-04-06 14:29:57,,
5130776,846,194,2026-04-06 14:29:57,,
5130777,846,194,2026-04-06 14:29:57,,
5130778,846,194,2026-04-06 14:29:57,,
5130779,846,194,2026-04-06 14:29:57,,
5130780,846,194,2026-04-06 14:29:57,,
5130781,846,194,2026-04-06 14:29:57,,
5130782,846,194,2026-04-06 14:29:57,,
5130783,846,194,2026-04-06 14:29:57,,
5130784,846,194,2026-04-06 14:29:57,,
5130785,846,194,2026-04-06 14:29:57,,
5130786,846,194,2026-04-06 14:29:57,,
5130787,846,194,2026-04-06 14:29:57,,
5130788,846,194,2026-04-06 14:29:57,,
5130789,846,194,2026-04-06 14:29:57,,
5130790,846,194,2026-04-06 14:29:57,,
5130791,846,194,2026-04-06 14:29:57,,
5130792,846,194,2026-04-06 14:29:57,,
5130793,846,194,2026-04-06 14:29:57,,
5130794,846,194,2026-04-06 14:29:57,,
5130795,846,194,2026-04-06 14:29:57,,
5130796,846,194,2026-04-06 14:29:57,,
5130797,846,194,2026-04-06 14:29:57,,
5130798,846,194,2026-04-06 14:29:57,,
5130799,846,194,2026-04-06 14:29:57,,
5130800,846,194,2026-04-06 14:29:57,,
5130801,846,194,2026-04-06 14:29:57,,
5130802,846,194,2026-04-06 14:29:57,,
5130803,846,194,2026-04-06 14:29:57,,
5130804,846,194,2026-04-06 14:29:57,,
5130805,846,194,2026-04-06 14:29:57,,
5130806,846,194,2026-04-06 14:29:57,,
5130807,846,194,2026-04-06 14:29:57,,
5130808,846,194,2026-04-06 14:29:57,,
5130809,846,194,2026-04-06 14:29:57,,
5130810,846,194,2026-04-06 14:29:57,,
5130811,846,194,2026-04-06 14:29:57,,
5130812,846,194,2026-04-06 14:29:57,,
5130813,846,194,2026-04-06 14:29:57,,
5130814,846,194,2026-04-06 14:29:57,,
5130815,846,194,2026-04-06 14:29:57,,
5130816,846,194,2026-04-06 14:29:57,,
5130817,846,194,2026-04-06 14:29:57,,
5130818,846,194,2026-04-06 14:29:57,,
5130819,846,194,2026-04-06 14:29:57,,
5130820,846,194,2026-04-06 14:29:57,,
5130821,846,194,2026-04-06 14:29:57,,
5130822,846,194,2026-04-06 14:29:57,,
5130823,846,194,2026-04-06 14:29:57,,
5130824,846,194,2026-04-06 14:29:57,,
5130825,846,194,2026-04-06 14:29:57,,
5130826,846,194,2026-04-06 14:29:57,,
5130827,846,194,2026-04-06 14:29:57,,
5130828,846,194,2026-04-06 14:29:57,,
5130829,846,194,2026-04-06 14:29:57,,
5130830,846,194,2026-04-06 14:29:57,,
5130831,846,194,2026-04-06 14:29:57,,
5130832,846,194,2026-04-06 14:29:57,,
5130833,846,194,2026-04-06 14:29:57,,
5130834,846,194,2026-04-06 14:29:57,,
5130835,846,194,2026-04-06 14:29:57,,
5130836,846,194,2026-04-06 14:29:57,,
5130837,846,194,2026-04-06 14:29:57,,
5130838,846,194,2026-04-06 14:29:57,,
5130839,846,194,2026-04-06 14:29:57,,
5130840,846,194,2026-04-06 14:29:57,,
5130841,846,194,2026-04-06 14:29:57,,
5130842,846,194,2026-04-06 14:29:57,,
5130843,846,194,2026-04-06 14:29:57,,
5130844,846,194,2026-04-06 14:29:57,,
5130845,846,194,2026-04-06 14:29:57,,
5130846,846,194,2026-04-06 14:29:57,,
5130847,846,194,2026-04-06 14:29:57,,
5130848,846,194,2026-04-06 14:29:57,,
5130849,846,194,2026-04-06 14:29:57,,
5130850,846,194,2026-04-06 14:29:57,,
5130851,846,194,2026-04-06 14:29:57,,
5130852,846,194,2026-04-06 14:29:57,,
5130853,846,194,2026-04-06 14:29:57,,
5130854,846,194,2026-04-06 14:29:57,,
5130855,846,194,2026-04-06 14:29:57,,
5130856,846,194,2026-04-06 14:29:57,,
5130857,846,194,2026-04-06 14:29:57,,
5130858,846,194,2026-04-06 14:29:57,,
5130859,846,194,2026-04-06 14:29:57,,
5130860,846,194,2026-04-06 14:29:57,,
5130861,846,194,2026-04-06 14:29:57,,
5130862,846,194,2026-04-06 14:29:57,,
5130863,846,194,2026-04-06 14:29:57,,
5130864,846,194,2026-04-06 14:29:57,,
5130865,846,194,2026-04-06 14:29:57,,
5130866,846,194,2026-04-06 14:29:57,,
5130867,846,194,2026-04-06 14:29:57,,
5130868,846,194,2026-04-06 14:29:57,,
5130869,846,194,2026-04-06 14:29:57,,
5130870,846,194,2026-04-06 14:29:57,,
5130871,846,194,2026-04-06 14:29:57,,
5130872,846,194,2026-04-06 14:29:57,,
5130873,846,194,2026-04-06 14:29:57,,
5130874,846,194,2026-04-06 14:29:57,,
